{
    "type": "FeatureCollection",
    "features": [
        {
            "type": "Feature",
            "properties": {
                "adcode": 120113,
                "name": "北辰区",
                "center": [
                    117.13482,
                    39.225555
                ],
                "centroid": [
                    117.173477,
                    39.253486
                ],
                "childrenNum": 0,
                "level": "district",
                "acroutes": [
                    100000,
                    120000
                ],
                "parent": {
                    "adcode": 120000
                }
            },
            "geometry": {
                "type": "MultiPolygon",
                "coordinates": [
                    [
                        [
                            [
                                117.14176,
                                39.191126
                            ],
                            [
                                117.144026,
                                39.191901
                            ],
                            [
                                117.144784,
                                39.190401
                            ],
                            [
                                117.145491,
                                39.189622
                            ],
                            [
                                117.146868,
                                39.189156
                            ],
                            [
                                117.148567,
                                39.189098
                            ],
                            [
                                117.154963,
                                39.189952
                            ],
                            [
                                117.159298,
                                39.190347
                            ],
                            [
                                117.160656,
                                39.189989
                            ],
                            [
                                117.161105,
                                39.189428
                            ],
                            [
                                117.161602,
                                39.187773
                            ],
                            [
                                117.162571,
                                39.186694
                            ],
                            [
                                117.163933,
                                39.185753
                            ],
                            [
                                117.167552,
                                39.184001
                            ],
                            [
                                117.168905,
                                39.185426
                            ],
                            [
                                117.16979,
                                39.185803
                            ],
                            [
                                117.17178,
                                39.186308
                            ],
                            [
                                117.177117,
                                39.187427
                            ],
                            [
                                117.1812,
                                39.188384
                            ],
                            [
                                117.180479,
                                39.189419
                            ],
                            [
                                117.181771,
                                39.190329
                            ],
                            [
                                117.182656,
                                39.190351
                            ],
                            [
                                117.183513,
                                39.189105
                            ],
                            [
                                117.188597,
                                39.190233
                            ],
                            [
                                117.18996,
                                39.190838
                            ],
                            [
                                117.191917,
                                39.191925
                            ],
                            [
                                117.197263,
                                39.186103
                            ],
                            [
                                117.199955,
                                39.187383
                            ],
                            [
                                117.206702,
                                39.190882
                            ],
                            [
                                117.209956,
                                39.192613
                            ],
                            [
                                117.21077,
                                39.192926
                            ],
                            [
                                117.211885,
                                39.191553
                            ],
                            [
                                117.212699,
                                39.190726
                            ],
                            [
                                117.213809,
                                39.189856
                            ],
                            [
                                117.216117,
                                39.191281
                            ],
                            [
                                117.219984,
                                39.186447
                            ],
                            [
                                117.221941,
                                39.184697
                            ],
                            [
                                117.223234,
                                39.185772
                            ],
                            [
                                117.223978,
                                39.184968
                            ],
                            [
                                117.224708,
                                39.185532
                            ],
                            [
                                117.229662,
                                39.189991
                            ],
                            [
                                117.232279,
                                39.192073
                            ],
                            [
                                117.23498,
                                39.19434
                            ],
                            [
                                117.23911,
                                39.197681
                            ],
                            [
                                117.240767,
                                39.199292
                            ],
                            [
                                117.244021,
                                39.201949
                            ],
                            [
                                117.244803,
                                39.202674
                            ],
                            [
                                117.247008,
                                39.204475
                            ],
                            [
                                117.254373,
                                39.208277
                            ],
                            [
                                117.259733,
                                39.210928
                            ],
                            [
                                117.264986,
                                39.213044
                            ],
                            [
                                117.272529,
                                39.215752
                            ],
                            [
                                117.278798,
                                39.217278
                            ],
                            [
                                117.281588,
                                39.217874
                            ],
                            [
                                117.28546,
                                39.218547
                            ],
                            [
                                117.291476,
                                39.21934
                            ],
                            [
                                117.292623,
                                39.219963
                            ],
                            [
                                117.297904,
                                39.223253
                            ],
                            [
                                117.2976,
                                39.227716
                            ],
                            [
                                117.295053,
                                39.240355
                            ],
                            [
                                117.292544,
                                39.239974
                            ],
                            [
                                117.291504,
                                39.242865
                            ],
                            [
                                117.292525,
                                39.243093
                            ],
                            [
                                117.292469,
                                39.243695
                            ],
                            [
                                117.283686,
                                39.242019
                            ],
                            [
                                117.283002,
                                39.244337
                            ],
                            [
                                117.284229,
                                39.24479
                            ],
                            [
                                117.286551,
                                39.246139
                            ],
                            [
                                117.290315,
                                39.248509
                            ],
                            [
                                117.293401,
                                39.247106
                            ],
                            [
                                117.299267,
                                39.244368
                            ],
                            [
                                117.305719,
                                39.242625
                            ],
                            [
                                117.321389,
                                39.238668
                            ],
                            [
                                117.32453,
                                39.237923
                            ],
                            [
                                117.324966,
                                39.236691
                            ],
                            [
                                117.325696,
                                39.235321
                            ],
                            [
                                117.326792,
                                39.234603
                            ],
                            [
                                117.333571,
                                39.235814
                            ],
                            [
                                117.334006,
                                39.235706
                            ],
                            [
                                117.340954,
                                39.234845
                            ],
                            [
                                117.345116,
                                39.234532
                            ],
                            [
                                117.347977,
                                39.234183
                            ],
                            [
                                117.350416,
                                39.234203
                            ],
                            [
                                117.352958,
                                39.234369
                            ],
                            [
                                117.356517,
                                39.233932
                            ],
                            [
                                117.360005,
                                39.233694
                            ],
                            [
                                117.364804,
                                39.233794
                            ],
                            [
                                117.368287,
                                39.23344
                            ],
                            [
                                117.373362,
                                39.232295
                            ],
                            [
                                117.379032,
                                39.231248
                            ],
                            [
                                117.382777,
                                39.23073
                            ],
                            [
                                117.385076,
                                39.23048
                            ],
                            [
                                117.386406,
                                39.23049
                            ],
                            [
                                117.384734,
                                39.232705
                            ],
                            [
                                117.384622,
                                39.233589
                            ],
                            [
                                117.388597,
                                39.236025
                            ],
                            [
                                117.391247,
                                39.237016
                            ],
                            [
                                117.395914,
                                39.237685
                            ],
                            [
                                117.395746,
                                39.239777
                            ],
                            [
                                117.403148,
                                39.240311
                            ],
                            [
                                117.402038,
                                39.241292
                            ],
                            [
                                117.401327,
                                39.242429
                            ],
                            [
                                117.400629,
                                39.245252
                            ],
                            [
                                117.399908,
                                39.24638
                            ],
                            [
                                117.398466,
                                39.247178
                            ],
                            [
                                117.396706,
                                39.247725
                            ],
                            [
                                117.394913,
                                39.247354
                            ],
                            [
                                117.393906,
                                39.248062
                            ],
                            [
                                117.393995,
                                39.257273
                            ],
                            [
                                117.4004,
                                39.259139
                            ],
                            [
                                117.405035,
                                39.269939
                            ],
                            [
                                117.406018,
                                39.271956
                            ],
                            [
                                117.407113,
                                39.27448
                            ],
                            [
                                117.405774,
                                39.279807
                            ],
                            [
                                117.405456,
                                39.282552
                            ],
                            [
                                117.401514,
                                39.287615
                            ],
                            [
                                117.397239,
                                39.284052
                            ],
                            [
                                117.390863,
                                39.282283
                            ],
                            [
                                117.388438,
                                39.281211
                            ],
                            [
                                117.386808,
                                39.281594
                            ],
                            [
                                117.385151,
                                39.282736
                            ],
                            [
                                117.384065,
                                39.280045
                            ],
                            [
                                117.383376,
                                39.280293
                            ],
                            [
                                117.382229,
                                39.281087
                            ],
                            [
                                117.380586,
                                39.282479
                            ],
                            [
                                117.379004,
                                39.283607
                            ],
                            [
                                117.3753,
                                39.287202
                            ],
                            [
                                117.369045,
                                39.291597
                            ],
                            [
                                117.364635,
                                39.287373
                            ],
                            [
                                117.356203,
                                39.293204
                            ],
                            [
                                117.359246,
                                39.294897
                            ],
                            [
                                117.362425,
                                39.29602
                            ],
                            [
                                117.357664,
                                39.298998
                            ],
                            [
                                117.352163,
                                39.302745
                            ],
                            [
                                117.343141,
                                39.310398
                            ],
                            [
                                117.337728,
                                39.305998
                            ],
                            [
                                117.332494,
                                39.309644
                            ],
                            [
                                117.3383,
                                39.313572
                            ],
                            [
                                117.336876,
                                39.31522
                            ],
                            [
                                117.338693,
                                39.317112
                            ],
                            [
                                117.337611,
                                39.3183
                            ],
                            [
                                117.339086,
                                39.318941
                            ],
                            [
                                117.334709,
                                39.323427
                            ],
                            [
                                117.331956,
                                39.320833
                            ],
                            [
                                117.327611,
                                39.325145
                            ],
                            [
                                117.324202,
                                39.329647
                            ],
                            [
                                117.323041,
                                39.329249
                            ],
                            [
                                117.321791,
                                39.327671
                            ],
                            [
                                117.318289,
                                39.325402
                            ],
                            [
                                117.317924,
                                39.32529
                            ],
                            [
                                117.31777,
                                39.325945
                            ],
                            [
                                117.31674,
                                39.328821
                            ],
                            [
                                117.315419,
                                39.328455
                            ],
                            [
                                117.309015,
                                39.327802
                            ],
                            [
                                117.306505,
                                39.327128
                            ],
                            [
                                117.306299,
                                39.3269
                            ],
                            [
                                117.304698,
                                39.326274
                            ],
                            [
                                117.303982,
                                39.326437
                            ],
                            [
                                117.301903,
                                39.329873
                            ],
                            [
                                117.30268,
                                39.330846
                            ],
                            [
                                117.306177,
                                39.331969
                            ],
                            [
                                117.304829,
                                39.336929
                            ],
                            [
                                117.301819,
                                39.337434
                            ],
                            [
                                117.297806,
                                39.336927
                            ],
                            [
                                117.296355,
                                39.337268
                            ],
                            [
                                117.294061,
                                39.340536
                            ],
                            [
                                117.292057,
                                39.347598
                            ],
                            [
                                117.290058,
                                39.348309
                            ],
                            [
                                117.285526,
                                39.34885
                            ],
                            [
                                117.279556,
                                39.347732
                            ],
                            [
                                117.276504,
                                39.35014
                            ],
                            [
                                117.274659,
                                39.353196
                            ],
                            [
                                117.275614,
                                39.353917
                            ],
                            [
                                117.27486,
                                39.354173
                            ],
                            [
                                117.27391,
                                39.35409
                            ],
                            [
                                117.273919,
                                39.353196
                            ],
                            [
                                117.274252,
                                39.352156
                            ],
                            [
                                117.269411,
                                39.351291
                            ],
                            [
                                117.267795,
                                39.349133
                            ],
                            [
                                117.268751,
                                39.345415
                            ],
                            [
                                117.265108,
                                39.344862
                            ],
                            [
                                117.264762,
                                39.345835
                            ],
                            [
                                117.263666,
                                39.348071
                            ],
                            [
                                117.260571,
                                39.347232
                            ],
                            [
                                117.254513,
                                39.348507
                            ],
                            [
                                117.253619,
                                39.34916
                            ],
                            [
                                117.250945,
                                39.353809
                            ],
                            [
                                117.247724,
                                39.354068
                            ],
                            [
                                117.246193,
                                39.354564
                            ],
                            [
                                117.243394,
                                39.355215
                            ],
                            [
                                117.238557,
                                39.357506
                            ],
                            [
                                117.235636,
                                39.356566
                            ],
                            [
                                117.234742,
                                39.356076
                            ],
                            [
                                117.234695,
                                39.355533
                            ],
                            [
                                117.233065,
                                39.35544
                            ],
                            [
                                117.233688,
                                39.353359
                            ],
                            [
                                117.230144,
                                39.3529
                            ],
                            [
                                117.229067,
                                39.35469
                            ],
                            [
                                117.222676,
                                39.356136
                            ],
                            [
                                117.212053,
                                39.352675
                            ],
                            [
                                117.209914,
                                39.352037
                            ],
                            [
                                117.204937,
                                39.350106
                            ],
                            [
                                117.205672,
                                39.346945
                            ],
                            [
                                117.204909,
                                39.346312
                            ],
                            [
                                117.199323,
                                39.346234
                            ],
                            [
                                117.198481,
                                39.349623
                            ],
                            [
                                117.197249,
                                39.349815
                            ],
                            [
                                117.195428,
                                39.349408
                            ],
                            [
                                117.19576,
                                39.345473
                            ],
                            [
                                117.195437,
                                39.34506
                            ],
                            [
                                117.192755,
                                39.344868
                            ],
                            [
                                117.191392,
                                39.343764
                            ],
                            [
                                117.192919,
                                39.340296
                            ],
                            [
                                117.193265,
                                39.337969
                            ],
                            [
                                117.193157,
                                39.337452
                            ],
                            [
                                117.191565,
                                39.337231
                            ],
                            [
                                117.192656,
                                39.333562
                            ],
                            [
                                117.189023,
                                39.333201
                            ],
                            [
                                117.18687,
                                39.334271
                            ],
                            [
                                117.184224,
                                39.33362
                            ],
                            [
                                117.183541,
                                39.332043
                            ],
                            [
                                117.183686,
                                39.331024
                            ],
                            [
                                117.180404,
                                39.329633
                            ],
                            [
                                117.17972,
                                39.328969
                            ],
                            [
                                117.179711,
                                39.326782
                            ],
                            [
                                117.175923,
                                39.326332
                            ],
                            [
                                117.172997,
                                39.326228
                            ],
                            [
                                117.172529,
                                39.329122
                            ],
                            [
                                117.168203,
                                39.329021
                            ],
                            [
                                117.16751,
                                39.332099
                            ],
                            [
                                117.164017,
                                39.331297
                            ],
                            [
                                117.160623,
                                39.329939
                            ],
                            [
                                117.160787,
                                39.328808
                            ],
                            [
                                117.159392,
                                39.32855
                            ],
                            [
                                117.159659,
                                39.326702
                            ],
                            [
                                117.164443,
                                39.327558
                            ],
                            [
                                117.165328,
                                39.321788
                            ],
                            [
                                117.160796,
                                39.319148
                            ],
                            [
                                117.160033,
                                39.324389
                            ],
                            [
                                117.157528,
                                39.323847
                            ],
                            [
                                117.155501,
                                39.323243
                            ],
                            [
                                117.15604,
                                39.318166
                            ],
                            [
                                117.157664,
                                39.315919
                            ],
                            [
                                117.155894,
                                39.312528
                            ],
                            [
                                117.153053,
                                39.310202
                            ],
                            [
                                117.147064,
                                39.308211
                            ],
                            [
                                117.146231,
                                39.308049
                            ],
                            [
                                117.146709,
                                39.306139
                            ],
                            [
                                117.14066,
                                39.304962
                            ],
                            [
                                117.137443,
                                39.304995
                            ],
                            [
                                117.134545,
                                39.305903
                            ],
                            [
                                117.130111,
                                39.308622
                            ],
                            [
                                117.129278,
                                39.309036
                            ],
                            [
                                117.127977,
                                39.311289
                            ],
                            [
                                117.12726,
                                39.311635
                            ],
                            [
                                117.125078,
                                39.311533
                            ],
                            [
                                117.121455,
                                39.31087
                            ],
                            [
                                117.119999,
                                39.310766
                            ],
                            [
                                117.119278,
                                39.310994
                            ],
                            [
                                117.117695,
                                39.312912
                            ],
                            [
                                117.117255,
                                39.312912
                            ],
                            [
                                117.115223,
                                39.312251
                            ],
                            [
                                117.114493,
                                39.312133
                            ],
                            [
                                117.111595,
                                39.312716
                            ],
                            [
                                117.110143,
                                39.312834
                            ],
                            [
                                117.107966,
                                39.312834
                            ],
                            [
                                117.107245,
                                39.312952
                            ],
                            [
                                117.105064,
                                39.312846
                            ],
                            [
                                117.102156,
                                39.312408
                            ],
                            [
                                117.100695,
                                39.311957
                            ],
                            [
                                117.097357,
                                39.311626
                            ],
                            [
                                117.093874,
                                39.311068
                            ],
                            [
                                117.092699,
                                39.310624
                            ],
                            [
                                117.089066,
                                39.309511
                            ],
                            [
                                117.087614,
                                39.309284
                            ],
                            [
                                117.083972,
                                39.308391
                            ],
                            [
                                117.08179,
                                39.308167
                            ],
                            [
                                117.08106,
                                39.307942
                            ],
                            [
                                117.079604,
                                39.30783
                            ],
                            [
                                117.080123,
                                39.306052
                            ],
                            [
                                117.081673,
                                39.305167
                            ],
                            [
                                117.083911,
                                39.303283
                            ],
                            [
                                117.085798,
                                39.301608
                            ],
                            [
                                117.087188,
                                39.300529
                            ],
                            [
                                117.088307,
                                39.300088
                            ],
                            [
                                117.088916,
                                39.300076
                            ],
                            [
                                117.088846,
                                39.299749
                            ],
                            [
                                117.082984,
                                39.297172
                            ],
                            [
                                117.079674,
                                39.296366
                            ],
                            [
                                117.078934,
                                39.295791
                            ],
                            [
                                117.075095,
                                39.293899
                            ],
                            [
                                117.074898,
                                39.292283
                            ],
                            [
                                117.076574,
                                39.289775
                            ],
                            [
                                117.069856,
                                39.287686
                            ],
                            [
                                117.07104,
                                39.284579
                            ],
                            [
                                117.07524,
                                39.285241
                            ],
                            [
                                117.075591,
                                39.283977
                            ],
                            [
                                117.075615,
                                39.283081
                            ],
                            [
                                117.064214,
                                39.281288
                            ],
                            [
                                117.061143,
                                39.280258
                            ],
                            [
                                117.060394,
                                39.280961
                            ],
                            [
                                117.055309,
                                39.280566
                            ],
                            [
                                117.053591,
                                39.281098
                            ],
                            [
                                117.051414,
                                39.286232
                            ],
                            [
                                117.048352,
                                39.291226
                            ],
                            [
                                117.040519,
                                39.289775
                            ],
                            [
                                117.035374,
                                39.289001
                            ],
                            [
                                117.037237,
                                39.292201
                            ],
                            [
                                117.035,
                                39.291632
                            ],
                            [
                                117.033534,
                                39.291177
                            ],
                            [
                                117.029901,
                                39.29061
                            ],
                            [
                                117.029161,
                                39.290383
                            ],
                            [
                                117.024208,
                                39.289591
                            ],
                            [
                                117.021146,
                                39.2888
                            ],
                            [
                                117.020275,
                                39.288798
                            ],
                            [
                                117.017354,
                                39.288242
                            ],
                            [
                                117.016642,
                                39.287775
                            ],
                            [
                                117.017709,
                                39.281013
                            ],
                            [
                                117.015795,
                                39.280918
                            ],
                            [
                                117.019648,
                                39.273022
                            ],
                            [
                                117.016839,
                                39.27255
                            ],
                            [
                                117.017639,
                                39.268237
                            ],
                            [
                                117.018304,
                                39.26839
                            ],
                            [
                                117.019437,
                                39.269039
                            ],
                            [
                                117.022087,
                                39.269734
                            ],
                            [
                                117.023988,
                                39.270421
                            ],
                            [
                                117.024138,
                                39.270649
                            ],
                            [
                                117.025069,
                                39.265084
                            ],
                            [
                                117.025392,
                                39.262613
                            ],
                            [
                                117.023623,
                                39.262795
                            ],
                            [
                                117.023646,
                                39.261997
                            ],
                            [
                                117.023271,
                                39.258568
                            ],
                            [
                                117.023009,
                                39.256896
                            ],
                            [
                                117.011501,
                                39.256706
                            ],
                            [
                                117.010766,
                                39.248795
                            ],
                            [
                                117.008561,
                                39.249037
                            ],
                            [
                                117.008744,
                                39.245579
                            ],
                            [
                                117.007508,
                                39.244387
                            ],
                            [
                                117.005794,
                                39.244337
                            ],
                            [
                                117.005813,
                                39.243012
                            ],
                            [
                                116.996178,
                                39.243283
                            ],
                            [
                                116.995883,
                                39.244656
                            ],
                            [
                                116.990091,
                                39.245407
                            ],
                            [
                                116.990077,
                                39.243027
                            ],
                            [
                                116.989384,
                                39.239554
                            ],
                            [
                                116.988996,
                                39.238941
                            ],
                            [
                                116.987118,
                                39.236952
                            ],
                            [
                                116.985199,
                                39.235957
                            ],
                            [
                                116.980727,
                                39.231361
                            ],
                            [
                                116.97996,
                                39.230763
                            ],
                            [
                                116.977328,
                                39.231986
                            ],
                            [
                                116.968878,
                                39.22966
                            ],
                            [
                                116.967693,
                                39.229411
                            ],
                            [
                                116.968054,
                                39.226526
                            ],
                            [
                                116.969669,
                                39.225878
                            ],
                            [
                                116.970207,
                                39.219677
                            ],
                            [
                                116.97208,
                                39.216547
                            ],
                            [
                                116.971322,
                                39.214748
                            ],
                            [
                                116.968143,
                                39.213845
                            ],
                            [
                                116.971191,
                                39.20888
                            ],
                            [
                                116.967202,
                                39.207919
                            ],
                            [
                                116.966214,
                                39.205697
                            ],
                            [
                                116.968194,
                                39.203504
                            ],
                            [
                                116.966303,
                                39.202775
                            ],
                            [
                                116.965057,
                                39.198298
                            ],
                            [
                                116.965319,
                                39.196548
                            ],
                            [
                                116.964322,
                                39.192249
                            ],
                            [
                                116.96576,
                                39.188846
                            ],
                            [
                                116.964617,
                                39.187775
                            ],
                            [
                                116.961822,
                                39.187369
                            ],
                            [
                                116.959228,
                                39.187595
                            ],
                            [
                                116.957955,
                                39.191051
                            ],
                            [
                                116.957501,
                                39.191037
                            ],
                            [
                                116.957843,
                                39.189658
                            ],
                            [
                                116.955497,
                                39.189643
                            ],
                            [
                                116.950464,
                                39.18881
                            ],
                            [
                                116.941395,
                                39.188587
                            ],
                            [
                                116.940988,
                                39.18571
                            ],
                            [
                                116.940684,
                                39.184771
                            ],
                            [
                                116.939813,
                                39.182926
                            ],
                            [
                                116.938933,
                                39.180825
                            ],
                            [
                                116.939438,
                                39.178369
                            ],
                            [
                                116.940421,
                                39.17443
                            ],
                            [
                                116.9422,
                                39.174549
                            ],
                            [
                                116.943605,
                                39.174248
                            ],
                            [
                                116.944443,
                                39.1739
                            ],
                            [
                                116.942229,
                                39.17228
                            ],
                            [
                                116.941901,
                                39.172448
                            ],
                            [
                                116.940749,
                                39.171549
                            ],
                            [
                                116.940815,
                                39.171288
                            ],
                            [
                                116.949064,
                                39.166137
                            ],
                            [
                                116.949958,
                                39.167391
                            ],
                            [
                                116.950881,
                                39.167382
                            ],
                            [
                                116.953816,
                                39.170376
                            ],
                            [
                                116.95582,
                                39.169643
                            ],
                            [
                                116.956855,
                                39.169027
                            ],
                            [
                                116.95802,
                                39.168901
                            ],
                            [
                                116.960783,
                                39.174399
                            ],
                            [
                                116.960872,
                                39.175069
                            ],
                            [
                                116.95913,
                                39.174934
                            ],
                            [
                                116.959139,
                                39.176836
                            ],
                            [
                                116.962201,
                                39.177159
                            ],
                            [
                                116.962398,
                                39.177109
                            ],
                            [
                                116.967258,
                                39.1742
                            ],
                            [
                                116.967979,
                                39.168406
                            ],
                            [
                                116.971865,
                                39.16934
                            ],
                            [
                                116.972478,
                                39.167761
                            ],
                            [
                                116.973382,
                                39.167652
                            ],
                            [
                                116.986177,
                                39.170455
                            ],
                            [
                                116.992306,
                                39.171422
                            ],
                            [
                                116.992933,
                                39.168884
                            ],
                            [
                                116.9935,
                                39.168528
                            ],
                            [
                                117.00078,
                                39.170848
                            ],
                            [
                                117.004258,
                                39.170666
                            ],
                            [
                                117.007999,
                                39.160885
                            ],
                            [
                                117.011656,
                                39.16179
                            ],
                            [
                                117.012911,
                                39.155497
                            ],
                            [
                                117.010659,
                                39.154896
                            ],
                            [
                                117.011525,
                                39.153056
                            ],
                            [
                                117.012953,
                                39.150577
                            ],
                            [
                                117.015308,
                                39.151678
                            ],
                            [
                                117.025533,
                                39.154904
                            ],
                            [
                                117.02653,
                                39.155271
                            ],
                            [
                                117.02653,
                                39.157136
                            ],
                            [
                                117.023548,
                                39.157014
                            ],
                            [
                                117.022536,
                                39.160116
                            ],
                            [
                                117.022808,
                                39.163444
                            ],
                            [
                                117.026179,
                                39.163999
                            ],
                            [
                                117.026479,
                                39.164504
                            ],
                            [
                                117.025673,
                                39.170996
                            ],
                            [
                                117.029344,
                                39.171424
                            ],
                            [
                                117.030243,
                                39.168489
                            ],
                            [
                                117.031053,
                                39.162258
                            ],
                            [
                                117.030496,
                                39.16076
                            ],
                            [
                                117.031245,
                                39.158989
                            ],
                            [
                                117.031975,
                                39.15668
                            ],
                            [
                                117.034513,
                                39.157897
                            ],
                            [
                                117.036928,
                                39.15931
                            ],
                            [
                                117.038436,
                                39.159981
                            ],
                            [
                                117.040145,
                                39.160253
                            ],
                            [
                                117.042757,
                                39.160354
                            ],
                            [
                                117.045346,
                                39.159838
                            ],
                            [
                                117.047936,
                                39.160023
                            ],
                            [
                                117.052645,
                                39.161276
                            ],
                            [
                                117.058193,
                                39.16288
                            ],
                            [
                                117.064392,
                                39.165433
                            ],
                            [
                                117.06509,
                                39.164908
                            ],
                            [
                                117.066752,
                                39.164726
                            ],
                            [
                                117.067492,
                                39.159233
                            ],
                            [
                                117.074557,
                                39.159826
                            ],
                            [
                                117.073686,
                                39.165822
                            ],
                            [
                                117.075591,
                                39.166458
                            ],
                            [
                                117.073812,
                                39.169487
                            ],
                            [
                                117.076331,
                                39.170594
                            ],
                            [
                                117.082277,
                                39.17298
                            ],
                            [
                                117.085596,
                                39.174111
                            ],
                            [
                                117.089562,
                                39.174706
                            ],
                            [
                                117.093022,
                                39.175417
                            ],
                            [
                                117.095967,
                                39.175816
                            ],
                            [
                                117.101267,
                                39.176314
                            ],
                            [
                                117.10409,
                                39.176241
                            ],
                            [
                                117.109979,
                                39.175557
                            ],
                            [
                                117.116932,
                                39.174905
                            ],
                            [
                                117.123786,
                                39.173892
                            ],
                            [
                                117.12822,
                                39.172382
                            ],
                            [
                                117.129896,
                                39.171905
                            ],
                            [
                                117.130364,
                                39.173952
                            ],
                            [
                                117.130505,
                                39.176691
                            ],
                            [
                                117.131137,
                                39.178866
                            ],
                            [
                                117.13323,
                                39.183216
                            ],
                            [
                                117.134311,
                                39.185351
                            ],
                            [
                                117.13036,
                                39.189871
                            ],
                            [
                                117.129264,
                                39.190685
                            ],
                            [
                                117.1277,
                                39.192706
                            ],
                            [
                                117.127223,
                                39.193164
                            ],
                            [
                                117.125945,
                                39.194941
                            ],
                            [
                                117.128576,
                                39.195658
                            ],
                            [
                                117.125659,
                                39.199601
                            ],
                            [
                                117.126305,
                                39.199891
                            ],
                            [
                                117.125617,
                                39.200878
                            ],
                            [
                                117.132036,
                                39.203467
                            ],
                            [
                                117.13285,
                                39.202303
                            ],
                            [
                                117.133829,
                                39.202659
                            ],
                            [
                                117.135908,
                                39.200031
                            ],
                            [
                                117.138192,
                                39.20103
                            ],
                            [
                                117.138646,
                                39.199849
                            ],
                            [
                                117.139545,
                                39.200147
                            ],
                            [
                                117.141212,
                                39.197741
                            ],
                            [
                                117.138787,
                                39.196467
                            ],
                            [
                                117.140599,
                                39.194444
                            ],
                            [
                                117.140772,
                                39.193228
                            ],
                            [
                                117.14176,
                                39.191126
                            ]
                        ]
                    ],
                    [
                        [
                            [
                                117.13036,
                                39.189871
                            ],
                            [
                                117.134311,
                                39.185351
                            ],
                            [
                                117.135233,
                                39.186462
                            ],
                            [
                                117.136774,
                                39.187824
                            ],
                            [
                                117.138014,
                                39.188574
                            ],
                            [
                                117.139246,
                                39.18961
                            ],
                            [
                                117.14176,
                                39.191126
                            ],
                            [
                                117.140772,
                                39.193228
                            ],
                            [
                                117.136413,
                                39.192847
                            ],
                            [
                                117.135856,
                                39.192684
                            ],
                            [
                                117.136057,
                                39.192307
                            ],
                            [
                                117.133323,
                                39.191035
                            ],
                            [
                                117.133173,
                                39.191312
                            ],
                            [
                                117.13036,
                                39.189871
                            ]
                        ]
                    ]
                ]
            }
        }
    ]
}