{
    "type": "FeatureCollection",
    "features": [
        {
            "type": "Feature",
            "properties": {
                "adcode": 130127,
                "name": "高邑县",
                "center": [
                    114.610699,
                    37.605714
                ],
                "centroid": [
                    114.598306,
                    37.616239
                ],
                "childrenNum": 0,
                "level": "district",
                "acroutes": [
                    100000,
                    130000,
                    130100
                ],
                "parent": {
                    "adcode": 130100
                }
            },
            "geometry": {
                "type": "MultiPolygon",
                "coordinates": [
                    [
                        [
                            [
                                114.725981,
                                37.630678
                            ],
                            [
                                114.723282,
                                37.634732
                            ],
                            [
                                114.708463,
                                37.632776
                            ],
                            [
                                114.704559,
                                37.63291
                            ],
                            [
                                114.70025,
                                37.633861
                            ],
                            [
                                114.700114,
                                37.637011
                            ],
                            [
                                114.697276,
                                37.637424
                            ],
                            [
                                114.69639,
                                37.639319
                            ],
                            [
                                114.696983,
                                37.640035
                            ],
                            [
                                114.699284,
                                37.638696
                            ],
                            [
                                114.7004,
                                37.638926
                            ],
                            [
                                114.702785,
                                37.638993
                            ],
                            [
                                114.705276,
                                37.640652
                            ],
                            [
                                114.70551,
                                37.643688
                            ],
                            [
                                114.707476,
                                37.643575
                            ],
                            [
                                114.709067,
                                37.644555
                            ],
                            [
                                114.709972,
                                37.650351
                            ],
                            [
                                114.711648,
                                37.650453
                            ],
                            [
                                114.712111,
                                37.651374
                            ],
                            [
                                114.708985,
                                37.652877
                            ],
                            [
                                114.708427,
                                37.651774
                            ],
                            [
                                114.707504,
                                37.65206
                            ],
                            [
                                114.706816,
                                37.649208
                            ],
                            [
                                114.70261,
                                37.649531
                            ],
                            [
                                114.699091,
                                37.649696
                            ],
                            [
                                114.698929,
                                37.644931
                            ],
                            [
                                114.692816,
                                37.637654
                            ],
                            [
                                114.690979,
                                37.636514
                            ],
                            [
                                114.691585,
                                37.639051
                            ],
                            [
                                114.68995,
                                37.640185
                            ],
                            [
                                114.687557,
                                37.641107
                            ],
                            [
                                114.685015,
                                37.641132
                            ],
                            [
                                114.685074,
                                37.643017
                            ],
                            [
                                114.683984,
                                37.642938
                            ],
                            [
                                114.682817,
                                37.641991
                            ],
                            [
                                114.680565,
                                37.642087
                            ],
                            [
                                114.677465,
                                37.643122
                            ],
                            [
                                114.674224,
                                37.644944
                            ],
                            [
                                114.671882,
                                37.64946
                            ],
                            [
                                114.671761,
                                37.654024
                            ],
                            [
                                114.669975,
                                37.654215
                            ],
                            [
                                114.665466,
                                37.655163
                            ],
                            [
                                114.66289,
                                37.657632
                            ],
                            [
                                114.654865,
                                37.654854
                            ],
                            [
                                114.652732,
                                37.655089
                            ],
                            [
                                114.65277,
                                37.655985
                            ],
                            [
                                114.652115,
                                37.660775
                            ],
                            [
                                114.649683,
                                37.661501
                            ],
                            [
                                114.648485,
                                37.663139
                            ],
                            [
                                114.648465,
                                37.664999
                            ],
                            [
                                114.649724,
                                37.668501
                            ],
                            [
                                114.649678,
                                37.670702
                            ],
                            [
                                114.64256,
                                37.672493
                            ],
                            [
                                114.640188,
                                37.672817
                            ],
                            [
                                114.640913,
                                37.675588
                            ],
                            [
                                114.636144,
                                37.676063
                            ],
                            [
                                114.637023,
                                37.681953
                            ],
                            [
                                114.638342,
                                37.681929
                            ],
                            [
                                114.64109,
                                37.68775
                            ],
                            [
                                114.639175,
                                37.690068
                            ],
                            [
                                114.637352,
                                37.690575
                            ],
                            [
                                114.637843,
                                37.693522
                            ],
                            [
                                114.639427,
                                37.69426
                            ],
                            [
                                114.636591,
                                37.694434
                            ],
                            [
                                114.635797,
                                37.695047
                            ],
                            [
                                114.626559,
                                37.695939
                            ],
                            [
                                114.620978,
                                37.696749
                            ],
                            [
                                114.620107,
                                37.693838
                            ],
                            [
                                114.615459,
                                37.694177
                            ],
                            [
                                114.611688,
                                37.692725
                            ],
                            [
                                114.610938,
                                37.690507
                            ],
                            [
                                114.606771,
                                37.690997
                            ],
                            [
                                114.606349,
                                37.691738
                            ],
                            [
                                114.604876,
                                37.691994
                            ],
                            [
                                114.598648,
                                37.691195
                            ],
                            [
                                114.597214,
                                37.688821
                            ],
                            [
                                114.591942,
                                37.686864
                            ],
                            [
                                114.591248,
                                37.685821
                            ],
                            [
                                114.591764,
                                37.681049
                            ],
                            [
                                114.591769,
                                37.679604
                            ],
                            [
                                114.590582,
                                37.679569
                            ],
                            [
                                114.590484,
                                37.677466
                            ],
                            [
                                114.587875,
                                37.678222
                            ],
                            [
                                114.578367,
                                37.68311
                            ],
                            [
                                114.57312,
                                37.686325
                            ],
                            [
                                114.572681,
                                37.686206
                            ],
                            [
                                114.572344,
                                37.684912
                            ],
                            [
                                114.57092,
                                37.681037
                            ],
                            [
                                114.570269,
                                37.678149
                            ],
                            [
                                114.568167,
                                37.679408
                            ],
                            [
                                114.567226,
                                37.679117
                            ],
                            [
                                114.564684,
                                37.677448
                            ],
                            [
                                114.56125,
                                37.673816
                            ],
                            [
                                114.559478,
                                37.673607
                            ],
                            [
                                114.553556,
                                37.674108
                            ],
                            [
                                114.550189,
                                37.672236
                            ],
                            [
                                114.548636,
                                37.671143
                            ],
                            [
                                114.54833,
                                37.667865
                            ],
                            [
                                114.541207,
                                37.667629
                            ],
                            [
                                114.538544,
                                37.667848
                            ],
                            [
                                114.538979,
                                37.670122
                            ],
                            [
                                114.538449,
                                37.670666
                            ],
                            [
                                114.530228,
                                37.671318
                            ],
                            [
                                114.529018,
                                37.671966
                            ],
                            [
                                114.525455,
                                37.672686
                            ],
                            [
                                114.524823,
                                37.672581
                            ],
                            [
                                114.52481,
                                37.671663
                            ],
                            [
                                114.523273,
                                37.671782
                            ],
                            [
                                114.523082,
                                37.669774
                            ],
                            [
                                114.52336,
                                37.666823
                            ],
                            [
                                114.523239,
                                37.66087
                            ],
                            [
                                114.521682,
                                37.654708
                            ],
                            [
                                114.519892,
                                37.651188
                            ],
                            [
                                114.516564,
                                37.646887
                            ],
                            [
                                114.512921,
                                37.644306
                            ],
                            [
                                114.507587,
                                37.636028
                            ],
                            [
                                114.50495,
                                37.629482
                            ],
                            [
                                114.503158,
                                37.622641
                            ],
                            [
                                114.501033,
                                37.620439
                            ],
                            [
                                114.489326,
                                37.612836
                            ],
                            [
                                114.478854,
                                37.595012
                            ],
                            [
                                114.471312,
                                37.590656
                            ],
                            [
                                114.468932,
                                37.586569
                            ],
                            [
                                114.469598,
                                37.580199
                            ],
                            [
                                114.473628,
                                37.572977
                            ],
                            [
                                114.483478,
                                37.576834
                            ],
                            [
                                114.495203,
                                37.578539
                            ],
                            [
                                114.501148,
                                37.578239
                            ],
                            [
                                114.519944,
                                37.574631
                            ],
                            [
                                114.530622,
                                37.570371
                            ],
                            [
                                114.539302,
                                37.565867
                            ],
                            [
                                114.550266,
                                37.562528
                            ],
                            [
                                114.565589,
                                37.556942
                            ],
                            [
                                114.576259,
                                37.554296
                            ],
                            [
                                114.585186,
                                37.553011
                            ],
                            [
                                114.59497,
                                37.553109
                            ],
                            [
                                114.603864,
                                37.554579
                            ],
                            [
                                114.624279,
                                37.556638
                            ],
                            [
                                114.632638,
                                37.556733
                            ],
                            [
                                114.646773,
                                37.556214
                            ],
                            [
                                114.660284,
                                37.559353
                            ],
                            [
                                114.674926,
                                37.564108
                            ],
                            [
                                114.68018,
                                37.565269
                            ],
                            [
                                114.687038,
                                37.565166
                            ],
                            [
                                114.687778,
                                37.57274
                            ],
                            [
                                114.694868,
                                37.581299
                            ],
                            [
                                114.698793,
                                37.589365
                            ],
                            [
                                114.7057,
                                37.61006
                            ],
                            [
                                114.707345,
                                37.615803
                            ],
                            [
                                114.714848,
                                37.617195
                            ],
                            [
                                114.717252,
                                37.621409
                            ],
                            [
                                114.716005,
                                37.625983
                            ],
                            [
                                114.71699,
                                37.627133
                            ],
                            [
                                114.725981,
                                37.630678
                            ]
                        ]
                    ]
                ]
            }
        }
    ]
}