{
    "type": "FeatureCollection",
    "features": [
        {
            "type": "Feature",
            "properties": {
                "adcode": 130110,
                "name": "鹿泉区",
                "center": [
                    114.321023,
                    38.093994
                ],
                "centroid": [
                    114.342239,
                    38.076964
                ],
                "childrenNum": 0,
                "level": "district",
                "acroutes": [
                    100000,
                    130000,
                    130100
                ],
                "parent": {
                    "adcode": 130100
                }
            },
            "geometry": {
                "type": "MultiPolygon",
                "coordinates": [
                    [
                        [
                            [
                                114.189312,
                                38.17717
                            ],
                            [
                                114.201888,
                                38.17797
                            ],
                            [
                                114.204719,
                                38.177776
                            ],
                            [
                                114.205952,
                                38.176286
                            ],
                            [
                                114.206394,
                                38.172359
                            ],
                            [
                                114.210244,
                                38.170757
                            ],
                            [
                                114.214111,
                                38.171114
                            ],
                            [
                                114.215991,
                                38.172592
                            ],
                            [
                                114.221273,
                                38.174125
                            ],
                            [
                                114.225183,
                                38.174268
                            ],
                            [
                                114.226057,
                                38.169453
                            ],
                            [
                                114.226762,
                                38.169429
                            ],
                            [
                                114.232136,
                                38.17066
                            ],
                            [
                                114.232608,
                                38.170101
                            ],
                            [
                                114.231536,
                                38.16844
                            ],
                            [
                                114.232395,
                                38.166985
                            ],
                            [
                                114.235586,
                                38.165134
                            ],
                            [
                                114.235616,
                                38.164361
                            ],
                            [
                                114.234371,
                                38.163189
                            ],
                            [
                                114.234819,
                                38.162184
                            ],
                            [
                                114.237533,
                                38.162076
                            ],
                            [
                                114.238719,
                                38.161742
                            ],
                            [
                                114.243932,
                                38.161276
                            ],
                            [
                                114.250112,
                                38.161796
                            ],
                            [
                                114.251514,
                                38.161478
                            ],
                            [
                                114.253149,
                                38.160527
                            ],
                            [
                                114.252969,
                                38.158459
                            ],
                            [
                                114.251082,
                                38.157857
                            ],
                            [
                                114.247998,
                                38.152641
                            ],
                            [
                                114.248539,
                                38.151368
                            ],
                            [
                                114.249902,
                                38.15056
                            ],
                            [
                                114.250233,
                                38.149749
                            ],
                            [
                                114.251102,
                                38.144959
                            ],
                            [
                                114.249453,
                                38.142875
                            ],
                            [
                                114.249493,
                                38.141885
                            ],
                            [
                                114.252121,
                                38.139346
                            ],
                            [
                                114.252622,
                                38.133127
                            ],
                            [
                                114.252035,
                                38.132311
                            ],
                            [
                                114.249329,
                                38.132707
                            ],
                            [
                                114.246337,
                                38.132237
                            ],
                            [
                                114.24347,
                                38.130172
                            ],
                            [
                                114.239695,
                                38.128623
                            ],
                            [
                                114.236527,
                                38.129322
                            ],
                            [
                                114.234485,
                                38.128534
                            ],
                            [
                                114.231759,
                                38.12844
                            ],
                            [
                                114.230488,
                                38.127916
                            ],
                            [
                                114.229852,
                                38.126177
                            ],
                            [
                                114.227562,
                                38.125385
                            ],
                            [
                                114.223744,
                                38.123269
                            ],
                            [
                                114.222699,
                                38.123478
                            ],
                            [
                                114.221667,
                                38.125342
                            ],
                            [
                                114.221401,
                                38.122042
                            ],
                            [
                                114.218187,
                                38.12071
                            ],
                            [
                                114.215939,
                                38.120469
                            ],
                            [
                                114.213691,
                                38.11958
                            ],
                            [
                                114.212767,
                                38.118811
                            ],
                            [
                                114.212515,
                                38.117471
                            ],
                            [
                                114.212803,
                                38.115992
                            ],
                            [
                                114.209667,
                                38.113351
                            ],
                            [
                                114.208088,
                                38.110745
                            ],
                            [
                                114.207944,
                                38.109448
                            ],
                            [
                                114.217581,
                                38.105999
                            ],
                            [
                                114.220943,
                                38.106236
                            ],
                            [
                                114.224891,
                                38.102364
                            ],
                            [
                                114.222496,
                                38.097699
                            ],
                            [
                                114.218898,
                                38.093663
                            ],
                            [
                                114.219448,
                                38.089907
                            ],
                            [
                                114.221703,
                                38.087793
                            ],
                            [
                                114.219943,
                                38.086275
                            ],
                            [
                                114.220189,
                                38.083714
                            ],
                            [
                                114.220864,
                                38.081531
                            ],
                            [
                                114.222732,
                                38.08176
                            ],
                            [
                                114.224599,
                                38.081278
                            ],
                            [
                                114.225507,
                                38.080529
                            ],
                            [
                                114.225317,
                                38.077249
                            ],
                            [
                                114.224547,
                                38.074211
                            ],
                            [
                                114.224842,
                                38.072016
                            ],
                            [
                                114.226153,
                                38.071615
                            ],
                            [
                                114.229813,
                                38.073224
                            ],
                            [
                                114.231048,
                                38.073348
                            ],
                            [
                                114.236419,
                                38.072443
                            ],
                            [
                                114.237536,
                                38.070823
                            ],
                            [
                                114.238437,
                                38.070197
                            ],
                            [
                                114.239997,
                                38.070232
                            ],
                            [
                                114.243984,
                                38.071165
                            ],
                            [
                                114.244473,
                                38.071079
                            ],
                            [
                                114.251878,
                                38.066405
                            ],
                            [
                                114.25522,
                                38.067932
                            ],
                            [
                                114.257078,
                                38.067893
                            ],
                            [
                                114.262567,
                                38.065686
                            ],
                            [
                                114.265044,
                                38.063218
                            ],
                            [
                                114.265021,
                                38.060315
                            ],
                            [
                                114.266286,
                                38.057902
                            ],
                            [
                                114.267928,
                                38.0563
                            ],
                            [
                                114.272259,
                                38.057012
                            ],
                            [
                                114.275398,
                                38.055574
                            ],
                            [
                                114.275982,
                                38.055644
                            ],
                            [
                                114.27857,
                                38.057311
                            ],
                            [
                                114.279838,
                                38.057595
                            ],
                            [
                                114.28151,
                                38.056545
                            ],
                            [
                                114.277964,
                                38.053522
                            ],
                            [
                                114.276706,
                                38.051469
                            ],
                            [
                                114.277076,
                                38.050366
                            ],
                            [
                                114.27914,
                                38.049032
                            ],
                            [
                                114.280766,
                                38.045379
                            ],
                            [
                                114.275389,
                                38.041717
                            ],
                            [
                                114.274392,
                                38.039591
                            ],
                            [
                                114.274579,
                                38.037573
                            ],
                            [
                                114.272305,
                                38.031505
                            ],
                            [
                                114.271142,
                                38.030074
                            ],
                            [
                                114.268426,
                                38.028608
                            ],
                            [
                                114.267449,
                                38.024491
                            ],
                            [
                                114.268865,
                                38.022407
                            ],
                            [
                                114.266017,
                                38.020326
                            ],
                            [
                                114.260889,
                                38.018841
                            ],
                            [
                                114.258828,
                                38.017589
                            ],
                            [
                                114.257481,
                                38.016356
                            ],
                            [
                                114.252396,
                                38.013809
                            ],
                            [
                                114.247373,
                                38.009034
                            ],
                            [
                                114.249748,
                                38.004199
                            ],
                            [
                                114.263104,
                                38.002694
                            ],
                            [
                                114.265424,
                                38.002177
                            ],
                            [
                                114.275018,
                                37.996549
                            ],
                            [
                                114.279612,
                                37.995783
                            ],
                            [
                                114.287765,
                                37.997459
                            ],
                            [
                                114.292781,
                                38.000796
                            ],
                            [
                                114.296409,
                                38.0029
                            ],
                            [
                                114.298873,
                                38.000707
                            ],
                            [
                                114.301127,
                                37.995985
                            ],
                            [
                                114.303863,
                                37.992418
                            ],
                            [
                                114.303172,
                                37.990193
                            ],
                            [
                                114.300403,
                                37.986723
                            ],
                            [
                                114.300203,
                                37.985253
                            ],
                            [
                                114.300885,
                                37.976017
                            ],
                            [
                                114.300033,
                                37.96799
                            ],
                            [
                                114.298676,
                                37.965044
                            ],
                            [
                                114.297631,
                                37.964507
                            ],
                            [
                                114.296566,
                                37.964884
                            ],
                            [
                                114.295232,
                                37.963768
                            ],
                            [
                                114.294109,
                                37.958121
                            ],
                            [
                                114.295255,
                                37.956946
                            ],
                            [
                                114.298113,
                                37.949874
                            ],
                            [
                                114.298077,
                                37.948854
                            ],
                            [
                                114.296982,
                                37.948002
                            ],
                            [
                                114.296301,
                                37.945686
                            ],
                            [
                                114.296759,
                                37.944771
                            ],
                            [
                                114.294764,
                                37.942416
                            ],
                            [
                                114.291795,
                                37.940385
                            ],
                            [
                                114.287454,
                                37.938707
                            ],
                            [
                                114.284898,
                                37.938493
                            ],
                            [
                                114.28035,
                                37.936352
                            ],
                            [
                                114.27821,
                                37.930197
                            ],
                            [
                                114.276195,
                                37.927113
                            ],
                            [
                                114.274887,
                                37.926249
                            ],
                            [
                                114.269222,
                                37.925108
                            ],
                            [
                                114.267053,
                                37.923294
                            ],
                            [
                                114.27183,
                                37.919393
                            ],
                            [
                                114.275415,
                                37.918789
                            ],
                            [
                                114.278711,
                                37.917138
                            ],
                            [
                                114.277702,
                                37.9162
                            ],
                            [
                                114.275284,
                                37.91632
                            ],
                            [
                                114.273255,
                                37.915779
                            ],
                            [
                                114.268812,
                                37.910927
                            ],
                            [
                                114.268219,
                                37.909864
                            ],
                            [
                                114.265051,
                                37.907566
                            ],
                            [
                                114.26529,
                                37.905791
                            ],
                            [
                                114.267688,
                                37.904513
                            ],
                            [
                                114.269979,
                                37.901806
                            ],
                            [
                                114.271149,
                                37.897974
                            ],
                            [
                                114.271978,
                                37.897468
                            ],
                            [
                                114.277279,
                                37.896654
                            ],
                            [
                                114.281536,
                                37.896841
                            ],
                            [
                                114.285062,
                                37.895582
                            ],
                            [
                                114.287463,
                                37.894157
                            ],
                            [
                                114.291323,
                                37.892981
                            ],
                            [
                                114.29191,
                                37.893464
                            ],
                            [
                                114.291402,
                                37.894406
                            ],
                            [
                                114.293181,
                                37.895314
                            ],
                            [
                                114.293214,
                                37.894219
                            ],
                            [
                                114.294014,
                                37.894328
                            ],
                            [
                                114.295626,
                                37.895555
                            ],
                            [
                                114.294476,
                                37.895991
                            ],
                            [
                                114.298372,
                                37.896369
                            ],
                            [
                                114.301602,
                                37.897713
                            ],
                            [
                                114.300872,
                                37.900073
                            ],
                            [
                                114.299889,
                                37.900237
                            ],
                            [
                                114.295783,
                                37.899423
                            ],
                            [
                                114.295753,
                                37.901156
                            ],
                            [
                                114.298408,
                                37.90435
                            ],
                            [
                                114.299941,
                                37.903703
                            ],
                            [
                                114.301792,
                                37.900802
                            ],
                            [
                                114.302599,
                                37.900731
                            ],
                            [
                                114.306858,
                                37.901966
                            ],
                            [
                                114.310554,
                                37.906994
                            ],
                            [
                                114.31257,
                                37.907461
                            ],
                            [
                                114.312832,
                                37.904961
                            ],
                            [
                                114.317373,
                                37.898628
                            ],
                            [
                                114.318825,
                                37.896856
                            ],
                            [
                                114.32029,
                                37.896003
                            ],
                            [
                                114.326302,
                                37.894574
                            ],
                            [
                                114.330077,
                                37.895446
                            ],
                            [
                                114.339006,
                                37.900019
                            ],
                            [
                                114.339249,
                                37.89769
                            ],
                            [
                                114.337361,
                                37.895033
                            ],
                            [
                                114.337745,
                                37.893012
                            ],
                            [
                                114.340278,
                                37.894021
                            ],
                            [
                                114.343417,
                                37.892057
                            ],
                            [
                                114.342139,
                                37.889802
                            ],
                            [
                                114.343482,
                                37.889452
                            ],
                            [
                                114.347509,
                                37.890706
                            ],
                            [
                                114.352071,
                                37.893226
                            ],
                            [
                                114.355265,
                                37.891816
                            ],
                            [
                                114.360675,
                                37.890955
                            ],
                            [
                                114.363732,
                                37.892248
                            ],
                            [
                                114.369064,
                                37.891952
                            ],
                            [
                                114.369614,
                                37.890445
                            ],
                            [
                                114.374533,
                                37.888684
                            ],
                            [
                                114.374775,
                                37.889868
                            ],
                            [
                                114.381787,
                                37.888715
                            ],
                            [
                                114.386126,
                                37.888852
                            ],
                            [
                                114.386538,
                                37.888283
                            ],
                            [
                                114.390585,
                                37.889183
                            ],
                            [
                                114.39282,
                                37.890636
                            ],
                            [
                                114.397981,
                                37.890858
                            ],
                            [
                                114.398869,
                                37.890406
                            ],
                            [
                                114.399036,
                                37.887769
                            ],
                            [
                                114.398014,
                                37.887196
                            ],
                            [
                                114.39438,
                                37.887107
                            ],
                            [
                                114.394593,
                                37.886518
                            ],
                            [
                                114.40072,
                                37.886612
                            ],
                            [
                                114.401926,
                                37.88757
                            ],
                            [
                                114.401467,
                                37.890858
                            ],
                            [
                                114.399478,
                                37.891524
                            ],
                            [
                                114.399124,
                                37.894729
                            ],
                            [
                                114.404456,
                                37.896685
                            ],
                            [
                                114.408145,
                                37.897565
                            ],
                            [
                                114.413417,
                                37.897869
                            ],
                            [
                                114.414001,
                                37.899863
                            ],
                            [
                                114.416573,
                                37.899158
                            ],
                            [
                                114.417887,
                                37.898317
                            ],
                            [
                                114.418811,
                                37.898367
                            ],
                            [
                                114.430378,
                                37.902301
                            ],
                            [
                                114.431181,
                                37.90287
                            ],
                            [
                                114.431036,
                                37.90382
                            ],
                            [
                                114.429215,
                                37.905989
                            ],
                            [
                                114.429031,
                                37.908236
                            ],
                            [
                                114.435273,
                                37.911655
                            ],
                            [
                                114.439395,
                                37.91525
                            ],
                            [
                                114.442764,
                                37.916714
                            ],
                            [
                                114.4459,
                                37.919311
                            ],
                            [
                                114.446696,
                                37.920479
                            ],
                            [
                                114.453007,
                                37.919692
                            ],
                            [
                                114.453731,
                                37.918949
                            ],
                            [
                                114.453734,
                                37.917099
                            ],
                            [
                                114.459917,
                                37.916098
                            ],
                            [
                                114.461585,
                                37.916316
                            ],
                            [
                                114.46148,
                                37.917952
                            ],
                            [
                                114.46731,
                                37.918193
                            ],
                            [
                                114.468394,
                                37.91861
                            ],
                            [
                                114.46905,
                                37.920171
                            ],
                            [
                                114.471648,
                                37.920401
                            ],
                            [
                                114.471904,
                                37.921024
                            ],
                            [
                                114.475679,
                                37.920896
                            ],
                            [
                                114.478791,
                                37.921312
                            ],
                            [
                                114.479886,
                                37.922297
                            ],
                            [
                                114.480286,
                                37.924154
                            ],
                            [
                                114.483398,
                                37.925634
                            ],
                            [
                                114.486148,
                                37.925373
                            ],
                            [
                                114.488674,
                                37.924127
                            ],
                            [
                                114.490244,
                                37.92702
                            ],
                            [
                                114.491348,
                                37.927627
                            ],
                            [
                                114.504805,
                                37.927405
                            ],
                            [
                                114.50513,
                                37.929227
                            ],
                            [
                                114.507437,
                                37.929679
                            ],
                            [
                                114.507663,
                                37.934067
                            ],
                            [
                                114.513449,
                                37.934382
                            ],
                            [
                                114.513381,
                                37.938905
                            ],
                            [
                                114.515972,
                                37.947897
                            ],
                            [
                                114.515566,
                                37.952478
                            ],
                            [
                                114.512912,
                                37.952412
                            ],
                            [
                                114.51301,
                                37.956195
                            ],
                            [
                                114.508947,
                                37.955416
                            ],
                            [
                                114.508393,
                                37.955755
                            ],
                            [
                                114.507456,
                                37.959448
                            ],
                            [
                                114.507276,
                                37.963001
                            ],
                            [
                                114.508361,
                                37.963939
                            ],
                            [
                                114.507486,
                                37.969414
                            ],
                            [
                                114.506113,
                                37.97099
                            ],
                            [
                                114.505772,
                                37.973048
                            ],
                            [
                                114.498291,
                                37.97185
                            ],
                            [
                                114.498573,
                                37.97046
                            ],
                            [
                                114.490424,
                                37.974017
                            ],
                            [
                                114.485771,
                                37.975904
                            ],
                            [
                                114.484768,
                                37.977367
                            ],
                            [
                                114.482098,
                                37.977207
                            ],
                            [
                                114.481619,
                                37.976487
                            ],
                            [
                                114.478644,
                                37.976935
                            ],
                            [
                                114.474987,
                                37.976624
                            ],
                            [
                                114.474581,
                                37.973869
                            ],
                            [
                                114.472274,
                                37.973429
                            ],
                            [
                                114.472916,
                                37.972379
                            ],
                            [
                                114.46867,
                                37.972421
                            ],
                            [
                                114.468329,
                                37.973974
                            ],
                            [
                                114.464226,
                                37.974285
                            ],
                            [
                                114.461788,
                                37.974223
                            ],
                            [
                                114.458132,
                                37.976927
                            ],
                            [
                                114.458266,
                                37.97923
                            ],
                            [
                                114.455304,
                                37.979448
                            ],
                            [
                                114.459754,
                                37.979464
                            ],
                            [
                                114.463345,
                                37.981187
                            ],
                            [
                                114.462785,
                                37.98428
                            ],
                            [
                                114.461136,
                                37.98421
                            ],
                            [
                                114.460497,
                                37.990236
                            ],
                            [
                                114.459957,
                                37.990827
                            ],
                            [
                                114.45148,
                                37.992146
                            ],
                            [
                                114.451332,
                                37.99455
                            ],
                            [
                                114.437999,
                                37.993958
                            ],
                            [
                                114.437908,
                                37.994779
                            ],
                            [
                                114.432485,
                                37.994285
                            ],
                            [
                                114.432534,
                                37.992644
                            ],
                            [
                                114.431518,
                                37.992655
                            ],
                            [
                                114.431557,
                                37.994721
                            ],
                            [
                                114.431089,
                                37.995118
                            ],
                            [
                                114.428828,
                                37.995137
                            ],
                            [
                                114.428599,
                                37.998019
                            ],
                            [
                                114.427694,
                                37.997502
                            ],
                            [
                                114.427484,
                                37.996156
                            ],
                            [
                                114.425774,
                                37.998898
                            ],
                            [
                                114.42582,
                                38.001139
                            ],
                            [
                                114.424912,
                                38.001776
                            ],
                            [
                                114.42486,
                                38.002974
                            ],
                            [
                                114.42598,
                                38.00304
                            ],
                            [
                                114.425836,
                                38.00411
                            ],
                            [
                                114.427845,
                                38.005767
                            ],
                            [
                                114.428195,
                                38.010033
                            ],
                            [
                                114.428005,
                                38.011204
                            ],
                            [
                                114.426236,
                                38.012464
                            ],
                            [
                                114.419358,
                                38.01211
                            ],
                            [
                                114.417382,
                                38.01475
                            ],
                            [
                                114.414958,
                                38.014435
                            ],
                            [
                                114.412474,
                                38.014606
                            ],
                            [
                                114.411035,
                                38.016446
                            ],
                            [
                                114.409852,
                                38.020665
                            ],
                            [
                                114.408686,
                                38.021629
                            ],
                            [
                                114.407693,
                                38.021559
                            ],
                            [
                                114.404275,
                                38.020509
                            ],
                            [
                                114.402155,
                                38.020863
                            ],
                            [
                                114.398187,
                                38.022854
                            ],
                            [
                                114.395844,
                                38.024806
                            ],
                            [
                                114.395962,
                                38.027893
                            ],
                            [
                                114.39842,
                                38.034413
                            ],
                            [
                                114.398335,
                                38.035863
                            ],
                            [
                                114.397725,
                                38.036247
                            ],
                            [
                                114.397207,
                                38.038448
                            ],
                            [
                                114.393331,
                                38.038642
                            ],
                            [
                                114.392771,
                                38.041056
                            ],
                            [
                                114.389019,
                                38.041083
                            ],
                            [
                                114.38628,
                                38.042743
                            ],
                            [
                                114.38433,
                                38.045884
                            ],
                            [
                                114.384258,
                                38.048313
                            ],
                            [
                                114.386633,
                                38.048601
                            ],
                            [
                                114.386614,
                                38.052655
                            ],
                            [
                                114.388193,
                                38.052608
                            ],
                            [
                                114.384592,
                                38.056534
                            ],
                            [
                                114.385349,
                                38.056899
                            ],
                            [
                                114.385205,
                                38.062215
                            ],
                            [
                                114.382895,
                                38.062491
                            ],
                            [
                                114.382846,
                                38.063405
                            ],
                            [
                                114.381247,
                                38.063486
                            ],
                            [
                                114.380319,
                                38.065449
                            ],
                            [
                                114.378592,
                                38.067294
                            ],
                            [
                                114.37721,
                                38.070119
                            ],
                            [
                                114.376017,
                                38.076702
                            ],
                            [
                                114.37427,
                                38.084989
                            ],
                            [
                                114.37488,
                                38.085327
                            ],
                            [
                                114.381754,
                                38.085012
                            ],
                            [
                                114.38316,
                                38.086558
                            ],
                            [
                                114.383196,
                                38.089472
                            ],
                            [
                                114.382492,
                                38.090093
                            ],
                            [
                                114.382423,
                                38.098756
                            ],
                            [
                                114.381918,
                                38.09956
                            ],
                            [
                                114.376213,
                                38.09942
                            ],
                            [
                                114.375368,
                                38.100057
                            ],
                            [
                                114.375099,
                                38.101867
                            ],
                            [
                                114.375768,
                                38.102807
                            ],
                            [
                                114.377993,
                                38.103615
                            ],
                            [
                                114.379166,
                                38.105762
                            ],
                            [
                                114.387141,
                                38.106547
                            ],
                            [
                                114.395035,
                                38.106656
                            ],
                            [
                                114.396719,
                                38.106256
                            ],
                            [
                                114.398056,
                                38.10532
                            ],
                            [
                                114.400478,
                                38.105518
                            ],
                            [
                                114.40343,
                                38.106527
                            ],
                            [
                                114.40363,
                                38.108038
                            ],
                            [
                                114.416311,
                                38.10958
                            ],
                            [
                                114.416783,
                                38.11092
                            ],
                            [
                                114.417608,
                                38.111615
                            ],
                            [
                                114.417137,
                                38.113599
                            ],
                            [
                                114.416655,
                                38.117995
                            ],
                            [
                                114.410436,
                                38.117335
                            ],
                            [
                                114.409603,
                                38.117692
                            ],
                            [
                                114.408882,
                                38.126623
                            ],
                            [
                                114.410157,
                                38.129496
                            ],
                            [
                                114.412169,
                                38.129512
                            ],
                            [
                                114.414037,
                                38.131395
                            ],
                            [
                                114.413752,
                                38.135405
                            ],
                            [
                                114.41484,
                                38.136345
                            ],
                            [
                                114.415275,
                                38.137789
                            ],
                            [
                                114.418824,
                                38.14098
                            ],
                            [
                                114.422546,
                                38.141411
                            ],
                            [
                                114.42329,
                                38.1469
                            ],
                            [
                                114.424453,
                                38.147121
                            ],
                            [
                                114.426256,
                                38.146279
                            ],
                            [
                                114.428078,
                                38.148336
                            ],
                            [
                                114.433409,
                                38.155784
                            ],
                            [
                                114.438661,
                                38.162308
                            ],
                            [
                                114.444818,
                                38.167419
                            ],
                            [
                                114.442751,
                                38.170213
                            ],
                            [
                                114.440811,
                                38.174202
                            ],
                            [
                                114.43776,
                                38.175017
                            ],
                            [
                                114.434565,
                                38.176658
                            ],
                            [
                                114.42502,
                                38.191638
                            ],
                            [
                                114.416432,
                                38.197573
                            ],
                            [
                                114.412126,
                                38.202662
                            ],
                            [
                                114.41038,
                                38.209821
                            ],
                            [
                                114.408702,
                                38.214952
                            ],
                            [
                                114.401998,
                                38.224806
                            ],
                            [
                                114.398934,
                                38.230234
                            ],
                            [
                                114.394386,
                                38.240419
                            ],
                            [
                                114.392276,
                                38.246873
                            ],
                            [
                                114.392538,
                                38.251854
                            ],
                            [
                                114.39397,
                                38.257637
                            ],
                            [
                                114.390811,
                                38.263028
                            ],
                            [
                                114.385369,
                                38.26686
                            ],
                            [
                                114.386781,
                                38.269348
                            ],
                            [
                                114.385942,
                                38.270193
                            ],
                            [
                                114.384848,
                                38.269825
                            ],
                            [
                                114.381745,
                                38.269492
                            ],
                            [
                                114.380486,
                                38.270949
                            ],
                            [
                                114.380575,
                                38.272076
                            ],
                            [
                                114.372603,
                                38.274215
                            ],
                            [
                                114.366986,
                                38.275029
                            ],
                            [
                                114.364758,
                                38.274541
                            ],
                            [
                                114.36253,
                                38.272828
                            ],
                            [
                                114.360656,
                                38.270972
                            ],
                            [
                                114.353984,
                                38.269046
                            ],
                            [
                                114.351153,
                                38.269565
                            ],
                            [
                                114.34709,
                                38.272026
                            ],
                            [
                                114.341693,
                                38.272348
                            ],
                            [
                                114.339403,
                                38.271964
                            ],
                            [
                                114.336686,
                                38.269821
                            ],
                            [
                                114.330565,
                                38.267779
                            ],
                            [
                                114.328757,
                                38.267632
                            ],
                            [
                                114.32682,
                                38.265957
                            ],
                            [
                                114.325942,
                                38.26421
                            ],
                            [
                                114.322452,
                                38.264062
                            ],
                            [
                                114.320702,
                                38.262772
                            ],
                            [
                                114.318769,
                                38.26054
                            ],
                            [
                                114.317891,
                                38.258404
                            ],
                            [
                                114.317236,
                                38.257966
                            ],
                            [
                                114.314385,
                                38.259625
                            ],
                            [
                                114.311734,
                                38.255493
                            ],
                            [
                                114.311708,
                                38.251846
                            ],
                            [
                                114.312897,
                                38.251063
                            ],
                            [
                                114.308769,
                                38.250052
                            ],
                            [
                                114.292254,
                                38.246528
                            ],
                            [
                                114.282765,
                                38.243605
                            ],
                            [
                                114.265876,
                                38.238655
                            ],
                            [
                                114.260525,
                                38.23743
                            ],
                            [
                                114.25929,
                                38.236391
                            ],
                            [
                                114.240668,
                                38.237926
                            ],
                            [
                                114.239633,
                                38.237883
                            ],
                            [
                                114.239512,
                                38.233545
                            ],
                            [
                                114.23906,
                                38.230284
                            ],
                            [
                                114.235655,
                                38.229854
                            ],
                            [
                                114.240033,
                                38.224294
                            ],
                            [
                                114.238807,
                                38.216701
                            ],
                            [
                                114.236461,
                                38.215949
                            ],
                            [
                                114.235802,
                                38.215301
                            ],
                            [
                                114.235255,
                                38.213277
                            ],
                            [
                                114.23478,
                                38.209383
                            ],
                            [
                                114.230959,
                                38.209845
                            ],
                            [
                                114.222909,
                                38.212703
                            ],
                            [
                                114.221224,
                                38.213707
                            ],
                            [
                                114.220579,
                                38.215367
                            ],
                            [
                                114.218455,
                                38.216061
                            ],
                            [
                                114.212842,
                                38.214212
                            ],
                            [
                                114.212416,
                                38.213455
                            ],
                            [
                                114.208376,
                                38.211008
                            ],
                            [
                                114.204248,
                                38.209713
                            ],
                            [
                                114.200394,
                                38.210077
                            ],
                            [
                                114.19719,
                                38.207886
                            ],
                            [
                                114.196852,
                                38.204725
                            ],
                            [
                                114.197081,
                                38.203181
                            ],
                            [
                                114.201842,
                                38.198771
                            ],
                            [
                                114.198648,
                                38.196126
                            ],
                            [
                                114.197403,
                                38.195389
                            ],
                            [
                                114.196341,
                                38.19362
                            ],
                            [
                                114.193602,
                                38.191983
                            ],
                            [
                                114.198834,
                                38.1868
                            ],
                            [
                                114.199175,
                                38.185628
                            ],
                            [
                                114.193611,
                                38.18339
                            ],
                            [
                                114.192347,
                                38.183921
                            ],
                            [
                                114.191347,
                                38.182839
                            ],
                            [
                                114.191246,
                                38.181625
                            ],
                            [
                                114.18848,
                                38.180309
                            ],
                            [
                                114.189312,
                                38.17717
                            ]
                        ]
                    ]
                ]
            }
        }
    ]
}