{
    "type": "FeatureCollection",
    "features": [
        {
            "type": "Feature",
            "properties": {
                "adcode": 130111,
                "name": "栾城区",
                "center": [
                    114.654281,
                    37.886911
                ],
                "centroid": [
                    114.634833,
                    37.892505
                ],
                "childrenNum": 0,
                "level": "district",
                "acroutes": [
                    100000,
                    130000,
                    130100
                ],
                "parent": {
                    "adcode": 130100
                }
            },
            "geometry": {
                "type": "MultiPolygon",
                "coordinates": [
                    [
                        [
                            [
                                114.802773,
                                37.888083
                            ],
                            [
                                114.796047,
                                37.893753
                            ],
                            [
                                114.785397,
                                37.895887
                            ],
                            [
                                114.781132,
                                37.894364
                            ],
                            [
                                114.77886,
                                37.891499
                            ],
                            [
                                114.774152,
                                37.891503
                            ],
                            [
                                114.761383,
                                37.889326
                            ],
                            [
                                114.761716,
                                37.887628
                            ],
                            [
                                114.760371,
                                37.887484
                            ],
                            [
                                114.760575,
                                37.886167
                            ],
                            [
                                114.758007,
                                37.885825
                            ],
                            [
                                114.757445,
                                37.88639
                            ],
                            [
                                114.757168,
                                37.888846
                            ],
                            [
                                114.754378,
                                37.888625
                            ],
                            [
                                114.754104,
                                37.889463
                            ],
                            [
                                114.753834,
                                37.891709
                            ],
                            [
                                114.753274,
                                37.892444
                            ],
                            [
                                114.747759,
                                37.892049
                            ],
                            [
                                114.747643,
                                37.893352
                            ],
                            [
                                114.749682,
                                37.89367
                            ],
                            [
                                114.749217,
                                37.896945
                            ],
                            [
                                114.754478,
                                37.897376
                            ],
                            [
                                114.75357,
                                37.902392
                            ],
                            [
                                114.756087,
                                37.902363
                            ],
                            [
                                114.759378,
                                37.901611
                            ],
                            [
                                114.759202,
                                37.903723
                            ],
                            [
                                114.763602,
                                37.90384
                            ],
                            [
                                114.764403,
                                37.9042
                            ],
                            [
                                114.763998,
                                37.908794
                            ],
                            [
                                114.764412,
                                37.909247
                            ],
                            [
                                114.766424,
                                37.909638
                            ],
                            [
                                114.765547,
                                37.915759
                            ],
                            [
                                114.757241,
                                37.920441
                            ],
                            [
                                114.748846,
                                37.920362
                            ],
                            [
                                114.740449,
                                37.921191
                            ],
                            [
                                114.728224,
                                37.924731
                            ],
                            [
                                114.709521,
                                37.935522
                            ],
                            [
                                114.701928,
                                37.938638
                            ],
                            [
                                114.695206,
                                37.942678
                            ],
                            [
                                114.688436,
                                37.948555
                            ],
                            [
                                114.68254,
                                37.954667
                            ],
                            [
                                114.680862,
                                37.958326
                            ],
                            [
                                114.680721,
                                37.959337
                            ],
                            [
                                114.683574,
                                37.959317
                            ],
                            [
                                114.683499,
                                37.961203
                            ],
                            [
                                114.681965,
                                37.962363
                            ],
                            [
                                114.679338,
                                37.962306
                            ],
                            [
                                114.677509,
                                37.962838
                            ],
                            [
                                114.676927,
                                37.963398
                            ],
                            [
                                114.676912,
                                37.964669
                            ],
                            [
                                114.675164,
                                37.964691
                            ],
                            [
                                114.673737,
                                37.964469
                            ],
                            [
                                114.673461,
                                37.963893
                            ],
                            [
                                114.67222,
                                37.963913
                            ],
                            [
                                114.672163,
                                37.966923
                            ],
                            [
                                114.67084,
                                37.96705
                            ],
                            [
                                114.670337,
                                37.969272
                            ],
                            [
                                114.669507,
                                37.971172
                            ],
                            [
                                114.660092,
                                37.971133
                            ],
                            [
                                114.660242,
                                37.973829
                            ],
                            [
                                114.657285,
                                37.974246
                            ],
                            [
                                114.65715,
                                37.977083
                            ],
                            [
                                114.650123,
                                37.977126
                            ],
                            [
                                114.65011,
                                37.980392
                            ],
                            [
                                114.647797,
                                37.981161
                            ],
                            [
                                114.647059,
                                37.982538
                            ],
                            [
                                114.647055,
                                37.984874
                            ],
                            [
                                114.646191,
                                37.985417
                            ],
                            [
                                114.639679,
                                37.988883
                            ],
                            [
                                114.637153,
                                37.99209
                            ],
                            [
                                114.632759,
                                37.992366
                            ],
                            [
                                114.632655,
                                37.995573
                            ],
                            [
                                114.627932,
                                37.995737
                            ],
                            [
                                114.627511,
                                37.996232
                            ],
                            [
                                114.627721,
                                37.997656
                            ],
                            [
                                114.625257,
                                37.997773
                            ],
                            [
                                114.625091,
                                37.994931
                            ],
                            [
                                114.621876,
                                37.994896
                            ],
                            [
                                114.621847,
                                37.992758
                            ],
                            [
                                114.618183,
                                37.992665
                            ],
                            [
                                114.617143,
                                37.9921
                            ],
                            [
                                114.617359,
                                37.990946
                            ],
                            [
                                114.611806,
                                37.990756
                            ],
                            [
                                114.609694,
                                37.988929
                            ],
                            [
                                114.609487,
                                37.986729
                            ],
                            [
                                114.609675,
                                37.98566
                            ],
                            [
                                114.610383,
                                37.98564
                            ],
                            [
                                114.610411,
                                37.982481
                            ],
                            [
                                114.608751,
                                37.982356
                            ],
                            [
                                114.608733,
                                37.979581
                            ],
                            [
                                114.608503,
                                37.973344
                            ],
                            [
                                114.592701,
                                37.973559
                            ],
                            [
                                114.592136,
                                37.972475
                            ],
                            [
                                114.593584,
                                37.968419
                            ],
                            [
                                114.593201,
                                37.967899
                            ],
                            [
                                114.591803,
                                37.972095
                            ],
                            [
                                114.586938,
                                37.972204
                            ],
                            [
                                114.584326,
                                37.973453
                            ],
                            [
                                114.584109,
                                37.976548
                            ],
                            [
                                114.583062,
                                37.978686
                            ],
                            [
                                114.578986,
                                37.978652
                            ],
                            [
                                114.579062,
                                37.980204
                            ],
                            [
                                114.574791,
                                37.979878
                            ],
                            [
                                114.574542,
                                37.974561
                            ],
                            [
                                114.572726,
                                37.973977
                            ],
                            [
                                114.566013,
                                37.974581
                            ],
                            [
                                114.565978,
                                37.973668
                            ],
                            [
                                114.565557,
                                37.973645
                            ],
                            [
                                114.561399,
                                37.974149
                            ],
                            [
                                114.561657,
                                37.971772
                            ],
                            [
                                114.560202,
                                37.971845
                            ],
                            [
                                114.558584,
                                37.971596
                            ],
                            [
                                114.557795,
                                37.970998
                            ],
                            [
                                114.557286,
                                37.970129
                            ],
                            [
                                114.557421,
                                37.968433
                            ],
                            [
                                114.552999,
                                37.968227
                            ],
                            [
                                114.552553,
                                37.970909
                            ],
                            [
                                114.529925,
                                37.969314
                            ],
                            [
                                114.529029,
                                37.969348
                            ],
                            [
                                114.520289,
                                37.968857
                            ],
                            [
                                114.520877,
                                37.972295
                            ],
                            [
                                114.511599,
                                37.971798
                            ],
                            [
                                114.511847,
                                37.969953
                            ],
                            [
                                114.507485,
                                37.969415
                            ],
                            [
                                114.508359,
                                37.963937
                            ],
                            [
                                114.507278,
                                37.963002
                            ],
                            [
                                114.507457,
                                37.959448
                            ],
                            [
                                114.508394,
                                37.955755
                            ],
                            [
                                114.508947,
                                37.955415
                            ],
                            [
                                114.51301,
                                37.956195
                            ],
                            [
                                114.512834,
                                37.954006
                            ],
                            [
                                114.51291,
                                37.952413
                            ],
                            [
                                114.515565,
                                37.952475
                            ],
                            [
                                114.515974,
                                37.947896
                            ],
                            [
                                114.513381,
                                37.938907
                            ],
                            [
                                114.51345,
                                37.934381
                            ],
                            [
                                114.507664,
                                37.934068
                            ],
                            [
                                114.507438,
                                37.92968
                            ],
                            [
                                114.505128,
                                37.929227
                            ],
                            [
                                114.504808,
                                37.927404
                            ],
                            [
                                114.491347,
                                37.927627
                            ],
                            [
                                114.490244,
                                37.92702
                            ],
                            [
                                114.488673,
                                37.924128
                            ],
                            [
                                114.489883,
                                37.923525
                            ],
                            [
                                114.4896,
                                37.922512
                            ],
                            [
                                114.490329,
                                37.921671
                            ],
                            [
                                114.49432,
                                37.92038
                            ],
                            [
                                114.495093,
                                37.919106
                            ],
                            [
                                114.495763,
                                37.916584
                            ],
                            [
                                114.495364,
                                37.913275
                            ],
                            [
                                114.496146,
                                37.912033
                            ],
                            [
                                114.494015,
                                37.912096
                            ],
                            [
                                114.493987,
                                37.907803
                            ],
                            [
                                114.493047,
                                37.905218
                            ],
                            [
                                114.493535,
                                37.90155
                            ],
                            [
                                114.489361,
                                37.900138
                            ],
                            [
                                114.4885,
                                37.899122
                            ],
                            [
                                114.489581,
                                37.894093
                            ],
                            [
                                114.489688,
                                37.889661
                            ],
                            [
                                114.490159,
                                37.889204
                            ],
                            [
                                114.491385,
                                37.889152
                            ],
                            [
                                114.49702,
                                37.89006
                            ],
                            [
                                114.498528,
                                37.889168
                            ],
                            [
                                114.500125,
                                37.890244
                            ],
                            [
                                114.501483,
                                37.892355
                            ],
                            [
                                114.50587,
                                37.894259
                            ],
                            [
                                114.510122,
                                37.894024
                            ],
                            [
                                114.512869,
                                37.8916
                            ],
                            [
                                114.511992,
                                37.890438
                            ],
                            [
                                114.512077,
                                37.889198
                            ],
                            [
                                114.516191,
                                37.889334
                            ],
                            [
                                114.516376,
                                37.888573
                            ],
                            [
                                114.522096,
                                37.888642
                            ],
                            [
                                114.522061,
                                37.889164
                            ],
                            [
                                114.52028,
                                37.889307
                            ],
                            [
                                114.519745,
                                37.888986
                            ],
                            [
                                114.518862,
                                37.88919
                            ],
                            [
                                114.519038,
                                37.889574
                            ],
                            [
                                114.520232,
                                37.8897
                            ],
                            [
                                114.521992,
                                37.889356
                            ],
                            [
                                114.528369,
                                37.889708
                            ],
                            [
                                114.530575,
                                37.890653
                            ],
                            [
                                114.53209,
                                37.890639
                            ],
                            [
                                114.533102,
                                37.887822
                            ],
                            [
                                114.534378,
                                37.886333
                            ],
                            [
                                114.537584,
                                37.886562
                            ],
                            [
                                114.53802,
                                37.884876
                            ],
                            [
                                114.53742,
                                37.883502
                            ],
                            [
                                114.53747,
                                37.882112
                            ],
                            [
                                114.535798,
                                37.880693
                            ],
                            [
                                114.531578,
                                37.880525
                            ],
                            [
                                114.528149,
                                37.879712
                            ],
                            [
                                114.5272,
                                37.879291
                            ],
                            [
                                114.52642,
                                37.877623
                            ],
                            [
                                114.526398,
                                37.876454
                            ],
                            [
                                114.531144,
                                37.873614
                            ],
                            [
                                114.531751,
                                37.871372
                            ],
                            [
                                114.533828,
                                37.870143
                            ],
                            [
                                114.535886,
                                37.869556
                            ],
                            [
                                114.537961,
                                37.869528
                            ],
                            [
                                114.539507,
                                37.869939
                            ],
                            [
                                114.539221,
                                37.87158
                            ],
                            [
                                114.543146,
                                37.871999
                            ],
                            [
                                114.546239,
                                37.871445
                            ],
                            [
                                114.552628,
                                37.868567
                            ],
                            [
                                114.553429,
                                37.867081
                            ],
                            [
                                114.553574,
                                37.863958
                            ],
                            [
                                114.553857,
                                37.860571
                            ],
                            [
                                114.553247,
                                37.859037
                            ],
                            [
                                114.545767,
                                37.859144
                            ],
                            [
                                114.540129,
                                37.855618
                            ],
                            [
                                114.539419,
                                37.854758
                            ],
                            [
                                114.53846,
                                37.854612
                            ],
                            [
                                114.539617,
                                37.853341
                            ],
                            [
                                114.539812,
                                37.851395
                            ],
                            [
                                114.537612,
                                37.851148
                            ],
                            [
                                114.537235,
                                37.850468
                            ],
                            [
                                114.537939,
                                37.834189
                            ],
                            [
                                114.541528,
                                37.834374
                            ],
                            [
                                114.541713,
                                37.832818
                            ],
                            [
                                114.541459,
                                37.832831
                            ],
                            [
                                114.541364,
                                37.830937
                            ],
                            [
                                114.541801,
                                37.83068
                            ],
                            [
                                114.554209,
                                37.82922
                            ],
                            [
                                114.559746,
                                37.827557
                            ],
                            [
                                114.562418,
                                37.827634
                            ],
                            [
                                114.56601,
                                37.825196
                            ],
                            [
                                114.571742,
                                37.822326
                            ],
                            [
                                114.572214,
                                37.821514
                            ],
                            [
                                114.572292,
                                37.818776
                            ],
                            [
                                114.574027,
                                37.817267
                            ],
                            [
                                114.576623,
                                37.816447
                            ],
                            [
                                114.584159,
                                37.816246
                            ],
                            [
                                114.584294,
                                37.814717
                            ],
                            [
                                114.585253,
                                37.814494
                            ],
                            [
                                114.5892,
                                37.814697
                            ],
                            [
                                114.589587,
                                37.815495
                            ],
                            [
                                114.592579,
                                37.815847
                            ],
                            [
                                114.598531,
                                37.817192
                            ],
                            [
                                114.599317,
                                37.817881
                            ],
                            [
                                114.599175,
                                37.819851
                            ],
                            [
                                114.603311,
                                37.820414
                            ],
                            [
                                114.606121,
                                37.822288
                            ],
                            [
                                114.611055,
                                37.822525
                            ],
                            [
                                114.613403,
                                37.823367
                            ],
                            [
                                114.616869,
                                37.82668
                            ],
                            [
                                114.617831,
                                37.829406
                            ],
                            [
                                114.620361,
                                37.828195
                            ],
                            [
                                114.622831,
                                37.824831
                            ],
                            [
                                114.623051,
                                37.824106
                            ],
                            [
                                114.62191,
                                37.82358
                            ],
                            [
                                114.621498,
                                37.822268
                            ],
                            [
                                114.619245,
                                37.812683
                            ],
                            [
                                114.619236,
                                37.809609
                            ],
                            [
                                114.620109,
                                37.808209
                            ],
                            [
                                114.620684,
                                37.808055
                            ],
                            [
                                114.620933,
                                37.806599
                            ],
                            [
                                114.620804,
                                37.805975
                            ],
                            [
                                114.619805,
                                37.805977
                            ],
                            [
                                114.62037,
                                37.802869
                            ],
                            [
                                114.623494,
                                37.801378
                            ],
                            [
                                114.62631,
                                37.801275
                            ],
                            [
                                114.627451,
                                37.801388
                            ],
                            [
                                114.627561,
                                37.798969
                            ],
                            [
                                114.629927,
                                37.799077
                            ],
                            [
                                114.62977,
                                37.800327
                            ],
                            [
                                114.632539,
                                37.802215
                            ],
                            [
                                114.638614,
                                37.802263
                            ],
                            [
                                114.641097,
                                37.803661
                            ],
                            [
                                114.643756,
                                37.802847
                            ],
                            [
                                114.645682,
                                37.803011
                            ],
                            [
                                114.650695,
                                37.804036
                            ],
                            [
                                114.652687,
                                37.80029
                            ],
                            [
                                114.658929,
                                37.796168
                            ],
                            [
                                114.659246,
                                37.796903
                            ],
                            [
                                114.6616,
                                37.795454
                            ],
                            [
                                114.668288,
                                37.795748
                            ],
                            [
                                114.677195,
                                37.799251
                            ],
                            [
                                114.686689,
                                37.806177
                            ],
                            [
                                114.697956,
                                37.808043
                            ],
                            [
                                114.705483,
                                37.810634
                            ],
                            [
                                114.705087,
                                37.812906
                            ],
                            [
                                114.70623,
                                37.813579
                            ],
                            [
                                114.707937,
                                37.813512
                            ],
                            [
                                114.709417,
                                37.811288
                            ],
                            [
                                114.7152,
                                37.812546
                            ],
                            [
                                114.713537,
                                37.814557
                            ],
                            [
                                114.71613,
                                37.814444
                            ],
                            [
                                114.718236,
                                37.821538
                            ],
                            [
                                114.718629,
                                37.822136
                            ],
                            [
                                114.721089,
                                37.823039
                            ],
                            [
                                114.731879,
                                37.823469
                            ],
                            [
                                114.738629,
                                37.82475
                            ],
                            [
                                114.75704,
                                37.830216
                            ],
                            [
                                114.76203,
                                37.833464
                            ],
                            [
                                114.763448,
                                37.838365
                            ],
                            [
                                114.759629,
                                37.844779
                            ],
                            [
                                114.75521,
                                37.850397
                            ],
                            [
                                114.750116,
                                37.861073
                            ],
                            [
                                114.752285,
                                37.864016
                            ],
                            [
                                114.755402,
                                37.864719
                            ],
                            [
                                114.765453,
                                37.86479
                            ],
                            [
                                114.778778,
                                37.86333
                            ],
                            [
                                114.781179,
                                37.864209
                            ],
                            [
                                114.78491,
                                37.872167
                            ],
                            [
                                114.788612,
                                37.875944
                            ],
                            [
                                114.79309,
                                37.879653
                            ],
                            [
                                114.796663,
                                37.883658
                            ],
                            [
                                114.802773,
                                37.888083
                            ]
                        ]
                    ]
                ]
            }
        }
    ]
}