{
    "type": "FeatureCollection",
    "features": [
        {
            "type": "Feature",
            "properties": {
                "adcode": 130109,
                "name": "藁城区",
                "center": [
                    114.849647,
                    38.033767
                ],
                "centroid": [
                    114.809769,
                    38.049193
                ],
                "childrenNum": 0,
                "level": "district",
                "acroutes": [
                    100000,
                    130000,
                    130100
                ],
                "parent": {
                    "adcode": 130100
                }
            },
            "geometry": {
                "type": "MultiPolygon",
                "coordinates": [
                    [
                        [
                            [
                                114.859718,
                                38.263468
                            ],
                            [
                                114.859792,
                                38.264326
                            ],
                            [
                                114.856387,
                                38.266734
                            ],
                            [
                                114.856959,
                                38.270494
                            ],
                            [
                                114.851062,
                                38.27316
                            ],
                            [
                                114.850373,
                                38.27238
                            ],
                            [
                                114.848919,
                                38.271993
                            ],
                            [
                                114.843227,
                                38.273944
                            ],
                            [
                                114.837698,
                                38.277205
                            ],
                            [
                                114.827797,
                                38.280324
                            ],
                            [
                                114.824713,
                                38.281186
                            ],
                            [
                                114.824555,
                                38.283432
                            ],
                            [
                                114.824622,
                                38.287436
                            ],
                            [
                                114.8241,
                                38.288685
                            ],
                            [
                                114.820416,
                                38.289622
                            ],
                            [
                                114.816187,
                                38.289663
                            ],
                            [
                                114.816144,
                                38.288561
                            ],
                            [
                                114.815025,
                                38.291831
                            ],
                            [
                                114.810327,
                                38.293864
                            ],
                            [
                                114.806446,
                                38.296221
                            ],
                            [
                                114.805167,
                                38.297443
                            ],
                            [
                                114.80358,
                                38.30062
                            ],
                            [
                                114.799351,
                                38.301067
                            ],
                            [
                                114.794545,
                                38.300629
                            ],
                            [
                                114.790962,
                                38.300837
                            ],
                            [
                                114.787313,
                                38.301722
                            ],
                            [
                                114.778409,
                                38.300772
                            ],
                            [
                                114.775626,
                                38.300588
                            ],
                            [
                                114.771531,
                                38.301169
                            ],
                            [
                                114.767556,
                                38.302151
                            ],
                            [
                                114.764151,
                                38.303484
                            ],
                            [
                                114.764074,
                                38.303848
                            ],
                            [
                                114.765647,
                                38.307587
                            ],
                            [
                                114.765041,
                                38.308496
                            ],
                            [
                                114.765229,
                                38.310229
                            ],
                            [
                                114.761565,
                                38.312917
                            ],
                            [
                                114.758525,
                                38.313217
                            ],
                            [
                                114.751768,
                                38.311695
                            ],
                            [
                                114.744133,
                                38.311276
                            ],
                            [
                                114.742539,
                                38.306199
                            ],
                            [
                                114.738846,
                                38.306868
                            ],
                            [
                                114.731224,
                                38.308638
                            ],
                            [
                                114.728458,
                                38.310215
                            ],
                            [
                                114.723834,
                                38.309473
                            ],
                            [
                                114.718523,
                                38.30969
                            ],
                            [
                                114.718001,
                                38.309081
                            ],
                            [
                                114.718496,
                                38.308076
                            ],
                            [
                                114.718071,
                                38.306624
                            ],
                            [
                                114.713504,
                                38.304945
                            ],
                            [
                                114.712027,
                                38.304982
                            ],
                            [
                                114.711746,
                                38.303645
                            ],
                            [
                                114.711022,
                                38.303479
                            ],
                            [
                                114.708625,
                                38.304175
                            ],
                            [
                                114.708347,
                                38.302875
                            ],
                            [
                                114.707031,
                                38.301976
                            ],
                            [
                                114.704459,
                                38.302036
                            ],
                            [
                                114.703592,
                                38.301524
                            ],
                            [
                                114.704111,
                                38.300108
                            ],
                            [
                                114.70398,
                                38.297743
                            ],
                            [
                                114.705789,
                                38.296793
                            ],
                            [
                                114.705608,
                                38.291037
                            ],
                            [
                                114.705176,
                                38.289765
                            ],
                            [
                                114.70317,
                                38.289806
                            ],
                            [
                                114.702035,
                                38.285582
                            ],
                            [
                                114.704342,
                                38.285402
                            ],
                            [
                                114.702889,
                                38.283285
                            ],
                            [
                                114.704017,
                                38.283119
                            ],
                            [
                                114.70611,
                                38.286942
                            ],
                            [
                                114.707593,
                                38.288455
                            ],
                            [
                                114.70987,
                                38.289276
                            ],
                            [
                                114.714803,
                                38.289926
                            ],
                            [
                                114.718871,
                                38.290041
                            ],
                            [
                                114.720964,
                                38.289571
                            ],
                            [
                                114.723944,
                                38.287763
                            ],
                            [
                                114.726235,
                                38.285697
                            ],
                            [
                                114.728763,
                                38.282754
                            ],
                            [
                                114.7289,
                                38.279765
                            ],
                            [
                                114.727735,
                                38.278963
                            ],
                            [
                                114.722444,
                                38.278036
                            ],
                            [
                                114.719387,
                                38.275688
                            ],
                            [
                                114.717924,
                                38.273095
                            ],
                            [
                                114.718058,
                                38.268833
                            ],
                            [
                                114.718436,
                                38.265161
                            ],
                            [
                                114.71867,
                                38.259828
                            ],
                            [
                                114.71931,
                                38.255287
                            ],
                            [
                                114.718814,
                                38.253502
                            ],
                            [
                                114.710014,
                                38.252168
                            ],
                            [
                                114.706485,
                                38.249031
                            ],
                            [
                                114.699952,
                                38.248292
                            ],
                            [
                                114.699979,
                                38.247152
                            ],
                            [
                                114.694789,
                                38.2461
                            ],
                            [
                                114.69503,
                                38.243198
                            ],
                            [
                                114.701057,
                                38.243516
                            ],
                            [
                                114.701502,
                                38.243119
                            ],
                            [
                                114.70105,
                                38.235011
                            ],
                            [
                                114.699065,
                                38.233926
                            ],
                            [
                                114.697652,
                                38.234554
                            ],
                            [
                                114.696597,
                                38.230441
                            ],
                            [
                                114.696781,
                                38.22727
                            ],
                            [
                                114.690499,
                                38.228387
                            ],
                            [
                                114.689196,
                                38.228923
                            ],
                            [
                                114.687807,
                                38.230257
                            ],
                            [
                                114.686826,
                                38.230247
                            ],
                            [
                                114.685058,
                                38.229075
                            ],
                            [
                                114.685557,
                                38.224468
                            ],
                            [
                                114.686176,
                                38.222165
                            ],
                            [
                                114.687137,
                                38.221477
                            ],
                            [
                                114.688098,
                                38.216505
                            ],
                            [
                                114.687659,
                                38.214511
                            ],
                            [
                                114.684649,
                                38.211335
                            ],
                            [
                                114.685473,
                                38.206976
                            ],
                            [
                                114.685878,
                                38.199473
                            ],
                            [
                                114.687201,
                                38.199307
                            ],
                            [
                                114.687542,
                                38.192703
                            ],
                            [
                                114.68626,
                                38.185661
                            ],
                            [
                                114.685845,
                                38.184372
                            ],
                            [
                                114.681167,
                                38.180908
                            ],
                            [
                                114.680838,
                                38.179435
                            ],
                            [
                                114.681163,
                                38.177264
                            ],
                            [
                                114.681003,
                                38.172557
                            ],
                            [
                                114.682288,
                                38.172548
                            ],
                            [
                                114.682037,
                                38.165078
                            ],
                            [
                                114.681445,
                                38.16456
                            ],
                            [
                                114.679094,
                                38.16457
                            ],
                            [
                                114.678736,
                                38.164098
                            ],
                            [
                                114.679087,
                                38.15764
                            ],
                            [
                                114.678642,
                                38.146425
                            ],
                            [
                                114.68036,
                                38.146079
                            ],
                            [
                                114.680293,
                                38.143842
                            ],
                            [
                                114.669641,
                                38.142738
                            ],
                            [
                                114.667494,
                                38.138117
                            ],
                            [
                                114.668368,
                                38.138084
                            ],
                            [
                                114.668194,
                                38.13697
                            ],
                            [
                                114.670277,
                                38.136758
                            ],
                            [
                                114.670073,
                                38.13545
                            ],
                            [
                                114.667558,
                                38.134844
                            ],
                            [
                                114.668613,
                                38.13288
                            ],
                            [
                                114.669028,
                                38.125406
                            ],
                            [
                                114.666741,
                                38.122027
                            ],
                            [
                                114.665318,
                                38.122041
                            ],
                            [
                                114.664618,
                                38.117576
                            ],
                            [
                                114.664193,
                                38.113531
                            ],
                            [
                                114.663798,
                                38.102842
                            ],
                            [
                                114.673174,
                                38.099605
                            ],
                            [
                                114.680919,
                                38.101246
                            ],
                            [
                                114.693422,
                                38.102351
                            ],
                            [
                                114.693851,
                                38.097154
                            ],
                            [
                                114.703779,
                                38.097205
                            ],
                            [
                                114.703793,
                                38.094158
                            ],
                            [
                                114.705464,
                                38.093899
                            ],
                            [
                                114.705417,
                                38.091739
                            ],
                            [
                                114.707379,
                                38.091355
                            ],
                            [
                                114.705095,
                                38.078554
                            ],
                            [
                                114.699366,
                                38.070145
                            ],
                            [
                                114.695378,
                                38.063386
                            ],
                            [
                                114.694547,
                                38.063534
                            ],
                            [
                                114.693047,
                                38.065167
                            ],
                            [
                                114.691189,
                                38.065334
                            ],
                            [
                                114.689746,
                                38.064668
                            ],
                            [
                                114.687683,
                                38.062391
                            ],
                            [
                                114.687576,
                                38.060046
                            ],
                            [
                                114.68414,
                                38.060485
                            ],
                            [
                                114.683645,
                                38.058274
                            ],
                            [
                                114.681716,
                                38.059273
                            ],
                            [
                                114.679275,
                                38.053837
                            ],
                            [
                                114.679355,
                                38.051579
                            ],
                            [
                                114.67902,
                                38.051584
                            ],
                            [
                                114.678926,
                                38.04629
                            ],
                            [
                                114.676405,
                                38.046184
                            ],
                            [
                                114.676221,
                                38.042783
                            ],
                            [
                                114.676596,
                                38.042362
                            ],
                            [
                                114.678558,
                                38.038169
                            ],
                            [
                                114.680711,
                                38.036628
                            ],
                            [
                                114.681877,
                                38.034855
                            ],
                            [
                                114.68269,
                                38.031389
                            ],
                            [
                                114.68119,
                                38.030324
                            ],
                            [
                                114.674038,
                                38.029468
                            ],
                            [
                                114.674058,
                                38.025687
                            ],
                            [
                                114.670307,
                                38.025895
                            ],
                            [
                                114.667012,
                                38.024891
                            ],
                            [
                                114.667153,
                                38.021965
                            ],
                            [
                                114.664672,
                                38.021799
                            ],
                            [
                                114.664725,
                                38.019767
                            ],
                            [
                                114.662418,
                                38.019859
                            ],
                            [
                                114.662475,
                                38.018017
                            ],
                            [
                                114.66146,
                                38.016804
                            ],
                            [
                                114.659619,
                                38.015624
                            ],
                            [
                                114.656859,
                                38.015313
                            ],
                            [
                                114.655416,
                                38.013369
                            ],
                            [
                                114.65261,
                                38.012272
                            ],
                            [
                                114.652546,
                                38.010013
                            ],
                            [
                                114.654127,
                                38.010027
                            ],
                            [
                                114.655724,
                                38.008337
                            ],
                            [
                                114.655845,
                                38.002573
                            ],
                            [
                                114.657007,
                                38.002725
                            ],
                            [
                                114.65708,
                                38.000711
                            ],
                            [
                                114.658875,
                                37.994729
                            ],
                            [
                                114.662435,
                                37.992034
                            ],
                            [
                                114.665532,
                                37.991705
                            ],
                            [
                                114.665797,
                                37.988565
                            ],
                            [
                                114.668107,
                                37.988459
                            ],
                            [
                                114.66808,
                                37.986342
                            ],
                            [
                                114.669708,
                                37.98638
                            ],
                            [
                                114.669745,
                                37.984587
                            ],
                            [
                                114.670913,
                                37.978872
                            ],
                            [
                                114.673957,
                                37.969683
                            ],
                            [
                                114.67381,
                                37.968951
                            ],
                            [
                                114.670337,
                                37.96927
                            ],
                            [
                                114.67084,
                                37.967052
                            ],
                            [
                                114.672166,
                                37.966922
                            ],
                            [
                                114.672219,
                                37.963911
                            ],
                            [
                                114.673736,
                                37.964471
                            ],
                            [
                                114.676911,
                                37.964671
                            ],
                            [
                                114.676927,
                                37.963397
                            ],
                            [
                                114.679338,
                                37.962308
                            ],
                            [
                                114.681967,
                                37.962364
                            ],
                            [
                                114.683501,
                                37.961201
                            ],
                            [
                                114.683574,
                                37.959315
                            ],
                            [
                                114.680721,
                                37.959338
                            ],
                            [
                                114.680862,
                                37.958324
                            ],
                            [
                                114.68254,
                                37.954668
                            ],
                            [
                                114.688436,
                                37.948557
                            ],
                            [
                                114.695204,
                                37.942677
                            ],
                            [
                                114.701928,
                                37.938636
                            ],
                            [
                                114.709522,
                                37.935522
                            ],
                            [
                                114.728224,
                                37.924733
                            ],
                            [
                                114.740449,
                                37.921192
                            ],
                            [
                                114.748844,
                                37.920362
                            ],
                            [
                                114.757242,
                                37.920441
                            ],
                            [
                                114.765547,
                                37.915759
                            ],
                            [
                                114.766424,
                                37.90964
                            ],
                            [
                                114.764,
                                37.908796
                            ],
                            [
                                114.764402,
                                37.904202
                            ],
                            [
                                114.763601,
                                37.90384
                            ],
                            [
                                114.759205,
                                37.903724
                            ],
                            [
                                114.759379,
                                37.90161
                            ],
                            [
                                114.756087,
                                37.902361
                            ],
                            [
                                114.753569,
                                37.902389
                            ],
                            [
                                114.75448,
                                37.897377
                            ],
                            [
                                114.749219,
                                37.896946
                            ],
                            [
                                114.749681,
                                37.893672
                            ],
                            [
                                114.747646,
                                37.893352
                            ],
                            [
                                114.747759,
                                37.892049
                            ],
                            [
                                114.753274,
                                37.892443
                            ],
                            [
                                114.753834,
                                37.891711
                            ],
                            [
                                114.754376,
                                37.888627
                            ],
                            [
                                114.757169,
                                37.888845
                            ],
                            [
                                114.757447,
                                37.886387
                            ],
                            [
                                114.758009,
                                37.885826
                            ],
                            [
                                114.760578,
                                37.886169
                            ],
                            [
                                114.76037,
                                37.887486
                            ],
                            [
                                114.761716,
                                37.887625
                            ],
                            [
                                114.761381,
                                37.889327
                            ],
                            [
                                114.774153,
                                37.891502
                            ],
                            [
                                114.778857,
                                37.891497
                            ],
                            [
                                114.781134,
                                37.894363
                            ],
                            [
                                114.785397,
                                37.895888
                            ],
                            [
                                114.796049,
                                37.893751
                            ],
                            [
                                114.802773,
                                37.888084
                            ],
                            [
                                114.81095,
                                37.880817
                            ],
                            [
                                114.818799,
                                37.87675
                            ],
                            [
                                114.826591,
                                37.876115
                            ],
                            [
                                114.835254,
                                37.875716
                            ],
                            [
                                114.868113,
                                37.878002
                            ],
                            [
                                114.879994,
                                37.874885
                            ],
                            [
                                114.886966,
                                37.871732
                            ],
                            [
                                114.897487,
                                37.868308
                            ],
                            [
                                114.90259,
                                37.862074
                            ],
                            [
                                114.900631,
                                37.861754
                            ],
                            [
                                114.900212,
                                37.85962
                            ],
                            [
                                114.900561,
                                37.85782
                            ],
                            [
                                114.905436,
                                37.857286
                            ],
                            [
                                114.905728,
                                37.853951
                            ],
                            [
                                114.907228,
                                37.854044
                            ],
                            [
                                114.907459,
                                37.85686
                            ],
                            [
                                114.908406,
                                37.856762
                            ],
                            [
                                114.908128,
                                37.855301
                            ],
                            [
                                114.90913,
                                37.854433
                            ],
                            [
                                114.91208,
                                37.853807
                            ],
                            [
                                114.915656,
                                37.854164
                            ],
                            [
                                114.915656,
                                37.855505
                            ],
                            [
                                114.922052,
                                37.855858
                            ],
                            [
                                114.923622,
                                37.856567
                            ],
                            [
                                114.926934,
                                37.856535
                            ],
                            [
                                114.93192,
                                37.857727
                            ],
                            [
                                114.93405,
                                37.857732
                            ],
                            [
                                114.938209,
                                37.85564
                            ],
                            [
                                114.938195,
                                37.852731
                            ],
                            [
                                114.940067,
                                37.850722
                            ],
                            [
                                114.943044,
                                37.851014
                            ],
                            [
                                114.943432,
                                37.852694
                            ],
                            [
                                114.95019,
                                37.853218
                            ],
                            [
                                114.950434,
                                37.85178
                            ],
                            [
                                114.952169,
                                37.851724
                            ],
                            [
                                114.954536,
                                37.853705
                            ],
                            [
                                114.954553,
                                37.855839
                            ],
                            [
                                114.957938,
                                37.856952
                            ],
                            [
                                114.959934,
                                37.857082
                            ],
                            [
                                114.960038,
                                37.856428
                            ],
                            [
                                114.962372,
                                37.856493
                            ],
                            [
                                114.964404,
                                37.85878
                            ],
                            [
                                114.966293,
                                37.859801
                            ],
                            [
                                114.971647,
                                37.860599
                            ],
                            [
                                114.973509,
                                37.860422
                            ],
                            [
                                114.973378,
                                37.85859
                            ],
                            [
                                114.9738,
                                37.858247
                            ],
                            [
                                114.980337,
                                37.858558
                            ],
                            [
                                114.98392,
                                37.859439
                            ],
                            [
                                114.987399,
                                37.859569
                            ],
                            [
                                114.986974,
                                37.870753
                            ],
                            [
                                114.986247,
                                37.879788
                            ],
                            [
                                114.985423,
                                37.880706
                            ],
                            [
                                114.979767,
                                37.88027
                            ],
                            [
                                114.979483,
                                37.884203
                            ],
                            [
                                114.977504,
                                37.884421
                            ],
                            [
                                114.977511,
                                37.888247
                            ],
                            [
                                114.973532,
                                37.888205
                            ],
                            [
                                114.972916,
                                37.89101
                            ],
                            [
                                114.971932,
                                37.891238
                            ],
                            [
                                114.971912,
                                37.893014
                            ],
                            [
                                114.971018,
                                37.893199
                            ],
                            [
                                114.970509,
                                37.897715
                            ],
                            [
                                114.96716,
                                37.897919
                            ],
                            [
                                114.967056,
                                37.901777
                            ],
                            [
                                114.966383,
                                37.902723
                            ],
                            [
                                114.964783,
                                37.902871
                            ],
                            [
                                114.964816,
                                37.904081
                            ],
                            [
                                114.966346,
                                37.909264
                            ],
                            [
                                114.967917,
                                37.911119
                            ],
                            [
                                114.968516,
                                37.914238
                            ],
                            [
                                114.971091,
                                37.9139
                            ],
                            [
                                114.971724,
                                37.916158
                            ],
                            [
                                114.972876,
                                37.918002
                            ],
                            [
                                114.975187,
                                37.917465
                            ],
                            [
                                114.976874,
                                37.919444
                            ],
                            [
                                114.979844,
                                37.919235
                            ],
                            [
                                114.98038,
                                37.919551
                            ],
                            [
                                114.979881,
                                37.925498
                            ],
                            [
                                114.980404,
                                37.928455
                            ],
                            [
                                114.979004,
                                37.928603
                            ],
                            [
                                114.977377,
                                37.930985
                            ],
                            [
                                114.977407,
                                37.936741
                            ],
                            [
                                114.974648,
                                37.937028
                            ],
                            [
                                114.974986,
                                37.939948
                            ],
                            [
                                114.974246,
                                37.940175
                            ],
                            [
                                114.97518,
                                37.941593
                            ],
                            [
                                114.977655,
                                37.946792
                            ],
                            [
                                114.980698,
                                37.962841
                            ],
                            [
                                114.981519,
                                37.968344
                            ],
                            [
                                114.979707,
                                37.975653
                            ],
                            [
                                114.976118,
                                37.986384
                            ],
                            [
                                114.974306,
                                37.993238
                            ],
                            [
                                114.97368,
                                37.998267
                            ],
                            [
                                114.975033,
                                38.008351
                            ],
                            [
                                114.97229,
                                38.021604
                            ],
                            [
                                114.972518,
                                38.028473
                            ],
                            [
                                114.974216,
                                38.0333
                            ],
                            [
                                114.977953,
                                38.037688
                            ],
                            [
                                114.98111,
                                38.042061
                            ],
                            [
                                114.981937,
                                38.046647
                            ],
                            [
                                114.981013,
                                38.052588
                            ],
                            [
                                114.978582,
                                38.062641
                            ],
                            [
                                114.979396,
                                38.069058
                            ],
                            [
                                114.983387,
                                38.088336
                            ],
                            [
                                114.983515,
                                38.090074
                            ],
                            [
                                114.983009,
                                38.090477
                            ],
                            [
                                114.969896,
                                38.090444
                            ],
                            [
                                114.965449,
                                38.088178
                            ],
                            [
                                114.963748,
                                38.08539
                            ],
                            [
                                114.960118,
                                38.083924
                            ],
                            [
                                114.943908,
                                38.076842
                            ],
                            [
                                114.940111,
                                38.071787
                            ],
                            [
                                114.909244,
                                38.067383
                            ],
                            [
                                114.904191,
                                38.060985
                            ],
                            [
                                114.898833,
                                38.060781
                            ],
                            [
                                114.898518,
                                38.06198
                            ],
                            [
                                114.892394,
                                38.061947
                            ],
                            [
                                114.890096,
                                38.060814
                            ],
                            [
                                114.880228,
                                38.053379
                            ],
                            [
                                114.879676,
                                38.052685
                            ],
                            [
                                114.880242,
                                38.050339
                            ],
                            [
                                114.869731,
                                38.049613
                            ],
                            [
                                114.867474,
                                38.048437
                            ],
                            [
                                114.864962,
                                38.048016
                            ],
                            [
                                114.850496,
                                38.047517
                            ],
                            [
                                114.846739,
                                38.047628
                            ],
                            [
                                114.845778,
                                38.048757
                            ],
                            [
                                114.845614,
                                38.050085
                            ],
                            [
                                114.842065,
                                38.050075
                            ],
                            [
                                114.841974,
                                38.051695
                            ],
                            [
                                114.841043,
                                38.051806
                            ],
                            [
                                114.841241,
                                38.054813
                            ],
                            [
                                114.837162,
                                38.05492
                            ],
                            [
                                114.835883,
                                38.054027
                            ],
                            [
                                114.835505,
                                38.054799
                            ],
                            [
                                114.828312,
                                38.055452
                            ],
                            [
                                114.827639,
                                38.055734
                            ],
                            [
                                114.824672,
                                38.060171
                            ],
                            [
                                114.824619,
                                38.064182
                            ],
                            [
                                114.827904,
                                38.066532
                            ],
                            [
                                114.828108,
                                38.074174
                            ],
                            [
                                114.827532,
                                38.076084
                            ],
                            [
                                114.828671,
                                38.082351
                            ],
                            [
                                114.831872,
                                38.082055
                            ],
                            [
                                114.836536,
                                38.085316
                            ],
                            [
                                114.834145,
                                38.087984
                            ],
                            [
                                114.833981,
                                38.09087
                            ],
                            [
                                114.835589,
                                38.092142
                            ],
                            [
                                114.835394,
                                38.09395
                            ],
                            [
                                114.838924,
                                38.094315
                            ],
                            [
                                114.838562,
                                38.0988
                            ],
                            [
                                114.841794,
                                38.098786
                            ],
                            [
                                114.84242,
                                38.099466
                            ],
                            [
                                114.840849,
                                38.1028
                            ],
                            [
                                114.838033,
                                38.102943
                            ],
                            [
                                114.829005,
                                38.102629
                            ],
                            [
                                114.825828,
                                38.103031
                            ],
                            [
                                114.82494,
                                38.102846
                            ],
                            [
                                114.823829,
                                38.101246
                            ],
                            [
                                114.822767,
                                38.101232
                            ],
                            [
                                114.822559,
                                38.10391
                            ],
                            [
                                114.822914,
                                38.104483
                            ],
                            [
                                114.822747,
                                38.107539
                            ],
                            [
                                114.820905,
                                38.10771
                            ],
                            [
                                114.819951,
                                38.110355
                            ],
                            [
                                114.815521,
                                38.110281
                            ],
                            [
                                114.813398,
                                38.109869
                            ],
                            [
                                114.812912,
                                38.11054
                            ],
                            [
                                114.812075,
                                38.116374
                            ],
                            [
                                114.812407,
                                38.119785
                            ],
                            [
                                114.811425,
                                38.119785
                            ],
                            [
                                114.81169,
                                38.12199
                            ],
                            [
                                114.80886,
                                38.122332
                            ],
                            [
                                114.80808,
                                38.125767
                            ],
                            [
                                114.808157,
                                38.129613
                            ],
                            [
                                114.806707,
                                38.131637
                            ],
                            [
                                114.803365,
                                38.131919
                            ],
                            [
                                114.803222,
                                38.135149
                            ],
                            [
                                114.803597,
                                38.136189
                            ],
                            [
                                114.805666,
                                38.135991
                            ],
                            [
                                114.806506,
                                38.136841
                            ],
                            [
                                114.808003,
                                38.143838
                            ],
                            [
                                114.80506,
                                38.14929
                            ],
                            [
                                114.800292,
                                38.149092
                            ],
                            [
                                114.798162,
                                38.149605
                            ],
                            [
                                114.79555,
                                38.150982
                            ],
                            [
                                114.795547,
                                38.154179
                            ],
                            [
                                114.796601,
                                38.154415
                            ],
                            [
                                114.797047,
                                38.156018
                            ],
                            [
                                114.798594,
                                38.16451
                            ],
                            [
                                114.798902,
                                38.17161
                            ],
                            [
                                114.801179,
                                38.171587
                            ],
                            [
                                114.801299,
                                38.170441
                            ],
                            [
                                114.802428,
                                38.16967
                            ],
                            [
                                114.803898,
                                38.169878
                            ],
                            [
                                114.803838,
                                38.171878
                            ],
                            [
                                114.80437,
                                38.172908
                            ],
                            [
                                114.805887,
                                38.173143
                            ],
                            [
                                114.806848,
                                38.174109
                            ],
                            [
                                114.806958,
                                38.176977
                            ],
                            [
                                114.806021,
                                38.179869
                            ],
                            [
                                114.803771,
                                38.17986
                            ],
                            [
                                114.803436,
                                38.182395
                            ],
                            [
                                114.803734,
                                38.184474
                            ],
                            [
                                114.802327,
                                38.185665
                            ],
                            [
                                114.796457,
                                38.186113
                            ],
                            [
                                114.788518,
                                38.187517
                            ],
                            [
                                114.786683,
                                38.188205
                            ],
                            [
                                114.786254,
                                38.189309
                            ],
                            [
                                114.786921,
                                38.193447
                            ],
                            [
                                114.788632,
                                38.194989
                            ],
                            [
                                114.789114,
                                38.197192
                            ],
                            [
                                114.792178,
                                38.197686
                            ],
                            [
                                114.794247,
                                38.19848
                            ],
                            [
                                114.79559,
                                38.198628
                            ],
                            [
                                114.795506,
                                38.200401
                            ],
                            [
                                114.793487,
                                38.201186
                            ],
                            [
                                114.793397,
                                38.203656
                            ],
                            [
                                114.791984,
                                38.204164
                            ],
                            [
                                114.791404,
                                38.205148
                            ],
                            [
                                114.790417,
                                38.20554
                            ],
                            [
                                114.790567,
                                38.206325
                            ],
                            [
                                114.791937,
                                38.206367
                            ],
                            [
                                114.792108,
                                38.207983
                            ],
                            [
                                114.792761,
                                38.207544
                            ],
                            [
                                114.792824,
                                38.206358
                            ],
                            [
                                114.79486,
                                38.206344
                            ],
                            [
                                114.794977,
                                38.208943
                            ],
                            [
                                114.792228,
                                38.208504
                            ],
                            [
                                114.792509,
                                38.211469
                            ],
                            [
                                114.793839,
                                38.214377
                            ],
                            [
                                114.794897,
                                38.214483
                            ],
                            [
                                114.795272,
                                38.213232
                            ],
                            [
                                114.797713,
                                38.214031
                            ],
                            [
                                114.799002,
                                38.214968
                            ],
                            [
                                114.798199,
                                38.220854
                            ],
                            [
                                114.79839,
                                38.225387
                            ],
                            [
                                114.800506,
                                38.225867
                            ],
                            [
                                114.800529,
                                38.227704
                            ],
                            [
                                114.801142,
                                38.228761
                            ],
                            [
                                114.804789,
                                38.228835
                            ],
                            [
                                114.815789,
                                38.231623
                            ],
                            [
                                114.821126,
                                38.22949
                            ],
                            [
                                114.823668,
                                38.228983
                            ],
                            [
                                114.82626,
                                38.229047
                            ],
                            [
                                114.827371,
                                38.229407
                            ],
                            [
                                114.828128,
                                38.230967
                            ],
                            [
                                114.830278,
                                38.231687
                            ],
                            [
                                114.833151,
                                38.232075
                            ],
                            [
                                114.837996,
                                38.231872
                            ],
                            [
                                114.838026,
                                38.235694
                            ],
                            [
                                114.836714,
                                38.235726
                            ],
                            [
                                114.837327,
                                38.243913
                            ],
                            [
                                114.837866,
                                38.245966
                            ],
                            [
                                114.839088,
                                38.247609
                            ],
                            [
                                114.839235,
                                38.254185
                            ],
                            [
                                114.840387,
                                38.254928
                            ],
                            [
                                114.843582,
                                38.254858
                            ],
                            [
                                114.844057,
                                38.252219
                            ],
                            [
                                114.848343,
                                38.251144
                            ],
                            [
                                114.849766,
                                38.257599
                            ],
                            [
                                114.853393,
                                38.256612
                            ],
                            [
                                114.854933,
                                38.256561
                            ],
                            [
                                114.854511,
                                38.259315
                            ],
                            [
                                114.856457,
                                38.2598
                            ],
                            [
                                114.857964,
                                38.259191
                            ],
                            [
                                114.858124,
                                38.263449
                            ],
                            [
                                114.859718,
                                38.263468
                            ]
                        ]
                    ]
                ]
            }
        }
    ]
}