{
    "type": "FeatureCollection",
    "features": [
        {
            "type": "Feature",
            "properties": {
                "adcode": 130107,
                "name": "井陉矿区",
                "center": [
                    114.058178,
                    38.069748
                ],
                "centroid": [
                    114.045943,
                    38.077325
                ],
                "childrenNum": 0,
                "level": "district",
                "acroutes": [
                    100000,
                    130000,
                    130100
                ],
                "parent": {
                    "adcode": 130100
                }
            },
            "geometry": {
                "type": "MultiPolygon",
                "coordinates": [
                    [
                        [
                            [
                                114.100939,
                                38.071505
                            ],
                            [
                                114.103026,
                                38.072118
                            ],
                            [
                                114.108816,
                                38.077529
                            ],
                            [
                                114.108824,
                                38.079213
                            ],
                            [
                                114.107614,
                                38.081486
                            ],
                            [
                                114.106054,
                                38.082287
                            ],
                            [
                                114.094307,
                                38.081677
                            ],
                            [
                                114.0843,
                                38.07972
                            ],
                            [
                                114.080958,
                                38.080611
                            ],
                            [
                                114.081387,
                                38.084005
                            ],
                            [
                                114.080653,
                                38.084625
                            ],
                            [
                                114.080695,
                                38.085515
                            ],
                            [
                                114.082602,
                                38.086754
                            ],
                            [
                                114.082717,
                                38.087916
                            ],
                            [
                                114.081949,
                                38.091484
                            ],
                            [
                                114.087627,
                                38.097288
                            ],
                            [
                                114.089213,
                                38.098443
                            ],
                            [
                                114.091573,
                                38.099325
                            ],
                            [
                                114.093713,
                                38.101886
                            ],
                            [
                                114.095961,
                                38.102191
                            ],
                            [
                                114.09652,
                                38.101732
                            ],
                            [
                                114.097033,
                                38.101736
                            ],
                            [
                                114.097692,
                                38.102839
                            ],
                            [
                                114.098048,
                                38.104237
                            ],
                            [
                                114.097975,
                                38.104606
                            ],
                            [
                                114.095294,
                                38.107548
                            ],
                            [
                                114.095085,
                                38.107866
                            ],
                            [
                                114.095022,
                                38.108205
                            ],
                            [
                                114.095309,
                                38.108676
                            ],
                            [
                                114.095688,
                                38.11153
                            ],
                            [
                                114.095668,
                                38.112055
                            ],
                            [
                                114.094484,
                                38.113291
                            ],
                            [
                                114.093065,
                                38.115259
                            ],
                            [
                                114.092818,
                                38.116779
                            ],
                            [
                                114.093901,
                                38.118741
                            ],
                            [
                                114.094754,
                                38.119635
                            ],
                            [
                                114.095741,
                                38.120447
                            ],
                            [
                                114.096437,
                                38.120629
                            ],
                            [
                                114.096954,
                                38.121437
                            ],
                            [
                                114.098751,
                                38.122477
                            ],
                            [
                                114.098695,
                                38.123036
                            ],
                            [
                                114.099569,
                                38.124767
                            ],
                            [
                                114.100713,
                                38.123688
                            ],
                            [
                                114.101272,
                                38.123276
                            ],
                            [
                                114.101696,
                                38.123187
                            ],
                            [
                                114.102232,
                                38.123216
                            ],
                            [
                                114.102875,
                                38.123479
                            ],
                            [
                                114.103193,
                                38.123935
                            ],
                            [
                                114.103269,
                                38.124628
                            ],
                            [
                                114.102649,
                                38.129233
                            ],
                            [
                                114.103164,
                                38.132027
                            ],
                            [
                                114.103881,
                                38.133141
                            ],
                            [
                                114.105158,
                                38.133514
                            ],
                            [
                                114.105785,
                                38.133437
                            ],
                            [
                                114.106459,
                                38.132796
                            ],
                            [
                                114.107698,
                                38.131263
                            ],
                            [
                                114.110451,
                                38.131947
                            ],
                            [
                                114.110709,
                                38.133407
                            ],
                            [
                                114.110338,
                                38.134216
                            ],
                            [
                                114.109565,
                                38.134679
                            ],
                            [
                                114.108146,
                                38.135231
                            ],
                            [
                                114.107662,
                                38.135613
                            ],
                            [
                                114.107599,
                                38.135997
                            ],
                            [
                                114.107819,
                                38.136328
                            ],
                            [
                                114.108346,
                                38.136587
                            ],
                            [
                                114.110727,
                                38.136684
                            ],
                            [
                                114.111359,
                                38.137068
                            ],
                            [
                                114.110652,
                                38.137758
                            ],
                            [
                                114.10768,
                                38.138606
                            ],
                            [
                                114.105933,
                                38.137922
                            ],
                            [
                                114.103878,
                                38.136228
                            ],
                            [
                                114.100187,
                                38.135683
                            ],
                            [
                                114.097282,
                                38.135377
                            ],
                            [
                                114.09498,
                                38.134052
                            ],
                            [
                                114.091274,
                                38.130005
                            ],
                            [
                                114.091542,
                                38.129415
                            ],
                            [
                                114.093304,
                                38.129342
                            ],
                            [
                                114.094827,
                                38.129876
                            ],
                            [
                                114.097392,
                                38.129778
                            ],
                            [
                                114.097015,
                                38.125015
                            ],
                            [
                                114.09683,
                                38.124644
                            ],
                            [
                                114.096089,
                                38.124352
                            ],
                            [
                                114.094296,
                                38.123982
                            ],
                            [
                                114.094118,
                                38.123746
                            ],
                            [
                                114.094091,
                                38.122479
                            ],
                            [
                                114.09395,
                                38.121602
                            ],
                            [
                                114.094592,
                                38.120796
                            ],
                            [
                                114.092215,
                                38.117279
                            ],
                            [
                                114.090088,
                                38.118158
                            ],
                            [
                                114.087796,
                                38.117798
                            ],
                            [
                                114.086171,
                                38.116697
                            ],
                            [
                                114.084889,
                                38.116044
                            ],
                            [
                                114.084391,
                                38.116206
                            ],
                            [
                                114.08355,
                                38.116993
                            ],
                            [
                                114.083457,
                                38.118001
                            ],
                            [
                                114.081304,
                                38.12023
                            ],
                            [
                                114.076392,
                                38.116441
                            ],
                            [
                                114.075754,
                                38.114739
                            ],
                            [
                                114.076484,
                                38.113166
                            ],
                            [
                                114.07422,
                                38.111525
                            ],
                            [
                                114.07273,
                                38.111664
                            ],
                            [
                                114.070299,
                                38.112997
                            ],
                            [
                                114.067861,
                                38.115976
                            ],
                            [
                                114.065521,
                                38.117817
                            ],
                            [
                                114.063756,
                                38.118419
                            ],
                            [
                                114.062747,
                                38.117754
                            ],
                            [
                                114.061546,
                                38.114554
                            ],
                            [
                                114.06025,
                                38.113673
                            ],
                            [
                                114.057765,
                                38.11316
                            ],
                            [
                                114.056198,
                                38.113727
                            ],
                            [
                                114.054129,
                                38.115771
                            ],
                            [
                                114.052215,
                                38.116211
                            ],
                            [
                                114.049655,
                                38.115747
                            ],
                            [
                                114.049502,
                                38.11594
                            ],
                            [
                                114.046921,
                                38.117442
                            ],
                            [
                                114.045348,
                                38.117936
                            ],
                            [
                                114.043341,
                                38.119659
                            ],
                            [
                                114.038907,
                                38.119829
                            ],
                            [
                                114.0384,
                                38.119439
                            ],
                            [
                                114.036746,
                                38.116684
                            ],
                            [
                                114.034869,
                                38.114588
                            ],
                            [
                                114.034071,
                                38.114399
                            ],
                            [
                                114.032768,
                                38.113722
                            ],
                            [
                                114.030347,
                                38.111988
                            ],
                            [
                                114.02822,
                                38.109513
                            ],
                            [
                                114.027228,
                                38.108997
                            ],
                            [
                                114.023808,
                                38.109249
                            ],
                            [
                                114.021887,
                                38.108123
                            ],
                            [
                                114.006878,
                                38.102967
                            ],
                            [
                                114.005188,
                                38.102538
                            ],
                            [
                                114.002137,
                                38.099509
                            ],
                            [
                                113.999451,
                                38.097327
                            ],
                            [
                                113.998645,
                                38.095949
                            ],
                            [
                                113.997552,
                                38.09321
                            ],
                            [
                                113.997329,
                                38.090801
                            ],
                            [
                                113.996671,
                                38.087773
                            ],
                            [
                                113.995001,
                                38.085316
                            ],
                            [
                                113.993181,
                                38.082395
                            ],
                            [
                                113.991727,
                                38.078617
                            ],
                            [
                                113.990845,
                                38.073812
                            ],
                            [
                                113.989324,
                                38.069064
                            ],
                            [
                                113.988298,
                                38.066718
                            ],
                            [
                                113.987862,
                                38.064891
                            ],
                            [
                                113.988664,
                                38.064262
                            ],
                            [
                                113.991487,
                                38.062551
                            ],
                            [
                                113.994969,
                                38.06142
                            ],
                            [
                                113.998519,
                                38.059143
                            ],
                            [
                                114.000256,
                                38.057717
                            ],
                            [
                                114.0004,
                                38.05727
                            ],
                            [
                                114.00495,
                                38.056858
                            ],
                            [
                                114.006775,
                                38.056407
                            ],
                            [
                                114.007248,
                                38.056049
                            ],
                            [
                                114.008196,
                                38.05512
                            ],
                            [
                                114.007697,
                                38.052736
                            ],
                            [
                                114.007695,
                                38.051885
                            ],
                            [
                                114.00929,
                                38.05146
                            ],
                            [
                                114.012822,
                                38.049904
                            ],
                            [
                                114.01411,
                                38.048322
                            ],
                            [
                                114.014563,
                                38.047072
                            ],
                            [
                                114.014748,
                                38.040459
                            ],
                            [
                                114.015325,
                                38.039336
                            ],
                            [
                                114.015786,
                                38.039263
                            ],
                            [
                                114.017615,
                                38.040072
                            ],
                            [
                                114.018641,
                                38.04038
                            ],
                            [
                                114.019404,
                                38.040402
                            ],
                            [
                                114.020291,
                                38.040274
                            ],
                            [
                                114.021352,
                                38.039732
                            ],
                            [
                                114.021909,
                                38.039052
                            ],
                            [
                                114.022388,
                                38.038031
                            ],
                            [
                                114.024528,
                                38.036282
                            ],
                            [
                                114.026754,
                                38.035606
                            ],
                            [
                                114.027723,
                                38.033648
                            ],
                            [
                                114.028657,
                                38.033229
                            ],
                            [
                                114.033904,
                                38.033021
                            ],
                            [
                                114.034745,
                                38.033071
                            ],
                            [
                                114.039228,
                                38.030072
                            ],
                            [
                                114.04092,
                                38.028699
                            ],
                            [
                                114.042035,
                                38.02893
                            ],
                            [
                                114.049164,
                                38.027152
                            ],
                            [
                                114.049651,
                                38.02726
                            ],
                            [
                                114.050131,
                                38.027785
                            ],
                            [
                                114.050634,
                                38.027791
                            ],
                            [
                                114.050639,
                                38.027266
                            ],
                            [
                                114.050024,
                                38.026225
                            ],
                            [
                                114.049679,
                                38.025228
                            ],
                            [
                                114.049041,
                                38.025176
                            ],
                            [
                                114.048636,
                                38.025473
                            ],
                            [
                                114.048068,
                                38.025519
                            ],
                            [
                                114.047712,
                                38.025364
                            ],
                            [
                                114.047284,
                                38.025027
                            ],
                            [
                                114.047217,
                                38.024762
                            ],
                            [
                                114.047474,
                                38.02426
                            ],
                            [
                                114.048656,
                                38.023775
                            ],
                            [
                                114.049796,
                                38.023167
                            ],
                            [
                                114.050828,
                                38.023276
                            ],
                            [
                                114.051001,
                                38.024647
                            ],
                            [
                                114.050933,
                                38.026386
                            ],
                            [
                                114.051532,
                                38.027409
                            ],
                            [
                                114.055707,
                                38.029848
                            ],
                            [
                                114.059104,
                                38.031262
                            ],
                            [
                                114.062574,
                                38.031429
                            ],
                            [
                                114.06611,
                                38.030457
                            ],
                            [
                                114.067641,
                                38.029588
                            ],
                            [
                                114.069884,
                                38.029898
                            ],
                            [
                                114.070378,
                                38.030659
                            ],
                            [
                                114.068828,
                                38.03222
                            ],
                            [
                                114.068196,
                                38.034447
                            ],
                            [
                                114.070566,
                                38.035018
                            ],
                            [
                                114.070358,
                                38.037434
                            ],
                            [
                                114.071968,
                                38.039566
                            ],
                            [
                                114.073128,
                                38.044707
                            ],
                            [
                                114.079116,
                                38.050459
                            ],
                            [
                                114.079633,
                                38.052357
                            ],
                            [
                                114.079944,
                                38.053017
                            ],
                            [
                                114.077457,
                                38.054166
                            ],
                            [
                                114.077435,
                                38.055089
                            ],
                            [
                                114.077915,
                                38.055289
                            ],
                            [
                                114.077873,
                                38.056592
                            ],
                            [
                                114.077334,
                                38.063753
                            ],
                            [
                                114.076426,
                                38.067854
                            ],
                            [
                                114.073282,
                                38.069878
                            ],
                            [
                                114.074994,
                                38.071625
                            ],
                            [
                                114.078037,
                                38.072947
                            ],
                            [
                                114.082177,
                                38.072958
                            ],
                            [
                                114.084393,
                                38.072067
                            ],
                            [
                                114.087149,
                                38.071722
                            ],
                            [
                                114.088031,
                                38.072658
                            ],
                            [
                                114.092246,
                                38.073316
                            ],
                            [
                                114.097448,
                                38.072053
                            ],
                            [
                                114.097355,
                                38.071271
                            ],
                            [
                                114.100939,
                                38.071505
                            ]
                        ]
                    ],
                    [
                        [
                            [
                                114.025916,
                                38.027932
                            ],
                            [
                                114.025359,
                                38.028013
                            ],
                            [
                                114.024851,
                                38.027852
                            ],
                            [
                                114.024048,
                                38.026896
                            ],
                            [
                                114.023161,
                                38.026053
                            ],
                            [
                                114.021888,
                                38.025568
                            ],
                            [
                                114.020439,
                                38.025528
                            ],
                            [
                                114.0183,
                                38.025778
                            ],
                            [
                                114.01471,
                                38.024641
                            ],
                            [
                                114.011663,
                                38.023446
                            ],
                            [
                                114.009629,
                                38.023229
                            ],
                            [
                                114.008849,
                                38.023754
                            ],
                            [
                                114.007238,
                                38.024207
                            ],
                            [
                                114.004862,
                                38.025035
                            ],
                            [
                                113.994556,
                                38.029067
                            ],
                            [
                                113.993071,
                                38.028688
                            ],
                            [
                                113.992421,
                                38.027206
                            ],
                            [
                                113.99347,
                                38.01845
                            ],
                            [
                                113.996361,
                                38.015593
                            ],
                            [
                                114.000515,
                                38.012898
                            ],
                            [
                                114.001343,
                                38.010765
                            ],
                            [
                                114.00183,
                                38.009227
                            ],
                            [
                                114.001567,
                                38.008334
                            ],
                            [
                                114.001567,
                                38.007363
                            ],
                            [
                                114.003227,
                                38.006902
                            ],
                            [
                                114.004391,
                                38.00594
                            ],
                            [
                                114.006101,
                                38.005644
                            ],
                            [
                                114.007032,
                                38.005699
                            ],
                            [
                                114.008366,
                                38.006318
                            ],
                            [
                                114.009134,
                                38.006426
                            ],
                            [
                                114.009547,
                                38.006376
                            ],
                            [
                                114.010062,
                                38.005271
                            ],
                            [
                                114.010979,
                                38.004371
                            ],
                            [
                                114.012611,
                                38.003784
                            ],
                            [
                                114.014096,
                                38.003587
                            ],
                            [
                                114.014442,
                                38.003716
                            ],
                            [
                                114.014509,
                                38.004258
                            ],
                            [
                                114.013897,
                                38.005333
                            ],
                            [
                                114.015885,
                                38.008376
                            ],
                            [
                                114.015783,
                                38.008576
                            ],
                            [
                                114.015358,
                                38.008911
                            ],
                            [
                                114.015345,
                                38.009236
                            ],
                            [
                                114.015682,
                                38.009777
                            ],
                            [
                                114.015642,
                                38.010086
                            ],
                            [
                                114.015292,
                                38.01063
                            ],
                            [
                                114.013896,
                                38.010655
                            ],
                            [
                                114.01334,
                                38.011064
                            ],
                            [
                                114.011929,
                                38.016431
                            ],
                            [
                                114.013257,
                                38.018825
                            ],
                            [
                                114.013902,
                                38.019659
                            ],
                            [
                                114.014888,
                                38.020243
                            ],
                            [
                                114.018326,
                                38.02061
                            ],
                            [
                                114.01933,
                                38.019827
                            ],
                            [
                                114.023517,
                                38.018466
                            ],
                            [
                                114.026529,
                                38.018627
                            ],
                            [
                                114.026174,
                                38.019716
                            ],
                            [
                                114.028081,
                                38.020578
                            ],
                            [
                                114.03033,
                                38.022591
                            ],
                            [
                                114.030214,
                                38.022865
                            ],
                            [
                                114.029382,
                                38.023325
                            ],
                            [
                                114.028794,
                                38.023833
                            ],
                            [
                                114.027869,
                                38.024873
                            ],
                            [
                                114.027472,
                                38.02548
                            ],
                            [
                                114.027411,
                                38.026049
                            ],
                            [
                                114.027488,
                                38.026575
                            ],
                            [
                                114.027724,
                                38.027031
                            ],
                            [
                                114.027708,
                                38.027401
                            ],
                            [
                                114.027391,
                                38.027714
                            ],
                            [
                                114.025916,
                                38.027932
                            ]
                        ]
                    ]
                ]
            }
        }
    ]
}