{
    "type": "FeatureCollection",
    "features": [
        {
            "type": "Feature",
            "properties": {
                "adcode": 130281,
                "name": "遵化市",
                "center": [
                    117.965875,
                    40.188616
                ],
                "centroid": [
                    117.950905,
                    40.132038
                ],
                "childrenNum": 0,
                "level": "district",
                "acroutes": [
                    100000,
                    130000,
                    130200
                ],
                "parent": {
                    "adcode": 130200
                }
            },
            "geometry": {
                "type": "MultiPolygon",
                "coordinates": [
                    [
                        [
                            [
                                117.781852,
                                39.96632
                            ],
                            [
                                117.783579,
                                39.965215
                            ],
                            [
                                117.784459,
                                39.965249
                            ],
                            [
                                117.788263,
                                39.970964
                            ],
                            [
                                117.793297,
                                39.97522
                            ],
                            [
                                117.796149,
                                39.975652
                            ],
                            [
                                117.799787,
                                39.975328
                            ],
                            [
                                117.804696,
                                39.975402
                            ],
                            [
                                117.806595,
                                39.976671
                            ],
                            [
                                117.807627,
                                39.97825
                            ],
                            [
                                117.808176,
                                39.979916
                            ],
                            [
                                117.808176,
                                39.984047
                            ],
                            [
                                117.80897,
                                39.985233
                            ],
                            [
                                117.81546,
                                39.985384
                            ],
                            [
                                117.820051,
                                39.986248
                            ],
                            [
                                117.821083,
                                39.988548
                            ],
                            [
                                117.823683,
                                39.988543
                            ],
                            [
                                117.829545,
                                39.987814
                            ],
                            [
                                117.831364,
                                39.986783
                            ],
                            [
                                117.835552,
                                39.980184
                            ],
                            [
                                117.837536,
                                39.978915
                            ],
                            [
                                117.838721,
                                39.976852
                            ],
                            [
                                117.840136,
                                39.975419
                            ],
                            [
                                117.842399,
                                39.975971
                            ],
                            [
                                117.844972,
                                39.977953
                            ],
                            [
                                117.849048,
                                39.978414
                            ],
                            [
                                117.860083,
                                39.978876
                            ],
                            [
                                117.863801,
                                39.979541
                            ],
                            [
                                117.867479,
                                39.979575
                            ],
                            [
                                117.869106,
                                39.979139
                            ],
                            [
                                117.871911,
                                39.976874
                            ],
                            [
                                117.874088,
                                39.97453
                            ],
                            [
                                117.87686,
                                39.973731
                            ],
                            [
                                117.879473,
                                39.973692
                            ],
                            [
                                117.884819,
                                39.974081
                            ],
                            [
                                117.887948,
                                39.973563
                            ],
                            [
                                117.890521,
                                39.971892
                            ],
                            [
                                117.894087,
                                39.968681
                            ],
                            [
                                117.896509,
                                39.966734
                            ],
                            [
                                117.902132,
                                39.962525
                            ],
                            [
                                117.903395,
                                39.960979
                            ],
                            [
                                117.903997,
                                39.958678
                            ],
                            [
                                117.903395,
                                39.954594
                            ],
                            [
                                117.904196,
                                39.952133
                            ],
                            [
                                117.905539,
                                39.95082
                            ],
                            [
                                117.907365,
                                39.94987
                            ],
                            [
                                117.914106,
                                39.947651
                            ],
                            [
                                117.918949,
                                39.946386
                            ],
                            [
                                117.920451,
                                39.945708
                            ],
                            [
                                117.922515,
                                39.943255
                            ],
                            [
                                117.927589,
                                39.932916
                            ],
                            [
                                117.936037,
                                39.926831
                            ],
                            [
                                117.949096,
                                39.925254
                            ],
                            [
                                117.961342,
                                39.92598
                            ],
                            [
                                117.973283,
                                39.926261
                            ],
                            [
                                117.985549,
                                39.92699
                            ],
                            [
                                117.991516,
                                39.926209
                            ],
                            [
                                118.00267,
                                39.925876
                            ],
                            [
                                118.00703,
                                39.92496
                            ],
                            [
                                118.012693,
                                39.925332
                            ],
                            [
                                118.01735,
                                39.92655
                            ],
                            [
                                118.028577,
                                39.933607
                            ],
                            [
                                118.036278,
                                39.937192
                            ],
                            [
                                118.043264,
                                39.941878
                            ],
                            [
                                118.044997,
                                39.945267
                            ],
                            [
                                118.045149,
                                39.952608
                            ],
                            [
                                118.048054,
                                39.958618
                            ],
                            [
                                118.049152,
                                39.964692
                            ],
                            [
                                118.049344,
                                39.969225
                            ],
                            [
                                118.051719,
                                39.971573
                            ],
                            [
                                118.054504,
                                39.972907
                            ],
                            [
                                118.061272,
                                39.971763
                            ],
                            [
                                118.067074,
                                39.966579
                            ],
                            [
                                118.06835,
                                39.964485
                            ],
                            [
                                118.073061,
                                39.962374
                            ],
                            [
                                118.076977,
                                39.961312
                            ],
                            [
                                118.081291,
                                39.9617
                            ],
                            [
                                118.085842,
                                39.963591
                            ],
                            [
                                118.089402,
                                39.965737
                            ],
                            [
                                118.097367,
                                39.973718
                            ],
                            [
                                118.100906,
                                39.976671
                            ],
                            [
                                118.107098,
                                39.97996
                            ],
                            [
                                118.111121,
                                39.9804
                            ],
                            [
                                118.118669,
                                39.979308
                            ],
                            [
                                118.123386,
                                39.980439
                            ],
                            [
                                118.12899,
                                39.985492
                            ],
                            [
                                118.13327,
                                39.988332
                            ],
                            [
                                118.1398,
                                39.990943
                            ],
                            [
                                118.144232,
                                39.992108
                            ],
                            [
                                118.147514,
                                39.995344
                            ],
                            [
                                118.149571,
                                39.999344
                            ],
                            [
                                118.150735,
                                40.002097
                            ],
                            [
                                118.151324,
                                40.004466
                            ],
                            [
                                118.153765,
                                40.009358
                            ],
                            [
                                118.157344,
                                40.012749
                            ],
                            [
                                118.163868,
                                40.017697
                            ],
                            [
                                118.168856,
                                40.022511
                            ],
                            [
                                118.170047,
                                40.023304
                            ],
                            [
                                118.17352,
                                40.023955
                            ],
                            [
                                118.183311,
                                40.023455
                            ],
                            [
                                118.18517,
                                40.023654
                            ],
                            [
                                118.187737,
                                40.024684
                            ],
                            [
                                118.188531,
                                40.026026
                            ],
                            [
                                118.188736,
                                40.027954
                            ],
                            [
                                118.189662,
                                40.031434
                            ],
                            [
                                118.190932,
                                40.033392
                            ],
                            [
                                118.192785,
                                40.034664
                            ],
                            [
                                118.197058,
                                40.036652
                            ],
                            [
                                118.19901,
                                40.038032
                            ],
                            [
                                118.201583,
                                40.040232
                            ],
                            [
                                118.203482,
                                40.042401
                            ],
                            [
                                118.205507,
                                40.046773
                            ],
                            [
                                118.208007,
                                40.050796
                            ],
                            [
                                118.210276,
                                40.055961
                            ],
                            [
                                118.21152,
                                40.058198
                            ],
                            [
                                118.213889,
                                40.059983
                            ],
                            [
                                118.21506,
                                40.060435
                            ],
                            [
                                118.217772,
                                40.060599
                            ],
                            [
                                118.222482,
                                40.059836
                            ],
                            [
                                118.22585,
                                40.059728
                            ],
                            [
                                118.229224,
                                40.061104
                            ],
                            [
                                118.226372,
                                40.065932
                            ],
                            [
                                118.219194,
                                40.079952
                            ],
                            [
                                118.219949,
                                40.083611
                            ],
                            [
                                118.215139,
                                40.094914
                            ],
                            [
                                118.216614,
                                40.097499
                            ],
                            [
                                118.219221,
                                40.101454
                            ],
                            [
                                118.230911,
                                40.110053
                            ],
                            [
                                118.23267,
                                40.111948
                            ],
                            [
                                118.233841,
                                40.114223
                            ],
                            [
                                118.234735,
                                40.117031
                            ],
                            [
                                118.233736,
                                40.120946
                            ],
                            [
                                118.231751,
                                40.123057
                            ],
                            [
                                118.22624,
                                40.125973
                            ],
                            [
                                118.220101,
                                40.128212
                            ],
                            [
                                118.217236,
                                40.130585
                            ],
                            [
                                118.214517,
                                40.135697
                            ],
                            [
                                118.210561,
                                40.139929
                            ],
                            [
                                118.204627,
                                40.146513
                            ],
                            [
                                118.199175,
                                40.15056
                            ],
                            [
                                118.192196,
                                40.153978
                            ],
                            [
                                118.184879,
                                40.159802
                            ],
                            [
                                118.181789,
                                40.163668
                            ],
                            [
                                118.175809,
                                40.170636
                            ],
                            [
                                118.174023,
                                40.177324
                            ],
                            [
                                118.174499,
                                40.181485
                            ],
                            [
                                118.178349,
                                40.186856
                            ],
                            [
                                118.184515,
                                40.19124
                            ],
                            [
                                118.194293,
                                40.207537
                            ],
                            [
                                118.194974,
                                40.21133
                            ],
                            [
                                118.194432,
                                40.214359
                            ],
                            [
                                118.193539,
                                40.217739
                            ],
                            [
                                118.192024,
                                40.219322
                            ],
                            [
                                118.186738,
                                40.220986
                            ],
                            [
                                118.180208,
                                40.224582
                            ],
                            [
                                118.170668,
                                40.227635
                            ],
                            [
                                118.166547,
                                40.23012
                            ],
                            [
                                118.163457,
                                40.233642
                            ],
                            [
                                118.160229,
                                40.240539
                            ],
                            [
                                118.159607,
                                40.245913
                            ],
                            [
                                118.161559,
                                40.257309
                            ],
                            [
                                118.163312,
                                40.262742
                            ],
                            [
                                118.161876,
                                40.269872
                            ],
                            [
                                118.16099,
                                40.276069
                            ],
                            [
                                118.157358,
                                40.281208
                            ],
                            [
                                118.150411,
                                40.288375
                            ],
                            [
                                118.14326,
                                40.294313
                            ],
                            [
                                118.138788,
                                40.297698
                            ],
                            [
                                118.136935,
                                40.299764
                            ],
                            [
                                118.136386,
                                40.301972
                            ],
                            [
                                118.137689,
                                40.304863
                            ],
                            [
                                118.140991,
                                40.309476
                            ],
                            [
                                118.145602,
                                40.313878
                            ],
                            [
                                118.153435,
                                40.319311
                            ],
                            [
                                118.155221,
                                40.320891
                            ],
                            [
                                118.154467,
                                40.322824
                            ],
                            [
                                118.152403,
                                40.324207
                            ],
                            [
                                118.14361,
                                40.329252
                            ],
                            [
                                118.139826,
                                40.332773
                            ],
                            [
                                118.137359,
                                40.339805
                            ],
                            [
                                118.135156,
                                40.341596
                            ],
                            [
                                118.125186,
                                40.34664
                            ],
                            [
                                118.122864,
                                40.34964
                            ],
                            [
                                118.121878,
                                40.352495
                            ],
                            [
                                118.121832,
                                40.354663
                            ],
                            [
                                118.11722,
                                40.353911
                            ],
                            [
                                118.115481,
                                40.353851
                            ],
                            [
                                118.111471,
                                40.354766
                            ],
                            [
                                118.108111,
                                40.354886
                            ],
                            [
                                118.101799,
                                40.354032
                            ],
                            [
                                118.097043,
                                40.353658
                            ],
                            [
                                118.094641,
                                40.353774
                            ],
                            [
                                118.091366,
                                40.355538
                            ],
                            [
                                118.089031,
                                40.355298
                            ],
                            [
                                118.084896,
                                40.353388
                            ],
                            [
                                118.079299,
                                40.353504
                            ],
                            [
                                118.077679,
                                40.352864
                            ],
                            [
                                118.076164,
                                40.351714
                            ],
                            [
                                118.074973,
                                40.349967
                            ],
                            [
                                118.073425,
                                40.339488
                            ],
                            [
                                118.073378,
                                40.333297
                            ],
                            [
                                118.072869,
                                40.331231
                            ],
                            [
                                118.071837,
                                40.329093
                            ],
                            [
                                118.070322,
                                40.327023
                            ],
                            [
                                118.065711,
                                40.322334
                            ],
                            [
                                118.062912,
                                40.319968
                            ],
                            [
                                118.05977,
                                40.318353
                            ],
                            [
                                118.054451,
                                40.316477
                            ],
                            [
                                118.04902,
                                40.313629
                            ],
                            [
                                118.04552,
                                40.312074
                            ],
                            [
                                118.041656,
                                40.308888
                            ],
                            [
                                118.038739,
                                40.30595
                            ],
                            [
                                118.035768,
                                40.304253
                            ],
                            [
                                118.031634,
                                40.302354
                            ],
                            [
                                118.028167,
                                40.301358
                            ],
                            [
                                118.025858,
                                40.301212
                            ],
                            [
                                118.021703,
                                40.300602
                            ],
                            [
                                118.015696,
                                40.298557
                            ],
                            [
                                118.008624,
                                40.294751
                            ],
                            [
                                118.005475,
                                40.293432
                            ],
                            [
                                118.002935,
                                40.292706
                            ],
                            [
                                118.000864,
                                40.292581
                            ],
                            [
                                117.996213,
                                40.293226
                            ],
                            [
                                117.989598,
                                40.295206
                            ],
                            [
                                117.987275,
                                40.29564
                            ],
                            [
                                117.982261,
                                40.295387
                            ],
                            [
                                117.976313,
                                40.294519
                            ],
                            [
                                117.97245,
                                40.293496
                            ],
                            [
                                117.969764,
                                40.29305
                            ],
                            [
                                117.967184,
                                40.292113
                            ],
                            [
                                117.963962,
                                40.290021
                            ],
                            [
                                117.960403,
                                40.287237
                            ],
                            [
                                117.957359,
                                40.284293
                            ],
                            [
                                117.955282,
                                40.281771
                            ],
                            [
                                117.952047,
                                40.281045
                            ],
                            [
                                117.950717,
                                40.281264
                            ],
                            [
                                117.948752,
                                40.284654
                            ],
                            [
                                117.947237,
                                40.288895
                            ],
                            [
                                117.945134,
                                40.289247
                            ],
                            [
                                117.941674,
                                40.287181
                            ],
                            [
                                117.936871,
                                40.285153
                            ],
                            [
                                117.933219,
                                40.284792
                            ],
                            [
                                117.925558,
                                40.285496
                            ],
                            [
                                117.916786,
                                40.286205
                            ],
                            [
                                117.911711,
                                40.286321
                            ],
                            [
                                117.909449,
                                40.285844
                            ],
                            [
                                117.90759,
                                40.284693
                            ],
                            [
                                117.906154,
                                40.283387
                            ],
                            [
                                117.905479,
                                40.28196
                            ],
                            [
                                117.904831,
                                40.277771
                            ],
                            [
                                117.904732,
                                40.273822
                            ],
                            [
                                117.903561,
                                40.272038
                            ],
                            [
                                117.901894,
                                40.27099
                            ],
                            [
                                117.89983,
                                40.27053
                            ],
                            [
                                117.896389,
                                40.270573
                            ],
                            [
                                117.893399,
                                40.271209
                            ],
                            [
                                117.889397,
                                40.272601
                            ],
                            [
                                117.887022,
                                40.272124
                            ],
                            [
                                117.883813,
                                40.270422
                            ],
                            [
                                117.877039,
                                40.269636
                            ],
                            [
                                117.872368,
                                40.269563
                            ],
                            [
                                117.867578,
                                40.269649
                            ],
                            [
                                117.864039,
                                40.269081
                            ],
                            [
                                117.860433,
                                40.267435
                            ],
                            [
                                117.856087,
                                40.263421
                            ],
                            [
                                117.853871,
                                40.262609
                            ],
                            [
                                117.850821,
                                40.261861
                            ],
                            [
                                117.844099,
                                40.261435
                            ],
                            [
                                117.840315,
                                40.262157
                            ],
                            [
                                117.834784,
                                40.264349
                            ],
                            [
                                117.832568,
                                40.264057
                            ],
                            [
                                117.831695,
                                40.263541
                            ],
                            [
                                117.829796,
                                40.261539
                            ],
                            [
                                117.827183,
                                40.259884
                            ],
                            [
                                117.822519,
                                40.259553
                            ],
                            [
                                117.818133,
                                40.258942
                            ],
                            [
                                117.816168,
                                40.259071
                            ],
                            [
                                117.810465,
                                40.261895
                            ],
                            [
                                117.807799,
                                40.261917
                            ],
                            [
                                117.806555,
                                40.261324
                            ],
                            [
                                117.804875,
                                40.259922
                            ],
                            [
                                117.802857,
                                40.257661
                            ],
                            [
                                117.799344,
                                40.254408
                            ],
                            [
                                117.788561,
                                40.250023
                            ],
                            [
                                117.780781,
                                40.246141
                            ],
                            [
                                117.778776,
                                40.244378
                            ],
                            [
                                117.776864,
                                40.243862
                            ],
                            [
                                117.772008,
                                40.245277
                            ],
                            [
                                117.768138,
                                40.244941
                            ],
                            [
                                117.7636,
                                40.241807
                            ],
                            [
                                117.759518,
                                40.238234
                            ],
                            [
                                117.753928,
                                40.232086
                            ],
                            [
                                117.751506,
                                40.229746
                            ],
                            [
                                117.748926,
                                40.229544
                            ],
                            [
                                117.745592,
                                40.230851
                            ],
                            [
                                117.742258,
                                40.232477
                            ],
                            [
                                117.737018,
                                40.233586
                            ],
                            [
                                117.733889,
                                40.234098
                            ],
                            [
                                117.726658,
                                40.235801
                            ],
                            [
                                117.721815,
                                40.238131
                            ],
                            [
                                117.716688,
                                40.240788
                            ],
                            [
                                117.714551,
                                40.241657
                            ],
                            [
                                117.712123,
                                40.241175
                            ],
                            [
                                117.70779,
                                40.237796
                            ],
                            [
                                117.706235,
                                40.237039
                            ],
                            [
                                117.704767,
                                40.236919
                            ],
                            [
                                117.70218,
                                40.237232
                            ],
                            [
                                117.699123,
                                40.238454
                            ],
                            [
                                117.696067,
                                40.238531
                            ],
                            [
                                117.694122,
                                40.23817
                            ],
                            [
                                117.692561,
                                40.236226
                            ],
                            [
                                117.689385,
                                40.231419
                            ],
                            [
                                117.685641,
                                40.226766
                            ],
                            [
                                117.681823,
                                40.224418
                            ],
                            [
                                117.679204,
                                40.223063
                            ],
                            [
                                117.677054,
                                40.220917
                            ],
                            [
                                117.674553,
                                40.220001
                            ],
                            [
                                117.665483,
                                40.217679
                            ],
                            [
                                117.661712,
                                40.217318
                            ],
                            [
                                117.658927,
                                40.216638
                            ],
                            [
                                117.655625,
                                40.215404
                            ],
                            [
                                117.65376,
                                40.21429
                            ],
                            [
                                117.649102,
                                40.207653
                            ],
                            [
                                117.646244,
                                40.205192
                            ],
                            [
                                117.644028,
                                40.204913
                            ],
                            [
                                117.640641,
                                40.205781
                            ],
                            [
                                117.633099,
                                40.20585
                            ],
                            [
                                117.627734,
                                40.206835
                            ],
                            [
                                117.624757,
                                40.207106
                            ],
                            [
                                117.620662,
                                40.20687
                            ],
                            [
                                117.61955,
                                40.206392
                            ],
                            [
                                117.617413,
                                40.203691
                            ],
                            [
                                117.615859,
                                40.20246
                            ],
                            [
                                117.611175,
                                40.200357
                            ],
                            [
                                117.610308,
                                40.199802
                            ],
                            [
                                117.610388,
                                40.196154
                            ],
                            [
                                117.609951,
                                40.19528
                            ],
                            [
                                117.608396,
                                40.194484
                            ],
                            [
                                117.601814,
                                40.192303
                            ],
                            [
                                117.596111,
                                40.192023
                            ],
                            [
                                117.593167,
                                40.192385
                            ],
                            [
                                117.589092,
                                40.194011
                            ],
                            [
                                117.586273,
                                40.194927
                            ],
                            [
                                117.583898,
                                40.195328
                            ],
                            [
                                117.580802,
                                40.19491
                            ],
                            [
                                117.579287,
                                40.193985
                            ],
                            [
                                117.575854,
                                40.193185
                            ],
                            [
                                117.575549,
                                40.191894
                            ],
                            [
                                117.573174,
                                40.190035
                            ],
                            [
                                117.574345,
                                40.189222
                            ],
                            [
                                117.574034,
                                40.187488
                            ],
                            [
                                117.575563,
                                40.185832
                            ],
                            [
                                117.575675,
                                40.184644
                            ],
                            [
                                117.574378,
                                40.183534
                            ],
                            [
                                117.575272,
                                40.182665
                            ],
                            [
                                117.576363,
                                40.180375
                            ],
                            [
                                117.576396,
                                40.178602
                            ],
                            [
                                117.579671,
                                40.177965
                            ],
                            [
                                117.580438,
                                40.176098
                            ],
                            [
                                117.581451,
                                40.174858
                            ],
                            [
                                117.5828,
                                40.174045
                            ],
                            [
                                117.58411,
                                40.171772
                            ],
                            [
                                117.588629,
                                40.168308
                            ],
                            [
                                117.59316,
                                40.169896
                            ],
                            [
                                117.593266,
                                40.170559
                            ],
                            [
                                117.594404,
                                40.170838
                            ],
                            [
                                117.595654,
                                40.170503
                            ],
                            [
                                117.597745,
                                40.170757
                            ],
                            [
                                117.599558,
                                40.171338
                            ],
                            [
                                117.601192,
                                40.171213
                            ],
                            [
                                117.604189,
                                40.167486
                            ],
                            [
                                117.606273,
                                40.16529
                            ],
                            [
                                117.606795,
                                40.164146
                            ],
                            [
                                117.606517,
                                40.162376
                            ],
                            [
                                117.60788,
                                40.160784
                            ],
                            [
                                117.608839,
                                40.161012
                            ],
                            [
                                117.609971,
                                40.160074
                            ],
                            [
                                117.61052,
                                40.161546
                            ],
                            [
                                117.612849,
                                40.160775
                            ],
                            [
                                117.613503,
                                40.159652
                            ],
                            [
                                117.61314,
                                40.157775
                            ],
                            [
                                117.615085,
                                40.158601
                            ],
                            [
                                117.616414,
                                40.158464
                            ],
                            [
                                117.616712,
                                40.157628
                            ],
                            [
                                117.618591,
                                40.157616
                            ],
                            [
                                117.618882,
                                40.153539
                            ],
                            [
                                117.620629,
                                40.152605
                            ],
                            [
                                117.620761,
                                40.152071
                            ],
                            [
                                117.618465,
                                40.15133
                            ],
                            [
                                117.61955,
                                40.148743
                            ],
                            [
                                117.621409,
                                40.146573
                            ],
                            [
                                117.623473,
                                40.146866
                            ],
                            [
                                117.624552,
                                40.145794
                            ],
                            [
                                117.625954,
                                40.146982
                            ],
                            [
                                117.626788,
                                40.145845
                            ],
                            [
                                117.628448,
                                40.147387
                            ],
                            [
                                117.630446,
                                40.147843
                            ],
                            [
                                117.631518,
                                40.146121
                            ],
                            [
                                117.632279,
                                40.144084
                            ],
                            [
                                117.631531,
                                40.142707
                            ],
                            [
                                117.631564,
                                40.141574
                            ],
                            [
                                117.632338,
                                40.140782
                            ],
                            [
                                117.63607,
                                40.138823
                            ],
                            [
                                117.636949,
                                40.136851
                            ],
                            [
                                117.635196,
                                40.134848
                            ],
                            [
                                117.634879,
                                40.133337
                            ],
                            [
                                117.636017,
                                40.132088
                            ],
                            [
                                117.650154,
                                40.128191
                            ],
                            [
                                117.648507,
                                40.126399
                            ],
                            [
                                117.649235,
                                40.125589
                            ],
                            [
                                117.65118,
                                40.124978
                            ],
                            [
                                117.6529,
                                40.125887
                            ],
                            [
                                117.652364,
                                40.123397
                            ],
                            [
                                117.651411,
                                40.123707
                            ],
                            [
                                117.650373,
                                40.122096
                            ],
                            [
                                117.651563,
                                40.1194
                            ],
                            [
                                117.651649,
                                40.115498
                            ],
                            [
                                117.652205,
                                40.114408
                            ],
                            [
                                117.654613,
                                40.114662
                            ],
                            [
                                117.651947,
                                40.113684
                            ],
                            [
                                117.652185,
                                40.113034
                            ],
                            [
                                117.654196,
                                40.112719
                            ],
                            [
                                117.654812,
                                40.111681
                            ],
                            [
                                117.653231,
                                40.11169
                            ],
                            [
                                117.653145,
                                40.110759
                            ],
                            [
                                117.654494,
                                40.110484
                            ],
                            [
                                117.656763,
                                40.110635
                            ],
                            [
                                117.655467,
                                40.110075
                            ],
                            [
                                117.656161,
                                40.109123
                            ],
                            [
                                117.657557,
                                40.109161
                            ],
                            [
                                117.655526,
                                40.107662
                            ],
                            [
                                117.655791,
                                40.106762
                            ],
                            [
                                117.650254,
                                40.105245
                            ],
                            [
                                117.648732,
                                40.104168
                            ],
                            [
                                117.647534,
                                40.101751
                            ],
                            [
                                117.648447,
                                40.099671
                            ],
                            [
                                117.648315,
                                40.098602
                            ],
                            [
                                117.646741,
                                40.097262
                            ],
                            [
                                117.644994,
                                40.096805
                            ],
                            [
                                117.644875,
                                40.096202
                            ],
                            [
                                117.647501,
                                40.093996
                            ],
                            [
                                117.649585,
                                40.091277
                            ],
                            [
                                117.651808,
                                40.091579
                            ],
                            [
                                117.652629,
                                40.090989
                            ],
                            [
                                117.65423,
                                40.090786
                            ],
                            [
                                117.654097,
                                40.091751
                            ],
                            [
                                117.65589,
                                40.092445
                            ],
                            [
                                117.656168,
                                40.09101
                            ],
                            [
                                117.656836,
                                40.091001
                            ],
                            [
                                117.656571,
                                40.092488
                            ],
                            [
                                117.657809,
                                40.092738
                            ],
                            [
                                117.657432,
                                40.095125
                            ],
                            [
                                117.65898,
                                40.097004
                            ],
                            [
                                117.660806,
                                40.097434
                            ],
                            [
                                117.663697,
                                40.096431
                            ],
                            [
                                117.664232,
                                40.097223
                            ],
                            [
                                117.665397,
                                40.09734
                            ],
                            [
                                117.665622,
                                40.09877
                            ],
                            [
                                117.666846,
                                40.100812
                            ],
                            [
                                117.668103,
                                40.100929
                            ],
                            [
                                117.668235,
                                40.099477
                            ],
                            [
                                117.669221,
                                40.098503
                            ],
                            [
                                117.669459,
                                40.096887
                            ],
                            [
                                117.670914,
                                40.097279
                            ],
                            [
                                117.671735,
                                40.096547
                            ],
                            [
                                117.671695,
                                40.09388
                            ],
                            [
                                117.672237,
                                40.09357
                            ],
                            [
                                117.672317,
                                40.092152
                            ],
                            [
                                117.67454,
                                40.092148
                            ],
                            [
                                117.674407,
                                40.089006
                            ],
                            [
                                117.676875,
                                40.089157
                            ],
                            [
                                117.67542,
                                40.08727
                            ],
                            [
                                117.675916,
                                40.086098
                            ],
                            [
                                117.675049,
                                40.086124
                            ],
                            [
                                117.674586,
                                40.083771
                            ],
                            [
                                117.674904,
                                40.082142
                            ],
                            [
                                117.677854,
                                40.082111
                            ],
                            [
                                117.678483,
                                40.083284
                            ],
                            [
                                117.677986,
                                40.083779
                            ],
                            [
                                117.678734,
                                40.088175
                            ],
                            [
                                117.679343,
                                40.08802
                            ],
                            [
                                117.679316,
                                40.085662
                            ],
                            [
                                117.682412,
                                40.084891
                            ],
                            [
                                117.683947,
                                40.085731
                            ],
                            [
                                117.683517,
                                40.083491
                            ],
                            [
                                117.685277,
                                40.083081
                            ],
                            [
                                117.688254,
                                40.082853
                            ],
                            [
                                117.688499,
                                40.084064
                            ],
                            [
                                117.689306,
                                40.084421
                            ],
                            [
                                117.689862,
                                40.08677
                            ],
                            [
                                117.687162,
                                40.087253
                            ],
                            [
                                117.687328,
                                40.087946
                            ],
                            [
                                117.68871,
                                40.087567
                            ],
                            [
                                117.689742,
                                40.092759
                            ],
                            [
                                117.690933,
                                40.094194
                            ],
                            [
                                117.691906,
                                40.094423
                            ],
                            [
                                117.694803,
                                40.093988
                            ],
                            [
                                117.696464,
                                40.094927
                            ],
                            [
                                117.697728,
                                40.094539
                            ],
                            [
                                117.699256,
                                40.092975
                            ],
                            [
                                117.701188,
                                40.092884
                            ],
                            [
                                117.703953,
                                40.092238
                            ],
                            [
                                117.706043,
                                40.092574
                            ],
                            [
                                117.706956,
                                40.093983
                            ],
                            [
                                117.707883,
                                40.094
                            ],
                            [
                                117.709927,
                                40.089592
                            ],
                            [
                                117.709894,
                                40.087231
                            ],
                            [
                                117.710238,
                                40.084882
                            ],
                            [
                                117.711356,
                                40.082689
                            ],
                            [
                                117.713083,
                                40.083176
                            ],
                            [
                                117.712553,
                                40.084887
                            ],
                            [
                                117.711753,
                                40.085843
                            ],
                            [
                                117.714121,
                                40.085968
                            ],
                            [
                                117.71473,
                                40.083702
                            ],
                            [
                                117.716013,
                                40.083831
                            ],
                            [
                                117.716285,
                                40.082215
                            ],
                            [
                                117.718203,
                                40.08193
                            ],
                            [
                                117.719645,
                                40.082469
                            ],
                            [
                                117.719023,
                                40.081732
                            ],
                            [
                                117.722,
                                40.079901
                            ],
                            [
                                117.724759,
                                40.079603
                            ],
                            [
                                117.727644,
                                40.079827
                            ],
                            [
                                117.730528,
                                40.08056
                            ],
                            [
                                117.73248,
                                40.079302
                            ],
                            [
                                117.733862,
                                40.077392
                            ],
                            [
                                117.736747,
                                40.077629
                            ],
                            [
                                117.73811,
                                40.078078
                            ],
                            [
                                117.744566,
                                40.078616
                            ],
                            [
                                117.746498,
                                40.079315
                            ],
                            [
                                117.747021,
                                40.081344
                            ],
                            [
                                117.747888,
                                40.081737
                            ],
                            [
                                117.751639,
                                40.081995
                            ],
                            [
                                117.7532,
                                40.080353
                            ],
                            [
                                117.755582,
                                40.079547
                            ],
                            [
                                117.75531,
                                40.078754
                            ],
                            [
                                117.756627,
                                40.077746
                            ],
                            [
                                117.756845,
                                40.076591
                            ],
                            [
                                117.758029,
                                40.075229
                            ],
                            [
                                117.758479,
                                40.073319
                            ],
                            [
                                117.753392,
                                40.073328
                            ],
                            [
                                117.754292,
                                40.068673
                            ],
                            [
                                117.756157,
                                40.068884
                            ],
                            [
                                117.758201,
                                40.065962
                            ],
                            [
                                117.762184,
                                40.06572
                            ],
                            [
                                117.767801,
                                40.066078
                            ],
                            [
                                117.76925,
                                40.061681
                            ],
                            [
                                117.770976,
                                40.061832
                            ],
                            [
                                117.77181,
                                40.059681
                            ],
                            [
                                117.774264,
                                40.05969
                            ],
                            [
                                117.774985,
                                40.060599
                            ],
                            [
                                117.77615,
                                40.058931
                            ],
                            [
                                117.774879,
                                40.057099
                            ],
                            [
                                117.774787,
                                40.055719
                            ],
                            [
                                117.774105,
                                40.055021
                            ],
                            [
                                117.774317,
                                40.0539
                            ],
                            [
                                117.772968,
                                40.051787
                            ],
                            [
                                117.767113,
                                40.047993
                            ],
                            [
                                117.762521,
                                40.045979
                            ],
                            [
                                117.758287,
                                40.044354
                            ],
                            [
                                117.752459,
                                40.045337
                            ],
                            [
                                117.752863,
                                40.048105
                            ],
                            [
                                117.751625,
                                40.047924
                            ],
                            [
                                117.751361,
                                40.045781
                            ],
                            [
                                117.750143,
                                40.045919
                            ],
                            [
                                117.75015,
                                40.047467
                            ],
                            [
                                117.748887,
                                40.046825
                            ],
                            [
                                117.74884,
                                40.047881
                            ],
                            [
                                117.747914,
                                40.04745
                            ],
                            [
                                117.747729,
                                40.04325
                            ],
                            [
                                117.747874,
                                40.040318
                            ],
                            [
                                117.748589,
                                40.040288
                            ],
                            [
                                117.747233,
                                40.035022
                            ],
                            [
                                117.745096,
                                40.033116
                            ],
                            [
                                117.74374,
                                40.03127
                            ],
                            [
                                117.743826,
                                40.030041
                            ],
                            [
                                117.744785,
                                40.027932
                            ],
                            [
                                117.744342,
                                40.02339
                            ],
                            [
                                117.744461,
                                40.020013
                            ],
                            [
                                117.74415,
                                40.018439
                            ],
                            [
                                117.746889,
                                40.01727
                            ],
                            [
                                117.748126,
                                40.015462
                            ],
                            [
                                117.749469,
                                40.014923
                            ],
                            [
                                117.752578,
                                40.013012
                            ],
                            [
                                117.75584,
                                40.010389
                            ],
                            [
                                117.757401,
                                40.010424
                            ],
                            [
                                117.758261,
                                40.01155
                            ],
                            [
                                117.758459,
                                40.012977
                            ],
                            [
                                117.757606,
                                40.016972
                            ],
                            [
                                117.75789,
                                40.018137
                            ],
                            [
                                117.759756,
                                40.01928
                            ],
                            [
                                117.760656,
                                40.02066
                            ],
                            [
                                117.762343,
                                40.02088
                            ],
                            [
                                117.764394,
                                40.019319
                            ],
                            [
                                117.76569,
                                40.019797
                            ],
                            [
                                117.767364,
                                40.018935
                            ],
                            [
                                117.767324,
                                40.021342
                            ],
                            [
                                117.769746,
                                40.022174
                            ],
                            [
                                117.769865,
                                40.016472
                            ],
                            [
                                117.770467,
                                40.01645
                            ],
                            [
                                117.770348,
                                40.023546
                            ],
                            [
                                117.782448,
                                40.023511
                            ],
                            [
                                117.782527,
                                40.02035
                            ],
                            [
                                117.783824,
                                40.020406
                            ],
                            [
                                117.784148,
                                40.015303
                            ],
                            [
                                117.784677,
                                40.01563
                            ],
                            [
                                117.785438,
                                40.017649
                            ],
                            [
                                117.786516,
                                40.017977
                            ],
                            [
                                117.788898,
                                40.016472
                            ],
                            [
                                117.791266,
                                40.016217
                            ],
                            [
                                117.791948,
                                40.01557
                            ],
                            [
                                117.791511,
                                40.013357
                            ],
                            [
                                117.791749,
                                40.01246
                            ],
                            [
                                117.793496,
                                40.010971
                            ],
                            [
                                117.795983,
                                40.010773
                            ],
                            [
                                117.797055,
                                40.010251
                            ],
                            [
                                117.796936,
                                40.008055
                            ],
                            [
                                117.794733,
                                40.008042
                            ],
                            [
                                117.794713,
                                40.006088
                            ],
                            [
                                117.793119,
                                40.005799
                            ],
                            [
                                117.793728,
                                40.004561
                            ],
                            [
                                117.794687,
                                40.004151
                            ],
                            [
                                117.794819,
                                40.000268
                            ],
                            [
                                117.796109,
                                39.999357
                            ],
                            [
                                117.796413,
                                39.996518
                            ],
                            [
                                117.795236,
                                39.997092
                            ],
                            [
                                117.794144,
                                39.995866
                            ],
                            [
                                117.793714,
                                39.99449
                            ],
                            [
                                117.791577,
                                39.993817
                            ],
                            [
                                117.791763,
                                39.991815
                            ],
                            [
                                117.78999,
                                39.991318
                            ],
                            [
                                117.78946,
                                39.990481
                            ],
                            [
                                117.789871,
                                39.988656
                            ],
                            [
                                117.787634,
                                39.984949
                            ],
                            [
                                117.787224,
                                39.982605
                            ],
                            [
                                117.786682,
                                39.981651
                            ],
                            [
                                117.787264,
                                39.980853
                            ],
                            [
                                117.786887,
                                39.979217
                            ],
                            [
                                117.787112,
                                39.97794
                            ],
                            [
                                117.785742,
                                39.976882
                            ],
                            [
                                117.785603,
                                39.975967
                            ],
                            [
                                117.787436,
                                39.974871
                            ],
                            [
                                117.787277,
                                39.973537
                            ],
                            [
                                117.786219,
                                39.973157
                            ],
                            [
                                117.783804,
                                39.969941
                            ],
                            [
                                117.781991,
                                39.968154
                            ],
                            [
                                117.781852,
                                39.96632
                            ]
                        ]
                    ]
                ]
            }
        }
    ]
}