{
    "type": "FeatureCollection",
    "features": [
        {
            "type": "Feature",
            "properties": {
                "adcode": 130322,
                "name": "昌黎县",
                "center": [
                    119.164541,
                    39.709729
                ],
                "centroid": [
                    119.101644,
                    39.626176
                ],
                "childrenNum": 0,
                "level": "district",
                "acroutes": [
                    100000,
                    130000,
                    130300
                ],
                "parent": {
                    "adcode": 130300
                }
            },
            "geometry": {
                "type": "MultiPolygon",
                "coordinates": [
                    [
                        [
                            [
                                119.308242,
                                39.431856
                            ],
                            [
                                119.308236,
                                39.431772
                            ],
                            [
                                119.319026,
                                39.429564
                            ],
                            [
                                119.316434,
                                39.437161
                            ],
                            [
                                119.307676,
                                39.453649
                            ],
                            [
                                119.304214,
                                39.459993
                            ],
                            [
                                119.287597,
                                39.482599
                            ],
                            [
                                119.270018,
                                39.498598
                            ],
                            [
                                119.306047,
                                39.588788
                            ],
                            [
                                119.309521,
                                39.596711
                            ],
                            [
                                119.312749,
                                39.605877
                            ],
                            [
                                119.317047,
                                39.615454
                            ],
                            [
                                119.324158,
                                39.6304
                            ],
                            [
                                119.334906,
                                39.656165
                            ],
                            [
                                119.342099,
                                39.675563
                            ],
                            [
                                119.345246,
                                39.686045
                            ],
                            [
                                119.347681,
                                39.692608
                            ],
                            [
                                119.352603,
                                39.702558
                            ],
                            [
                                119.358103,
                                39.72174
                            ],
                            [
                                119.350075,
                                39.721904
                            ],
                            [
                                119.339968,
                                39.725515
                            ],
                            [
                                119.32891,
                                39.72969
                            ],
                            [
                                119.327427,
                                39.731389
                            ],
                            [
                                119.327334,
                                39.732813
                            ],
                            [
                                119.326563,
                                39.733533
                            ],
                            [
                                119.322564,
                                39.733122
                            ],
                            [
                                119.321104,
                                39.731156
                            ],
                            [
                                119.320316,
                                39.730821
                            ],
                            [
                                119.318909,
                                39.731305
                            ],
                            [
                                119.317771,
                                39.732901
                            ],
                            [
                                119.318068,
                                39.734081
                            ],
                            [
                                119.319493,
                                39.734794
                            ],
                            [
                                119.319925,
                                39.736146
                            ],
                            [
                                119.318442,
                                39.736108
                            ],
                            [
                                119.318185,
                                39.736656
                            ],
                            [
                                119.318979,
                                39.737791
                            ],
                            [
                                119.318465,
                                39.739177
                            ],
                            [
                                119.317093,
                                39.739006
                            ],
                            [
                                119.315359,
                                39.736576
                            ],
                            [
                                119.313374,
                                39.736275
                            ],
                            [
                                119.312183,
                                39.73554
                            ],
                            [
                                119.311278,
                                39.735753
                            ],
                            [
                                119.310928,
                                39.736824
                            ],
                            [
                                119.309789,
                                39.736984
                            ],
                            [
                                119.309206,
                                39.738157
                            ],
                            [
                                119.309556,
                                39.739512
                            ],
                            [
                                119.303536,
                                39.740141
                            ],
                            [
                                119.301989,
                                39.74051
                            ],
                            [
                                119.300973,
                                39.741325
                            ],
                            [
                                119.299963,
                                39.743313
                            ],
                            [
                                119.299794,
                                39.746942
                            ],
                            [
                                119.29935,
                                39.747479
                            ],
                            [
                                119.297172,
                                39.748206
                            ],
                            [
                                119.293512,
                                39.749771
                            ],
                            [
                                119.290493,
                                39.751432
                            ],
                            [
                                119.289705,
                                39.752147
                            ],
                            [
                                119.290914,
                                39.753297
                            ],
                            [
                                119.291171,
                                39.754287
                            ],
                            [
                                119.289711,
                                39.755068
                            ],
                            [
                                119.289413,
                                39.755879
                            ],
                            [
                                119.287522,
                                39.757981
                            ],
                            [
                                119.286786,
                                39.759195
                            ],
                            [
                                119.284818,
                                39.760333
                            ],
                            [
                                119.283452,
                                39.762317
                            ],
                            [
                                119.280977,
                                39.763204
                            ],
                            [
                                119.278489,
                                39.766113
                            ],
                            [
                                119.277176,
                                39.766634
                            ],
                            [
                                119.275261,
                                39.768104
                            ],
                            [
                                119.273334,
                                39.768507
                            ],
                            [
                                119.270683,
                                39.768062
                            ],
                            [
                                119.269574,
                                39.768172
                            ],
                            [
                                119.265691,
                                39.762922
                            ],
                            [
                                119.265522,
                                39.764563
                            ],
                            [
                                119.259625,
                                39.764449
                            ],
                            [
                                119.257769,
                                39.765241
                            ],
                            [
                                119.257827,
                                39.766185
                            ],
                            [
                                119.255153,
                                39.766783
                            ],
                            [
                                119.248812,
                                39.766862
                            ],
                            [
                                119.248719,
                                39.768713
                            ],
                            [
                                119.24681,
                                39.768785
                            ],
                            [
                                119.246728,
                                39.768298
                            ],
                            [
                                119.241941,
                                39.768404
                            ],
                            [
                                119.240901,
                                39.768968
                            ],
                            [
                                119.238724,
                                39.77124
                            ],
                            [
                                119.238916,
                                39.77499
                            ],
                            [
                                119.239413,
                                39.776676
                            ],
                            [
                                119.237568,
                                39.779439
                            ],
                            [
                                119.237083,
                                39.781323
                            ],
                            [
                                119.23602,
                                39.782594
                            ],
                            [
                                119.235822,
                                39.784216
                            ],
                            [
                                119.234502,
                                39.78479
                            ],
                            [
                                119.232786,
                                39.786317
                            ],
                            [
                                119.230112,
                                39.787474
                            ],
                            [
                                119.230287,
                                39.789099
                            ],
                            [
                                119.230141,
                                39.792227
                            ],
                            [
                                119.229481,
                                39.794982
                            ],
                            [
                                119.227823,
                                39.797166
                            ],
                            [
                                119.226889,
                                39.799381
                            ],
                            [
                                119.227695,
                                39.800747
                            ],
                            [
                                119.226498,
                                39.802329
                            ],
                            [
                                119.227607,
                                39.804258
                            ],
                            [
                                119.226118,
                                39.804319
                            ],
                            [
                                119.223363,
                                39.803208
                            ],
                            [
                                119.219865,
                                39.802246
                            ],
                            [
                                119.212445,
                                39.801542
                            ],
                            [
                                119.208591,
                                39.801683
                            ],
                            [
                                119.208568,
                                39.801081
                            ],
                            [
                                119.207132,
                                39.800374
                            ],
                            [
                                119.204925,
                                39.800937
                            ],
                            [
                                119.205077,
                                39.800115
                            ],
                            [
                                119.201282,
                                39.799521
                            ],
                            [
                                119.200855,
                                39.800929
                            ],
                            [
                                119.197989,
                                39.800237
                            ],
                            [
                                119.197557,
                                39.799065
                            ],
                            [
                                119.198824,
                                39.798905
                            ],
                            [
                                119.198117,
                                39.798079
                            ],
                            [
                                119.196827,
                                39.798094
                            ],
                            [
                                119.198923,
                                39.797136
                            ],
                            [
                                119.196955,
                                39.797117
                            ],
                            [
                                119.19786,
                                39.79588
                            ],
                            [
                                119.19699,
                                39.795838
                            ],
                            [
                                119.196628,
                                39.796759
                            ],
                            [
                                119.194748,
                                39.79704
                            ],
                            [
                                119.19448,
                                39.796074
                            ],
                            [
                                119.193639,
                                39.79682
                            ],
                            [
                                119.191987,
                                39.796854
                            ],
                            [
                                119.191479,
                                39.796409
                            ],
                            [
                                119.192074,
                                39.79451
                            ],
                            [
                                119.191625,
                                39.793871
                            ],
                            [
                                119.194211,
                                39.794521
                            ],
                            [
                                119.195998,
                                39.794282
                            ],
                            [
                                119.196914,
                                39.793437
                            ],
                            [
                                119.194386,
                                39.792444
                            ],
                            [
                                119.191952,
                                39.790743
                            ],
                            [
                                119.189435,
                                39.790853
                            ],
                            [
                                119.18797,
                                39.789178
                            ],
                            [
                                119.184916,
                                39.788505
                            ],
                            [
                                119.18376,
                                39.786903
                            ],
                            [
                                119.182359,
                                39.785982
                            ],
                            [
                                119.182236,
                                39.784562
                            ],
                            [
                                119.181121,
                                39.783637
                            ],
                            [
                                119.179218,
                                39.783519
                            ],
                            [
                                119.17446,
                                39.784958
                            ],
                            [
                                119.173969,
                                39.785613
                            ],
                            [
                                119.17523,
                                39.786948
                            ],
                            [
                                119.174944,
                                39.788543
                            ],
                            [
                                119.175826,
                                39.789715
                            ],
                            [
                                119.175662,
                                39.792048
                            ],
                            [
                                119.174956,
                                39.793566
                            ],
                            [
                                119.172942,
                                39.793376
                            ],
                            [
                                119.172054,
                                39.791922
                            ],
                            [
                                119.16858,
                                39.790583
                            ],
                            [
                                119.167319,
                                39.790548
                            ],
                            [
                                119.165568,
                                39.789529
                            ],
                            [
                                119.16287,
                                39.789178
                            ],
                            [
                                119.160535,
                                39.787371
                            ],
                            [
                                119.160138,
                                39.785715
                            ],
                            [
                                119.159338,
                                39.785437
                            ],
                            [
                                119.155852,
                                39.786126
                            ],
                            [
                                119.155018,
                                39.784349
                            ],
                            [
                                119.153173,
                                39.783443
                            ],
                            [
                                119.145612,
                                39.780707
                            ],
                            [
                                119.141864,
                                39.781692
                            ],
                            [
                                119.140871,
                                39.784075
                            ],
                            [
                                119.139073,
                                39.785087
                            ],
                            [
                                119.136778,
                                39.785354
                            ],
                            [
                                119.133801,
                                39.786971
                            ],
                            [
                                119.130362,
                                39.785985
                            ],
                            [
                                119.126035,
                                39.786541
                            ],
                            [
                                119.123998,
                                39.785095
                            ],
                            [
                                119.121984,
                                39.784513
                            ],
                            [
                                119.121277,
                                39.783097
                            ],
                            [
                                119.120203,
                                39.782465
                            ],
                            [
                                119.117961,
                                39.781902
                            ],
                            [
                                119.117184,
                                39.78127
                            ],
                            [
                                119.116846,
                                39.777319
                            ],
                            [
                                119.115853,
                                39.776177
                            ],
                            [
                                119.108263,
                                39.772268
                            ],
                            [
                                119.104153,
                                39.769333
                            ],
                            [
                                119.100889,
                                39.769809
                            ],
                            [
                                119.097941,
                                39.769539
                            ],
                            [
                                119.095594,
                                39.769581
                            ],
                            [
                                119.098472,
                                39.770403
                            ],
                            [
                                119.098227,
                                39.770665
                            ],
                            [
                                119.095699,
                                39.770388
                            ],
                            [
                                119.093445,
                                39.770814
                            ],
                            [
                                119.092073,
                                39.769995
                            ],
                            [
                                119.092529,
                                39.76834
                            ],
                            [
                                119.091443,
                                39.768419
                            ],
                            [
                                119.090981,
                                39.767197
                            ],
                            [
                                119.092155,
                                39.767114
                            ],
                            [
                                119.091699,
                                39.765892
                            ],
                            [
                                119.085855,
                                39.764304
                            ],
                            [
                                119.087397,
                                39.765317
                            ],
                            [
                                119.090882,
                                39.766619
                            ],
                            [
                                119.089598,
                                39.768678
                            ],
                            [
                                119.084787,
                                39.767791
                            ],
                            [
                                119.079795,
                                39.766706
                            ],
                            [
                                119.080314,
                                39.764399
                            ],
                            [
                                119.075001,
                                39.76384
                            ],
                            [
                                119.073495,
                                39.76347
                            ],
                            [
                                119.073641,
                                39.761898
                            ],
                            [
                                119.06963,
                                39.761403
                            ],
                            [
                                119.065485,
                                39.760627
                            ],
                            [
                                119.065356,
                                39.759138
                            ],
                            [
                                119.061217,
                                39.75883
                            ],
                            [
                                119.058519,
                                39.7572
                            ],
                            [
                                119.054222,
                                39.757783
                            ],
                            [
                                119.054275,
                                39.756941
                            ],
                            [
                                119.055273,
                                39.756229
                            ],
                            [
                                119.055647,
                                39.754497
                            ],
                            [
                                119.051344,
                                39.756572
                            ],
                            [
                                119.049937,
                                39.755395
                            ],
                            [
                                119.050065,
                                39.75391
                            ],
                            [
                                119.039848,
                                39.753511
                            ],
                            [
                                119.038861,
                                39.751138
                            ],
                            [
                                119.037028,
                                39.752258
                            ],
                            [
                                119.036059,
                                39.753731
                            ],
                            [
                                119.034675,
                                39.757227
                            ],
                            [
                                119.033572,
                                39.756956
                            ],
                            [
                                119.032468,
                                39.755974
                            ],
                            [
                                119.030845,
                                39.755894
                            ],
                            [
                                119.028019,
                                39.754542
                            ],
                            [
                                119.028066,
                                39.752928
                            ],
                            [
                                119.027342,
                                39.753457
                            ],
                            [
                                119.025789,
                                39.75348
                            ],
                            [
                                119.025859,
                                39.751146
                            ],
                            [
                                119.023103,
                                39.751344
                            ],
                            [
                                119.023255,
                                39.751988
                            ],
                            [
                                119.020441,
                                39.75265
                            ],
                            [
                                119.011432,
                                39.753347
                            ],
                            [
                                119.011368,
                                39.751222
                            ],
                            [
                                119.011718,
                                39.748888
                            ],
                            [
                                119.012944,
                                39.747277
                            ],
                            [
                                119.015496,
                                39.747098
                            ],
                            [
                                119.014684,
                                39.745
                            ],
                            [
                                119.014731,
                                39.744052
                            ],
                            [
                                119.016547,
                                39.743922
                            ],
                            [
                                119.016693,
                                39.741923
                            ],
                            [
                                119.015291,
                                39.741409
                            ],
                            [
                                119.015268,
                                39.739406
                            ],
                            [
                                119.014708,
                                39.738583
                            ],
                            [
                                119.01145,
                                39.738275
                            ],
                            [
                                119.011438,
                                39.73733
                            ],
                            [
                                119.009704,
                                39.737757
                            ],
                            [
                                119.009669,
                                39.736713
                            ],
                            [
                                119.007375,
                                39.73669
                            ],
                            [
                                119.008151,
                                39.735708
                            ],
                            [
                                119.00804,
                                39.734478
                            ],
                            [
                                119.004449,
                                39.732813
                            ],
                            [
                                119.004432,
                                39.731602
                            ],
                            [
                                119.005588,
                                39.731606
                            ],
                            [
                                119.002161,
                                39.725412
                            ],
                            [
                                119.000269,
                                39.725641
                            ],
                            [
                                118.999533,
                                39.72411
                            ],
                            [
                                118.999049,
                                39.724837
                            ],
                            [
                                118.998185,
                                39.723988
                            ],
                            [
                                118.996188,
                                39.726049
                            ],
                            [
                                118.992627,
                                39.72718
                            ],
                            [
                                118.986321,
                                39.728642
                            ],
                            [
                                118.984149,
                                39.72766
                            ],
                            [
                                118.983268,
                                39.728738
                            ],
                            [
                                118.980086,
                                39.720472
                            ],
                            [
                                118.979618,
                                39.720239
                            ],
                            [
                                118.975829,
                                39.720422
                            ],
                            [
                                118.973733,
                                39.721055
                            ],
                            [
                                118.972525,
                                39.721066
                            ],
                            [
                                118.970738,
                                39.720247
                            ],
                            [
                                118.96915,
                                39.720045
                            ],
                            [
                                118.967276,
                                39.719165
                            ],
                            [
                                118.965081,
                                39.719276
                            ],
                            [
                                118.962424,
                                39.718232
                            ],
                            [
                                118.962757,
                                39.716331
                            ],
                            [
                                118.950286,
                                39.717455
                            ],
                            [
                                118.950204,
                                39.720369
                            ],
                            [
                                118.947087,
                                39.720178
                            ],
                            [
                                118.947063,
                                39.721561
                            ],
                            [
                                118.948581,
                                39.721569
                            ],
                            [
                                118.948996,
                                39.723881
                            ],
                            [
                                118.946234,
                                39.724441
                            ],
                            [
                                118.94558,
                                39.723192
                            ],
                            [
                                118.940658,
                                39.723649
                            ],
                            [
                                118.941067,
                                39.724681
                            ],
                            [
                                118.934166,
                                39.72419
                            ],
                            [
                                118.933366,
                                39.722064
                            ],
                            [
                                118.931901,
                                39.722575
                            ],
                            [
                                118.930324,
                                39.722437
                            ],
                            [
                                118.929758,
                                39.721927
                            ],
                            [
                                118.928491,
                                39.722121
                            ],
                            [
                                118.927598,
                                39.723321
                            ],
                            [
                                118.920673,
                                39.722898
                            ],
                            [
                                118.913218,
                                39.7231
                            ],
                            [
                                118.902224,
                                39.723279
                            ],
                            [
                                118.903012,
                                39.718834
                            ],
                            [
                                118.900087,
                                39.718518
                            ],
                            [
                                118.89868,
                                39.718015
                            ],
                            [
                                118.899416,
                                39.714091
                            ],
                            [
                                118.895188,
                                39.713687
                            ],
                            [
                                118.895445,
                                39.711123
                            ],
                            [
                                118.891604,
                                39.711233
                            ],
                            [
                                118.89165,
                                39.712083
                            ],
                            [
                                118.888877,
                                39.712483
                            ],
                            [
                                118.888369,
                                39.713557
                            ],
                            [
                                118.884329,
                                39.71179
                            ],
                            [
                                118.884101,
                                39.714578
                            ],
                            [
                                118.883185,
                                39.714655
                            ],
                            [
                                118.88329,
                                39.715866
                            ],
                            [
                                118.881164,
                                39.716556
                            ],
                            [
                                118.880908,
                                39.718399
                            ],
                            [
                                118.876651,
                                39.7191
                            ],
                            [
                                118.876371,
                                39.721253
                            ],
                            [
                                118.877276,
                                39.721256
                            ],
                            [
                                118.876067,
                                39.726426
                            ],
                            [
                                118.873201,
                                39.725527
                            ],
                            [
                                118.873329,
                                39.724399
                            ],
                            [
                                118.870865,
                                39.725458
                            ],
                            [
                                118.870854,
                                39.726578
                            ],
                            [
                                118.871525,
                                39.726666
                            ],
                            [
                                118.871963,
                                39.727945
                            ],
                            [
                                118.874333,
                                39.728121
                            ],
                            [
                                118.873779,
                                39.731328
                            ],
                            [
                                118.872348,
                                39.731438
                            ],
                            [
                                118.870428,
                                39.732436
                            ],
                            [
                                118.868875,
                                39.732802
                            ],
                            [
                                118.864869,
                                39.731899
                            ],
                            [
                                118.86564,
                                39.729279
                            ],
                            [
                                118.86334,
                                39.729199
                            ],
                            [
                                118.85955,
                                39.728071
                            ],
                            [
                                118.861611,
                                39.725801
                            ],
                            [
                                118.856386,
                                39.724342
                            ],
                            [
                                118.855096,
                                39.724601
                            ],
                            [
                                118.855277,
                                39.722936
                            ],
                            [
                                118.852673,
                                39.722746
                            ],
                            [
                                118.852626,
                                39.724053
                            ],
                            [
                                118.84973,
                                39.724517
                            ],
                            [
                                118.848983,
                                39.725241
                            ],
                            [
                                118.844119,
                                39.725176
                            ],
                            [
                                118.843495,
                                39.725969
                            ],
                            [
                                118.835794,
                                39.727667
                            ],
                            [
                                118.834568,
                                39.727572
                            ],
                            [
                                118.834177,
                                39.730246
                            ],
                            [
                                118.832892,
                                39.730863
                            ],
                            [
                                118.834276,
                                39.730958
                            ],
                            [
                                118.834229,
                                39.73239
                            ],
                            [
                                118.835257,
                                39.733251
                            ],
                            [
                                118.828175,
                                39.734977
                            ],
                            [
                                118.829453,
                                39.736972
                            ],
                            [
                                118.828624,
                                39.73821
                            ],
                            [
                                118.826919,
                                39.738675
                            ],
                            [
                                118.828671,
                                39.739238
                            ],
                            [
                                118.827696,
                                39.740084
                            ],
                            [
                                118.828688,
                                39.740944
                            ],
                            [
                                118.827293,
                                39.742228
                            ],
                            [
                                118.823183,
                                39.743633
                            ],
                            [
                                118.822196,
                                39.744269
                            ],
                            [
                                118.82076,
                                39.744238
                            ],
                            [
                                118.820258,
                                39.743526
                            ],
                            [
                                118.818366,
                                39.743595
                            ],
                            [
                                118.818366,
                                39.745891
                            ],
                            [
                                118.815593,
                                39.74599
                            ],
                            [
                                118.815569,
                                39.751028
                            ],
                            [
                                118.81345,
                                39.751123
                            ],
                            [
                                118.812837,
                                39.74912
                            ],
                            [
                                118.812212,
                                39.748477
                            ],
                            [
                                118.810665,
                                39.748561
                            ],
                            [
                                118.810659,
                                39.749254
                            ],
                            [
                                118.811844,
                                39.749147
                            ],
                            [
                                118.811722,
                                39.751751
                            ],
                            [
                                118.811155,
                                39.752174
                            ],
                            [
                                118.806975,
                                39.753099
                            ],
                            [
                                118.806993,
                                39.754261
                            ],
                            [
                                118.803443,
                                39.756157
                            ],
                            [
                                118.802643,
                                39.757893
                            ],
                            [
                                118.799479,
                                39.758487
                            ],
                            [
                                118.805457,
                                39.762823
                            ],
                            [
                                118.802234,
                                39.765606
                            ],
                            [
                                118.800915,
                                39.766501
                            ],
                            [
                                118.79747,
                                39.768176
                            ],
                            [
                                118.793833,
                                39.770997
                            ],
                            [
                                118.789337,
                                39.769588
                            ],
                            [
                                118.786838,
                                39.768983
                            ],
                            [
                                118.781963,
                                39.767445
                            ],
                            [
                                118.777421,
                                39.765572
                            ],
                            [
                                118.775126,
                                39.76486
                            ],
                            [
                                118.774262,
                                39.763113
                            ],
                            [
                                118.775354,
                                39.758266
                            ],
                            [
                                118.776697,
                                39.755974
                            ],
                            [
                                118.777152,
                                39.752528
                            ],
                            [
                                118.777094,
                                39.750289
                            ],
                            [
                                118.780725,
                                39.743264
                            ],
                            [
                                118.781759,
                                39.740602
                            ],
                            [
                                118.782162,
                                39.737471
                            ],
                            [
                                118.783207,
                                39.732387
                            ],
                            [
                                118.783942,
                                39.723241
                            ],
                            [
                                118.784339,
                                39.721588
                            ],
                            [
                                118.78657,
                                39.715828
                            ],
                            [
                                118.78727,
                                39.71595
                            ],
                            [
                                118.78866,
                                39.717481
                            ],
                            [
                                118.791667,
                                39.719436
                            ],
                            [
                                118.792064,
                                39.716677
                            ],
                            [
                                118.791597,
                                39.716643
                            ],
                            [
                                118.791789,
                                39.711435
                            ],
                            [
                                118.792846,
                                39.708936
                            ],
                            [
                                118.793506,
                                39.708883
                            ],
                            [
                                118.793523,
                                39.707492
                            ],
                            [
                                118.794224,
                                39.703144
                            ],
                            [
                                118.794948,
                                39.697585
                            ],
                            [
                                118.796478,
                                39.697665
                            ],
                            [
                                118.797651,
                                39.694593
                            ],
                            [
                                118.799502,
                                39.694506
                            ],
                            [
                                118.800605,
                                39.693812
                            ],
                            [
                                118.799286,
                                39.689875
                            ],
                            [
                                118.803285,
                                39.689323
                            ],
                            [
                                118.802269,
                                39.686175
                            ],
                            [
                                118.801627,
                                39.685664
                            ],
                            [
                                118.802497,
                                39.683126
                            ],
                            [
                                118.804132,
                                39.67997
                            ],
                            [
                                118.805259,
                                39.679848
                            ],
                            [
                                118.805778,
                                39.680564
                            ],
                            [
                                118.806747,
                                39.680377
                            ],
                            [
                                118.806718,
                                39.679318
                            ],
                            [
                                118.807553,
                                39.678716
                            ],
                            [
                                118.805877,
                                39.678609
                            ],
                            [
                                118.806391,
                                39.677557
                            ],
                            [
                                118.808026,
                                39.677717
                            ],
                            [
                                118.809258,
                                39.675845
                            ],
                            [
                                118.812633,
                                39.676089
                            ],
                            [
                                118.81296,
                                39.675224
                            ],
                            [
                                118.810531,
                                39.674561
                            ],
                            [
                                118.813503,
                                39.671076
                            ],
                            [
                                118.81481,
                                39.671256
                            ],
                            [
                                118.816626,
                                39.669273
                            ],
                            [
                                118.8185,
                                39.669712
                            ],
                            [
                                118.819376,
                                39.668938
                            ],
                            [
                                118.822219,
                                39.669006
                            ],
                            [
                                118.825039,
                                39.663048
                            ],
                            [
                                118.827801,
                                39.657523
                            ],
                            [
                                118.827918,
                                39.652059
                            ],
                            [
                                118.824905,
                                39.649801
                            ],
                            [
                                118.824601,
                                39.648669
                            ],
                            [
                                118.828105,
                                39.645767
                            ],
                            [
                                118.831789,
                                39.641862
                            ],
                            [
                                118.834801,
                                39.637865
                            ],
                            [
                                118.839314,
                                39.634604
                            ],
                            [
                                118.847681,
                                39.6263
                            ],
                            [
                                118.849158,
                                39.624701
                            ],
                            [
                                118.850116,
                                39.622741
                            ],
                            [
                                118.849608,
                                39.620951
                            ],
                            [
                                118.848125,
                                39.618662
                            ],
                            [
                                118.844563,
                                39.615007
                            ],
                            [
                                118.844149,
                                39.614042
                            ],
                            [
                                118.844265,
                                39.611383
                            ],
                            [
                                118.845398,
                                39.609361
                            ],
                            [
                                118.847406,
                                39.606991
                            ],
                            [
                                118.847634,
                                39.605576
                            ],
                            [
                                118.848971,
                                39.603431
                            ],
                            [
                                118.849549,
                                39.600638
                            ],
                            [
                                118.851429,
                                39.596951
                            ],
                            [
                                118.852924,
                                39.596875
                            ],
                            [
                                118.853198,
                                39.594089
                            ],
                            [
                                118.851131,
                                39.59394
                            ],
                            [
                                118.851336,
                                39.590231
                            ],
                            [
                                118.856766,
                                39.590101
                            ],
                            [
                                118.856736,
                                39.589006
                            ],
                            [
                                118.857595,
                                39.588704
                            ],
                            [
                                118.857256,
                                39.586654
                            ],
                            [
                                118.859107,
                                39.586738
                            ],
                            [
                                118.859294,
                                39.58478
                            ],
                            [
                                118.858097,
                                39.584735
                            ],
                            [
                                118.858546,
                                39.581223
                            ],
                            [
                                118.859953,
                                39.580979
                            ],
                            [
                                118.860461,
                                39.57883
                            ],
                            [
                                118.86122,
                                39.578799
                            ],
                            [
                                118.861325,
                                39.574779
                            ],
                            [
                                118.865336,
                                39.574611
                            ],
                            [
                                118.865909,
                                39.573985
                            ],
                            [
                                118.869704,
                                39.572607
                            ],
                            [
                                118.868869,
                                39.570645
                            ],
                            [
                                118.869622,
                                39.570439
                            ],
                            [
                                118.870574,
                                39.571966
                            ],
                            [
                                118.871934,
                                39.571886
                            ],
                            [
                                118.871654,
                                39.57003
                            ],
                            [
                                118.87316,
                                39.569595
                            ],
                            [
                                118.875962,
                                39.569683
                            ],
                            [
                                118.88068,
                                39.567663
                            ],
                            [
                                118.882245,
                                39.566579
                            ],
                            [
                                118.88235,
                                39.564128
                            ],
                            [
                                118.883774,
                                39.561738
                            ],
                            [
                                118.88559,
                                39.559554
                            ],
                            [
                                118.885835,
                                39.558416
                            ],
                            [
                                118.885035,
                                39.555063
                            ],
                            [
                                118.884948,
                                39.552734
                            ],
                            [
                                118.886769,
                                39.550962
                            ],
                            [
                                118.891195,
                                39.548537
                            ],
                            [
                                118.895148,
                                39.547044
                            ],
                            [
                                118.897997,
                                39.546956
                            ],
                            [
                                118.89976,
                                39.54759
                            ],
                            [
                                118.905102,
                                39.550714
                            ],
                            [
                                118.906147,
                                39.551164
                            ],
                            [
                                118.912961,
                                39.551565
                            ],
                            [
                                118.916061,
                                39.552138
                            ],
                            [
                                118.929046,
                                39.555048
                            ],
                            [
                                118.938481,
                                39.557564
                            ],
                            [
                                118.944121,
                                39.55824
                            ],
                            [
                                118.944996,
                                39.556839
                            ],
                            [
                                118.945872,
                                39.556491
                            ],
                            [
                                118.944903,
                                39.552711
                            ],
                            [
                                118.945242,
                                39.552157
                            ],
                            [
                                118.948961,
                                39.551806
                            ],
                            [
                                118.948815,
                                39.551126
                            ],
                            [
                                118.945779,
                                39.551329
                            ],
                            [
                                118.946532,
                                39.548342
                            ],
                            [
                                118.945458,
                                39.547987
                            ],
                            [
                                118.945218,
                                39.544798
                            ],
                            [
                                118.948815,
                                39.543943
                            ],
                            [
                                118.956416,
                                39.544966
                            ],
                            [
                                118.95895,
                                39.54489
                            ],
                            [
                                118.964409,
                                39.543462
                            ],
                            [
                                118.96567,
                                39.542346
                            ],
                            [
                                118.973821,
                                39.54088
                            ],
                            [
                                118.976588,
                                39.540253
                            ],
                            [
                                118.979601,
                                39.540032
                            ],
                            [
                                118.983297,
                                39.538962
                            ],
                            [
                                118.983279,
                                39.533894
                            ],
                            [
                                118.983034,
                                39.532312
                            ],
                            [
                                118.974195,
                                39.530051
                            ],
                            [
                                118.969874,
                                39.528779
                            ],
                            [
                                118.966067,
                                39.52952
                            ],
                            [
                                118.966885,
                                39.527885
                            ],
                            [
                                118.966692,
                                39.527282
                            ],
                            [
                                118.960649,
                                39.527916
                            ],
                            [
                                118.960544,
                                39.526823
                            ],
                            [
                                118.965519,
                                39.526162
                            ],
                            [
                                118.965057,
                                39.524153
                            ],
                            [
                                118.958133,
                                39.524959
                            ],
                            [
                                118.958927,
                                39.526159
                            ],
                            [
                                118.956825,
                                39.526212
                            ],
                            [
                                118.95672,
                                39.524157
                            ],
                            [
                                118.963744,
                                39.52345
                            ],
                            [
                                118.963551,
                                39.522865
                            ],
                            [
                                118.960585,
                                39.522984
                            ],
                            [
                                118.960317,
                                39.522285
                            ],
                            [
                                118.963907,
                                39.522094
                            ],
                            [
                                118.964579,
                                39.523477
                            ],
                            [
                                118.964701,
                                39.522438
                            ],
                            [
                                118.968426,
                                39.520829
                            ],
                            [
                                118.968222,
                                39.520264
                            ],
                            [
                                118.964876,
                                39.521456
                            ],
                            [
                                118.96459,
                                39.521089
                            ],
                            [
                                118.966651,
                                39.519687
                            ],
                            [
                                118.966517,
                                39.519416
                            ],
                            [
                                118.963866,
                                39.520783
                            ],
                            [
                                118.964421,
                                39.519641
                            ],
                            [
                                118.962337,
                                39.520417
                            ],
                            [
                                118.962302,
                                39.519102
                            ],
                            [
                                118.960988,
                                39.518323
                            ],
                            [
                                118.961473,
                                39.517452
                            ],
                            [
                                118.961478,
                                39.515885
                            ],
                            [
                                118.964491,
                                39.515786
                            ],
                            [
                                118.966219,
                                39.515175
                            ],
                            [
                                118.966558,
                                39.511919
                            ],
                            [
                                118.966821,
                                39.51213
                            ],
                            [
                                118.967895,
                                39.517146
                            ],
                            [
                                118.968502,
                                39.51702
                            ],
                            [
                                118.967766,
                                39.513467
                            ],
                            [
                                118.968876,
                                39.513238
                            ],
                            [
                                118.969465,
                                39.511778
                            ],
                            [
                                118.970026,
                                39.511889
                            ],
                            [
                                118.969641,
                                39.514185
                            ],
                            [
                                118.971048,
                                39.514732
                            ],
                            [
                                118.96849,
                                39.514827
                            ],
                            [
                                118.968479,
                                39.51524
                            ],
                            [
                                118.97322,
                                39.515309
                            ],
                            [
                                118.974551,
                                39.514915
                            ],
                            [
                                118.97486,
                                39.513287
                            ],
                            [
                                118.986327,
                                39.513692
                            ],
                            [
                                118.9884,
                                39.513371
                            ],
                            [
                                118.989182,
                                39.510502
                            ],
                            [
                                119.001781,
                                39.509543
                            ],
                            [
                                119.001974,
                                39.511274
                            ],
                            [
                                119.002902,
                                39.509245
                            ],
                            [
                                119.008128,
                                39.509344
                            ],
                            [
                                119.011479,
                                39.507946
                            ],
                            [
                                119.008887,
                                39.508438
                            ],
                            [
                                119.008787,
                                39.506192
                            ],
                            [
                                119.011958,
                                39.505305
                            ],
                            [
                                119.012582,
                                39.50211
                            ],
                            [
                                119.013184,
                                39.501709
                            ],
                            [
                                119.015461,
                                39.496997
                            ],
                            [
                                119.01382,
                                39.496875
                            ],
                            [
                                119.012851,
                                39.495717
                            ],
                            [
                                119.0134,
                                39.493821
                            ],
                            [
                                119.014643,
                                39.493225
                            ],
                            [
                                119.01716,
                                39.493064
                            ],
                            [
                                119.016885,
                                39.492457
                            ],
                            [
                                119.013522,
                                39.492216
                            ],
                            [
                                119.013014,
                                39.491627
                            ],
                            [
                                119.013686,
                                39.488287
                            ],
                            [
                                119.01563,
                                39.482098
                            ],
                            [
                                119.015256,
                                39.481403
                            ],
                            [
                                119.007602,
                                39.476479
                            ],
                            [
                                119.005658,
                                39.472931
                            ],
                            [
                                119.004975,
                                39.470886
                            ],
                            [
                                119.004876,
                                39.467476
                            ],
                            [
                                119.008945,
                                39.467873
                            ],
                            [
                                119.011958,
                                39.467976
                            ],
                            [
                                119.012804,
                                39.467495
                            ],
                            [
                                119.013143,
                                39.464662
                            ],
                            [
                                119.014754,
                                39.464692
                            ],
                            [
                                119.01469,
                                39.466497
                            ],
                            [
                                119.016138,
                                39.466654
                            ],
                            [
                                119.018333,
                                39.464317
                            ],
                            [
                                119.025754,
                                39.46457
                            ],
                            [
                                119.02924,
                                39.46418
                            ],
                            [
                                119.035744,
                                39.462463
                            ],
                            [
                                119.040741,
                                39.462046
                            ],
                            [
                                119.043304,
                                39.461343
                            ],
                            [
                                119.046194,
                                39.459821
                            ],
                            [
                                119.048413,
                                39.459068
                            ],
                            [
                                119.051817,
                                39.459178
                            ],
                            [
                                119.054584,
                                39.459874
                            ],
                            [
                                119.054281,
                                39.463102
                            ],
                            [
                                119.054795,
                                39.463851
                            ],
                            [
                                119.059915,
                                39.468474
                            ],
                            [
                                119.062169,
                                39.470672
                            ],
                            [
                                119.064568,
                                39.47373
                            ],
                            [
                                119.068211,
                                39.476074
                            ],
                            [
                                119.071096,
                                39.476395
                            ],
                            [
                                119.080951,
                                39.475175
                            ],
                            [
                                119.089528,
                                39.472171
                            ],
                            [
                                119.092026,
                                39.469471
                            ],
                            [
                                119.093498,
                                39.468875
                            ],
                            [
                                119.112876,
                                39.466271
                            ],
                            [
                                119.125358,
                                39.466722
                            ],
                            [
                                119.137963,
                                39.465839
                            ],
                            [
                                119.144467,
                                39.464964
                            ],
                            [
                                119.148134,
                                39.463599
                            ],
                            [
                                119.150189,
                                39.463056
                            ],
                            [
                                119.155747,
                                39.460781
                            ],
                            [
                                119.161136,
                                39.460892
                            ],
                            [
                                119.16764,
                                39.461584
                            ],
                            [
                                119.175668,
                                39.460857
                            ],
                            [
                                119.185757,
                                39.458995
                            ],
                            [
                                119.189003,
                                39.459844
                            ],
                            [
                                119.191993,
                                39.461304
                            ],
                            [
                                119.19619,
                                39.462054
                            ],
                            [
                                119.202227,
                                39.463549
                            ],
                            [
                                119.205946,
                                39.464038
                            ],
                            [
                                119.212322,
                                39.463457
                            ],
                            [
                                119.214401,
                                39.46218
                            ],
                            [
                                119.220794,
                                39.456119
                            ],
                            [
                                119.224203,
                                39.451473
                            ],
                            [
                                119.228594,
                                39.44937
                            ],
                            [
                                119.234794,
                                39.446184
                            ],
                            [
                                119.23755,
                                39.445293
                            ],
                            [
                                119.243132,
                                39.441239
                            ],
                            [
                                119.246057,
                                39.437662
                            ],
                            [
                                119.251907,
                                39.433244
                            ],
                            [
                                119.257424,
                                39.429756
                            ],
                            [
                                119.262772,
                                39.427874
                            ],
                            [
                                119.269084,
                                39.424212
                            ],
                            [
                                119.272616,
                                39.423271
                            ],
                            [
                                119.275681,
                                39.422915
                            ],
                            [
                                119.277672,
                                39.423095
                            ],
                            [
                                119.280404,
                                39.422881
                            ],
                            [
                                119.284842,
                                39.423535
                            ],
                            [
                                119.290499,
                                39.425215
                            ],
                            [
                                119.294224,
                                39.426592
                            ],
                            [
                                119.297675,
                                39.428378
                            ],
                            [
                                119.300337,
                                39.430264
                            ],
                            [
                                119.30621,
                                39.432024
                            ],
                            [
                                119.308242,
                                39.431856
                            ]
                        ]
                    ]
                ]
            }
        }
    ]
}