{
    "type": "FeatureCollection",
    "features": [
        {
            "type": "Feature",
            "properties": {
                "adcode": 130404,
                "name": "复兴区",
                "center": [
                    114.458242,
                    36.615484
                ],
                "centroid": [
                    114.360088,
                    36.574264
                ],
                "childrenNum": 0,
                "level": "district",
                "acroutes": [
                    100000,
                    130000,
                    130400
                ],
                "parent": {
                    "adcode": 130400
                }
            },
            "geometry": {
                "type": "MultiPolygon",
                "coordinates": [
                    [
                        [
                            [
                                114.322241,
                                36.672591
                            ],
                            [
                                114.322911,
                                36.67035
                            ],
                            [
                                114.323267,
                                36.66844
                            ],
                            [
                                114.32294,
                                36.66692
                            ],
                            [
                                114.319721,
                                36.66205
                            ],
                            [
                                114.317026,
                                36.653628
                            ],
                            [
                                114.314738,
                                36.651901
                            ],
                            [
                                114.309191,
                                36.652533
                            ],
                            [
                                114.308055,
                                36.651913
                            ],
                            [
                                114.303337,
                                36.645368
                            ],
                            [
                                114.301749,
                                36.642118
                            ],
                            [
                                114.301883,
                                36.641644
                            ],
                            [
                                114.303586,
                                36.64087
                            ],
                            [
                                114.309466,
                                36.639525
                            ],
                            [
                                114.308555,
                                36.635274
                            ],
                            [
                                114.306904,
                                36.633091
                            ],
                            [
                                114.304974,
                                36.628221
                            ],
                            [
                                114.304191,
                                36.628105
                            ],
                            [
                                114.303486,
                                36.624243
                            ],
                            [
                                114.302362,
                                36.623904
                            ],
                            [
                                114.300066,
                                36.624305
                            ],
                            [
                                114.299509,
                                36.625175
                            ],
                            [
                                114.297653,
                                36.625472
                            ],
                            [
                                114.296047,
                                36.625316
                            ],
                            [
                                114.294986,
                                36.624604
                            ],
                            [
                                114.294687,
                                36.623561
                            ],
                            [
                                114.294811,
                                36.622616
                            ],
                            [
                                114.294645,
                                36.621919
                            ],
                            [
                                114.294959,
                                36.619944
                            ],
                            [
                                114.294497,
                                36.619437
                            ],
                            [
                                114.294578,
                                36.618717
                            ],
                            [
                                114.292965,
                                36.618796
                            ],
                            [
                                114.290878,
                                36.618628
                            ],
                            [
                                114.290449,
                                36.618772
                            ],
                            [
                                114.289632,
                                36.617803
                            ],
                            [
                                114.288982,
                                36.617694
                            ],
                            [
                                114.286039,
                                36.620092
                            ],
                            [
                                114.276939,
                                36.620221
                            ],
                            [
                                114.27504,
                                36.619699
                            ],
                            [
                                114.275519,
                                36.611431
                            ],
                            [
                                114.277388,
                                36.606676
                            ],
                            [
                                114.27891,
                                36.604762
                            ],
                            [
                                114.283632,
                                36.604311
                            ],
                            [
                                114.287778,
                                36.603243
                            ],
                            [
                                114.290122,
                                36.60104
                            ],
                            [
                                114.294698,
                                36.599093
                            ],
                            [
                                114.296937,
                                36.599553
                            ],
                            [
                                114.298804,
                                36.595554
                            ],
                            [
                                114.294762,
                                36.593093
                            ],
                            [
                                114.295621,
                                36.590477
                            ],
                            [
                                114.296613,
                                36.589284
                            ],
                            [
                                114.297927,
                                36.589406
                            ],
                            [
                                114.299568,
                                36.59041
                            ],
                            [
                                114.299168,
                                36.587612
                            ],
                            [
                                114.296556,
                                36.586687
                            ],
                            [
                                114.291928,
                                36.583927
                            ],
                            [
                                114.288167,
                                36.583172
                            ],
                            [
                                114.289302,
                                36.581664
                            ],
                            [
                                114.291464,
                                36.579487
                            ],
                            [
                                114.284856,
                                36.576231
                            ],
                            [
                                114.283596,
                                36.575167
                            ],
                            [
                                114.28629,
                                36.567973
                            ],
                            [
                                114.289084,
                                36.565336
                            ],
                            [
                                114.289212,
                                36.555847
                            ],
                            [
                                114.290602,
                                36.554501
                            ],
                            [
                                114.288636,
                                36.553429
                            ],
                            [
                                114.286382,
                                36.55405
                            ],
                            [
                                114.282303,
                                36.553835
                            ],
                            [
                                114.280944,
                                36.552051
                            ],
                            [
                                114.281472,
                                36.550445
                            ],
                            [
                                114.283142,
                                36.551066
                            ],
                            [
                                114.283994,
                                36.550932
                            ],
                            [
                                114.283737,
                                36.547544
                            ],
                            [
                                114.284436,
                                36.545072
                            ],
                            [
                                114.285865,
                                36.541672
                            ],
                            [
                                114.285193,
                                36.540036
                            ],
                            [
                                114.281826,
                                36.537439
                            ],
                            [
                                114.276185,
                                36.536885
                            ],
                            [
                                114.271652,
                                36.534313
                            ],
                            [
                                114.271549,
                                36.530892
                            ],
                            [
                                114.272524,
                                36.530036
                            ],
                            [
                                114.277181,
                                36.530514
                            ],
                            [
                                114.28062,
                                36.528449
                            ],
                            [
                                114.28484,
                                36.523092
                            ],
                            [
                                114.284515,
                                36.51779
                            ],
                            [
                                114.286526,
                                36.516819
                            ],
                            [
                                114.286943,
                                36.516193
                            ],
                            [
                                114.288684,
                                36.509679
                            ],
                            [
                                114.288607,
                                36.507156
                            ],
                            [
                                114.287269,
                                36.502956
                            ],
                            [
                                114.285865,
                                36.500668
                            ],
                            [
                                114.28458,
                                36.499604
                            ],
                            [
                                114.282351,
                                36.499136
                            ],
                            [
                                114.278483,
                                36.499108
                            ],
                            [
                                114.273885,
                                36.499319
                            ],
                            [
                                114.271846,
                                36.50001
                            ],
                            [
                                114.271089,
                                36.499668
                            ],
                            [
                                114.270385,
                                36.495248
                            ],
                            [
                                114.270678,
                                36.491478
                            ],
                            [
                                114.271267,
                                36.487759
                            ],
                            [
                                114.273669,
                                36.486592
                            ],
                            [
                                114.273211,
                                36.484688
                            ],
                            [
                                114.273728,
                                36.481705
                            ],
                            [
                                114.273117,
                                36.479927
                            ],
                            [
                                114.275061,
                                36.479652
                            ],
                            [
                                114.276296,
                                36.47937
                            ],
                            [
                                114.278427,
                                36.478664
                            ],
                            [
                                114.280557,
                                36.477822
                            ],
                            [
                                114.28148,
                                36.477916
                            ],
                            [
                                114.282251,
                                36.479598
                            ],
                            [
                                114.288695,
                                36.478599
                            ],
                            [
                                114.289283,
                                36.484098
                            ],
                            [
                                114.289465,
                                36.485146
                            ],
                            [
                                114.291757,
                                36.484009
                            ],
                            [
                                114.292533,
                                36.482201
                            ],
                            [
                                114.295501,
                                36.482335
                            ],
                            [
                                114.302532,
                                36.480571
                            ],
                            [
                                114.306598,
                                36.478803
                            ],
                            [
                                114.308873,
                                36.476784
                            ],
                            [
                                114.310282,
                                36.47282
                            ],
                            [
                                114.309809,
                                36.468676
                            ],
                            [
                                114.310322,
                                36.464425
                            ],
                            [
                                114.316036,
                                36.462953
                            ],
                            [
                                114.316465,
                                36.461442
                            ],
                            [
                                114.313591,
                                36.460892
                            ],
                            [
                                114.31091,
                                36.461105
                            ],
                            [
                                114.298856,
                                36.46091
                            ],
                            [
                                114.293431,
                                36.461702
                            ],
                            [
                                114.292814,
                                36.459785
                            ],
                            [
                                114.288766,
                                36.459165
                            ],
                            [
                                114.288456,
                                36.456517
                            ],
                            [
                                114.28864,
                                36.455446
                            ],
                            [
                                114.292309,
                                36.454601
                            ],
                            [
                                114.290468,
                                36.450977
                            ],
                            [
                                114.288751,
                                36.445964
                            ],
                            [
                                114.284201,
                                36.437816
                            ],
                            [
                                114.289352,
                                36.434433
                            ],
                            [
                                114.305315,
                                36.431808
                            ],
                            [
                                114.319221,
                                36.428217
                            ],
                            [
                                114.319989,
                                36.435816
                            ],
                            [
                                114.318359,
                                36.443548
                            ],
                            [
                                114.317586,
                                36.461085
                            ],
                            [
                                114.317157,
                                36.463018
                            ],
                            [
                                114.330504,
                                36.463087
                            ],
                            [
                                114.337118,
                                36.463181
                            ],
                            [
                                114.337244,
                                36.466157
                            ],
                            [
                                114.348358,
                                36.466298
                            ],
                            [
                                114.357156,
                                36.466263
                            ],
                            [
                                114.359302,
                                36.466229
                            ],
                            [
                                114.362648,
                                36.469818
                            ],
                            [
                                114.362906,
                                36.471956
                            ],
                            [
                                114.361962,
                                36.474304
                            ],
                            [
                                114.359986,
                                36.476789
                            ],
                            [
                                114.356466,
                                36.484205
                            ],
                            [
                                114.355436,
                                36.488276
                            ],
                            [
                                114.351564,
                                36.496803
                            ],
                            [
                                114.376766,
                                36.489896
                            ],
                            [
                                114.376638,
                                36.487068
                            ],
                            [
                                114.385048,
                                36.487276
                            ],
                            [
                                114.39037,
                                36.490379
                            ],
                            [
                                114.390113,
                                36.503286
                            ],
                            [
                                114.392346,
                                36.510013
                            ],
                            [
                                114.395046,
                                36.523669
                            ],
                            [
                                114.395307,
                                36.533004
                            ],
                            [
                                114.394552,
                                36.534355
                            ],
                            [
                                114.394941,
                                36.536679
                            ],
                            [
                                114.393547,
                                36.536781
                            ],
                            [
                                114.393508,
                                36.540464
                            ],
                            [
                                114.391226,
                                36.542412
                            ],
                            [
                                114.391714,
                                36.544448
                            ],
                            [
                                114.383365,
                                36.547059
                            ],
                            [
                                114.382731,
                                36.547581
                            ],
                            [
                                114.382875,
                                36.549346
                            ],
                            [
                                114.381665,
                                36.549824
                            ],
                            [
                                114.377379,
                                36.550583
                            ],
                            [
                                114.366627,
                                36.555273
                            ],
                            [
                                114.359779,
                                36.556131
                            ],
                            [
                                114.357519,
                                36.557148
                            ],
                            [
                                114.369767,
                                36.579395
                            ],
                            [
                                114.375259,
                                36.579395
                            ],
                            [
                                114.385904,
                                36.577327
                            ],
                            [
                                114.386075,
                                36.582015
                            ],
                            [
                                114.407819,
                                36.590687
                            ],
                            [
                                114.408378,
                                36.589789
                            ],
                            [
                                114.40931,
                                36.583919
                            ],
                            [
                                114.409176,
                                36.582057
                            ],
                            [
                                114.408521,
                                36.576493
                            ],
                            [
                                114.409423,
                                36.574005
                            ],
                            [
                                114.412593,
                                36.573468
                            ],
                            [
                                114.41296,
                                36.575336
                            ],
                            [
                                114.413632,
                                36.575306
                            ],
                            [
                                114.413066,
                                36.571689
                            ],
                            [
                                114.413841,
                                36.571063
                            ],
                            [
                                114.415469,
                                36.571407
                            ],
                            [
                                114.416311,
                                36.573527
                            ],
                            [
                                114.417458,
                                36.573211
                            ],
                            [
                                114.417878,
                                36.573572
                            ],
                            [
                                114.422391,
                                36.573339
                            ],
                            [
                                114.422056,
                                36.572372
                            ],
                            [
                                114.42111,
                                36.57187
                            ],
                            [
                                114.424704,
                                36.571224
                            ],
                            [
                                114.425905,
                                36.573228
                            ],
                            [
                                114.429999,
                                36.571887
                            ],
                            [
                                114.430646,
                                36.572377
                            ],
                            [
                                114.430738,
                                36.574579
                            ],
                            [
                                114.432031,
                                36.574841
                            ],
                            [
                                114.433107,
                                36.574551
                            ],
                            [
                                114.432852,
                                36.569213
                            ],
                            [
                                114.433396,
                                36.568656
                            ],
                            [
                                114.43682,
                                36.568404
                            ],
                            [
                                114.447789,
                                36.568846
                            ],
                            [
                                114.44835,
                                36.56854
                            ],
                            [
                                114.458733,
                                36.568399
                            ],
                            [
                                114.459349,
                                36.577233
                            ],
                            [
                                114.462825,
                                36.578069
                            ],
                            [
                                114.467197,
                                36.577797
                            ],
                            [
                                114.470483,
                                36.586185
                            ],
                            [
                                114.474129,
                                36.595908
                            ],
                            [
                                114.474875,
                                36.59733
                            ],
                            [
                                114.475126,
                                36.598478
                            ],
                            [
                                114.475465,
                                36.603565
                            ],
                            [
                                114.475752,
                                36.607177
                            ],
                            [
                                114.476503,
                                36.614071
                            ],
                            [
                                114.477227,
                                36.623623
                            ],
                            [
                                114.477778,
                                36.632718
                            ],
                            [
                                114.479682,
                                36.652338
                            ],
                            [
                                114.471718,
                                36.652869
                            ],
                            [
                                114.471266,
                                36.653972
                            ],
                            [
                                114.465975,
                                36.654177
                            ],
                            [
                                114.46563,
                                36.652452
                            ],
                            [
                                114.45699,
                                36.6528
                            ],
                            [
                                114.45545,
                                36.6539
                            ],
                            [
                                114.452563,
                                36.651471
                            ],
                            [
                                114.452718,
                                36.649503
                            ],
                            [
                                114.450788,
                                36.649214
                            ],
                            [
                                114.443503,
                                36.649461
                            ],
                            [
                                114.439566,
                                36.651003
                            ],
                            [
                                114.435901,
                                36.651522
                            ],
                            [
                                114.434808,
                                36.651557
                            ],
                            [
                                114.432837,
                                36.65062
                            ],
                            [
                                114.428536,
                                36.647318
                            ],
                            [
                                114.427929,
                                36.643018
                            ],
                            [
                                114.425296,
                                36.643693
                            ],
                            [
                                114.42463,
                                36.641075
                            ],
                            [
                                114.423644,
                                36.637666
                            ],
                            [
                                114.418768,
                                36.640247
                            ],
                            [
                                114.416327,
                                36.641367
                            ],
                            [
                                114.414783,
                                36.642412
                            ],
                            [
                                114.412424,
                                36.643574
                            ],
                            [
                                114.412614,
                                36.646191
                            ],
                            [
                                114.414588,
                                36.654387
                            ],
                            [
                                114.410984,
                                36.656107
                            ],
                            [
                                114.400881,
                                36.656851
                            ],
                            [
                                114.398907,
                                36.657073
                            ],
                            [
                                114.39689,
                                36.660241
                            ],
                            [
                                114.393522,
                                36.662272
                            ],
                            [
                                114.388823,
                                36.666369
                            ],
                            [
                                114.3869,
                                36.66695
                            ],
                            [
                                114.384799,
                                36.667743
                            ],
                            [
                                114.381069,
                                36.668499
                            ],
                            [
                                114.379844,
                                36.666658
                            ],
                            [
                                114.379351,
                                36.664301
                            ],
                            [
                                114.37794,
                                36.66335
                            ],
                            [
                                114.377082,
                                36.663187
                            ],
                            [
                                114.376674,
                                36.662851
                            ],
                            [
                                114.376096,
                                36.663194
                            ],
                            [
                                114.375483,
                                36.662902
                            ],
                            [
                                114.367498,
                                36.666367
                            ],
                            [
                                114.366458,
                                36.666789
                            ],
                            [
                                114.360139,
                                36.669599
                            ],
                            [
                                114.354664,
                                36.672937
                            ],
                            [
                                114.35224,
                                36.674298
                            ],
                            [
                                114.349942,
                                36.675674
                            ],
                            [
                                114.349084,
                                36.674933
                            ],
                            [
                                114.346509,
                                36.672405
                            ],
                            [
                                114.345409,
                                36.670538
                            ],
                            [
                                114.338414,
                                36.671538
                            ],
                            [
                                114.328886,
                                36.672465
                            ],
                            [
                                114.324167,
                                36.672672
                            ],
                            [
                                114.322241,
                                36.672591
                            ]
                        ]
                    ]
                ]
            }
        }
    ]
}