{
    "type": "FeatureCollection",
    "features": [
        {
            "type": "Feature",
            "properties": {
                "adcode": 130481,
                "name": "武安市",
                "center": [
                    114.194581,
                    36.696115
                ],
                "centroid": [
                    114.052008,
                    36.742816
                ],
                "childrenNum": 0,
                "level": "district",
                "acroutes": [
                    100000,
                    130000,
                    130400
                ],
                "parent": {
                    "adcode": 130400
                }
            },
            "geometry": {
                "type": "MultiPolygon",
                "coordinates": [
                    [
                        [
                            [
                                113.837245,
                                37.012873
                            ],
                            [
                                113.828757,
                                37.012049
                            ],
                            [
                                113.821334,
                                37.00889
                            ],
                            [
                                113.813146,
                                37.006281
                            ],
                            [
                                113.805021,
                                37.002266
                            ],
                            [
                                113.794942,
                                36.994985
                            ],
                            [
                                113.791753,
                                36.987677
                            ],
                            [
                                113.782564,
                                36.980533
                            ],
                            [
                                113.780697,
                                36.977415
                            ],
                            [
                                113.779055,
                                36.974011
                            ],
                            [
                                113.777483,
                                36.968552
                            ],
                            [
                                113.770561,
                                36.964868
                            ],
                            [
                                113.763601,
                                36.960956
                            ],
                            [
                                113.761678,
                                36.956061
                            ],
                            [
                                113.766088,
                                36.947507
                            ],
                            [
                                113.769728,
                                36.936885
                            ],
                            [
                                113.773894,
                                36.931703
                            ],
                            [
                                113.777339,
                                36.931624
                            ],
                            [
                                113.779857,
                                36.932063
                            ],
                            [
                                113.783058,
                                36.934003
                            ],
                            [
                                113.784856,
                                36.933406
                            ],
                            [
                                113.784812,
                                36.927002
                            ],
                            [
                                113.780233,
                                36.923385
                            ],
                            [
                                113.778824,
                                36.918704
                            ],
                            [
                                113.781004,
                                36.914473
                            ],
                            [
                                113.785865,
                                36.907025
                            ],
                            [
                                113.790237,
                                36.90009
                            ],
                            [
                                113.792831,
                                36.894726
                            ],
                            [
                                113.794002,
                                36.882101
                            ],
                            [
                                113.791139,
                                36.874989
                            ],
                            [
                                113.786917,
                                36.87011
                            ],
                            [
                                113.785927,
                                36.869364
                            ],
                            [
                                113.784011,
                                36.868734
                            ],
                            [
                                113.779882,
                                36.868734
                            ],
                            [
                                113.776819,
                                36.870671
                            ],
                            [
                                113.772328,
                                36.871131
                            ],
                            [
                                113.771281,
                                36.869845
                            ],
                            [
                                113.77031,
                                36.865585
                            ],
                            [
                                113.774652,
                                36.860843
                            ],
                            [
                                113.772941,
                                36.855137
                            ],
                            [
                                113.770429,
                                36.854941
                            ],
                            [
                                113.769935,
                                36.858535
                            ],
                            [
                                113.766282,
                                36.863309
                            ],
                            [
                                113.764992,
                                36.863997
                            ],
                            [
                                113.758602,
                                36.863097
                            ],
                            [
                                113.756767,
                                36.860827
                            ],
                            [
                                113.754468,
                                36.855015
                            ],
                            [
                                113.754374,
                                36.853808
                            ],
                            [
                                113.759329,
                                36.851474
                            ],
                            [
                                113.76342,
                                36.849144
                            ],
                            [
                                113.766521,
                                36.846138
                            ],
                            [
                                113.76917,
                                36.84268
                            ],
                            [
                                113.770116,
                                36.839573
                            ],
                            [
                                113.770223,
                                36.837111
                            ],
                            [
                                113.769966,
                                36.834882
                            ],
                            [
                                113.77115,
                                36.832923
                            ],
                            [
                                113.773299,
                                36.831096
                            ],
                            [
                                113.773775,
                                36.824154
                            ],
                            [
                                113.776481,
                                36.812964
                            ],
                            [
                                113.779005,
                                36.806603
                            ],
                            [
                                113.778623,
                                36.801544
                            ],
                            [
                                113.776011,
                                36.795055
                            ],
                            [
                                113.773775,
                                36.786293
                            ],
                            [
                                113.775717,
                                36.780141
                            ],
                            [
                                113.782357,
                                36.778234
                            ],
                            [
                                113.794541,
                                36.780348
                            ],
                            [
                                113.802716,
                                36.783061
                            ],
                            [
                                113.815376,
                                36.779908
                            ],
                            [
                                113.825744,
                                36.77693
                            ],
                            [
                                113.83437,
                                36.77506
                            ],
                            [
                                113.843553,
                                36.773422
                            ],
                            [
                                113.854409,
                                36.772516
                            ],
                            [
                                113.861638,
                                36.769697
                            ],
                            [
                                113.866105,
                                36.76452
                            ],
                            [
                                113.870145,
                                36.754969
                            ],
                            [
                                113.873635,
                                36.745407
                            ],
                            [
                                113.876548,
                                36.735843
                            ],
                            [
                                113.882004,
                                36.727021
                            ],
                            [
                                113.889139,
                                36.718919
                            ],
                            [
                                113.896161,
                                36.714035
                            ],
                            [
                                113.90183,
                                36.707279
                            ],
                            [
                                113.905182,
                                36.700941
                            ],
                            [
                                113.907136,
                                36.694332
                            ],
                            [
                                113.905063,
                                36.68855
                            ],
                            [
                                113.899513,
                                36.684284
                            ],
                            [
                                113.895954,
                                36.680072
                            ],
                            [
                                113.896969,
                                36.675737
                            ],
                            [
                                113.90069,
                                36.670851
                            ],
                            [
                                113.902075,
                                36.664366
                            ],
                            [
                                113.901605,
                                36.656947
                            ],
                            [
                                113.895591,
                                36.6449
                            ],
                            [
                                113.890981,
                                36.636369
                            ],
                            [
                                113.88756,
                                36.628263
                            ],
                            [
                                113.881083,
                                36.618478
                            ],
                            [
                                113.875652,
                                36.611246
                            ],
                            [
                                113.86779,
                                36.600285
                            ],
                            [
                                113.866556,
                                36.595441
                            ],
                            [
                                113.871686,
                                36.58707
                            ],
                            [
                                113.87926,
                                36.582422
                            ],
                            [
                                113.886145,
                                36.580972
                            ],
                            [
                                113.888844,
                                36.577136
                            ],
                            [
                                113.888293,
                                36.568631
                            ],
                            [
                                113.886057,
                                36.55964
                            ],
                            [
                                113.883933,
                                36.555458
                            ],
                            [
                                113.881528,
                                36.543246
                            ],
                            [
                                113.879335,
                                36.535863
                            ],
                            [
                                113.87837,
                                36.527619
                            ],
                            [
                                113.878063,
                                36.519357
                            ],
                            [
                                113.879567,
                                36.516242
                            ],
                            [
                                113.885336,
                                36.510505
                            ],
                            [
                                113.88922,
                                36.5095
                            ],
                            [
                                113.892302,
                                36.51194
                            ],
                            [
                                113.895002,
                                36.517369
                            ],
                            [
                                113.902194,
                                36.524753
                            ],
                            [
                                113.902538,
                                36.530819
                            ],
                            [
                                113.904574,
                                36.535289
                            ],
                            [
                                113.907788,
                                36.541099
                            ],
                            [
                                113.914459,
                                36.545611
                            ],
                            [
                                113.922453,
                                36.545345
                            ],
                            [
                                113.929976,
                                36.541859
                            ],
                            [
                                113.931981,
                                36.533647
                            ],
                            [
                                113.933747,
                                36.524062
                            ],
                            [
                                113.935959,
                                36.517922
                            ],
                            [
                                113.943094,
                                36.501806
                            ],
                            [
                                113.949815,
                                36.497158
                            ],
                            [
                                113.957032,
                                36.494818
                            ],
                            [
                                113.962288,
                                36.49151
                            ],
                            [
                                113.974491,
                                36.485393
                            ],
                            [
                                113.980548,
                                36.485016
                            ],
                            [
                                113.982434,
                                36.486744
                            ],
                            [
                                113.984852,
                                36.491398
                            ],
                            [
                                113.985892,
                                36.492717
                            ],
                            [
                                113.986349,
                                36.494541
                            ],
                            [
                                113.987295,
                                36.495504
                            ],
                            [
                                113.990521,
                                36.496445
                            ],
                            [
                                113.992187,
                                36.498269
                            ],
                            [
                                113.996178,
                                36.506246
                            ],
                            [
                                114.000419,
                                36.508208
                            ],
                            [
                                114.003325,
                                36.507506
                            ],
                            [
                                114.004227,
                                36.506235
                            ],
                            [
                                114.006915,
                                36.504358
                            ],
                            [
                                114.009721,
                                36.501928
                            ],
                            [
                                114.013812,
                                36.499545
                            ],
                            [
                                114.015253,
                                36.498918
                            ],
                            [
                                114.017721,
                                36.499684
                            ],
                            [
                                114.019644,
                                36.498966
                            ],
                            [
                                114.024342,
                                36.498376
                            ],
                            [
                                114.025044,
                                36.501768
                            ],
                            [
                                114.026666,
                                36.502577
                            ],
                            [
                                114.028095,
                                36.502348
                            ],
                            [
                                114.031609,
                                36.505299
                            ],
                            [
                                114.037115,
                                36.504985
                            ],
                            [
                                114.040686,
                                36.502406
                            ],
                            [
                                114.042653,
                                36.500598
                            ],
                            [
                                114.046957,
                                36.498514
                            ],
                            [
                                114.048623,
                                36.500274
                            ],
                            [
                                114.047971,
                                36.502529
                            ],
                            [
                                114.048567,
                                36.503879
                            ],
                            [
                                114.050083,
                                36.504767
                            ],
                            [
                                114.050985,
                                36.509085
                            ],
                            [
                                114.051692,
                                36.509962
                            ],
                            [
                                114.053365,
                                36.509409
                            ],
                            [
                                114.054687,
                                36.51009
                            ],
                            [
                                114.053659,
                                36.512663
                            ],
                            [
                                114.056334,
                                36.515444
                            ],
                            [
                                114.058896,
                                36.516805
                            ],
                            [
                                114.060331,
                                36.518129
                            ],
                            [
                                114.060463,
                                36.519751
                            ],
                            [
                                114.058433,
                                36.521463
                            ],
                            [
                                114.058984,
                                36.521973
                            ],
                            [
                                114.061233,
                                36.522526
                            ],
                            [
                                114.063325,
                                36.522473
                            ],
                            [
                                114.065631,
                                36.523823
                            ],
                            [
                                114.068136,
                                36.523632
                            ],
                            [
                                114.069746,
                                36.524604
                            ],
                            [
                                114.069959,
                                36.527938
                            ],
                            [
                                114.069464,
                                36.529134
                            ],
                            [
                                114.071588,
                                36.53269
                            ],
                            [
                                114.075453,
                                36.532823
                            ],
                            [
                                114.078059,
                                36.53345
                            ],
                            [
                                114.078416,
                                36.534694
                            ],
                            [
                                114.08106,
                                36.536421
                            ],
                            [
                                114.086541,
                                36.535252
                            ],
                            [
                                114.089585,
                                36.536846
                            ],
                            [
                                114.090813,
                                36.538356
                            ],
                            [
                                114.092317,
                                36.542587
                            ],
                            [
                                114.092279,
                                36.544931
                            ],
                            [
                                114.086823,
                                36.54956
                            ],
                            [
                                114.0851,
                                36.554725
                            ],
                            [
                                114.08676,
                                36.556622
                            ],
                            [
                                114.084248,
                                36.563769
                            ],
                            [
                                114.08661,
                                36.56972
                            ],
                            [
                                114.087625,
                                36.571255
                            ],
                            [
                                114.088727,
                                36.571925
                            ],
                            [
                                114.096006,
                                36.572918
                            ],
                            [
                                114.100172,
                                36.571914
                            ],
                            [
                                114.103367,
                                36.570028
                            ],
                            [
                                114.105585,
                                36.567435
                            ],
                            [
                                114.106029,
                                36.564757
                            ],
                            [
                                114.105083,
                                36.561771
                            ],
                            [
                                114.105553,
                                36.560076
                            ],
                            [
                                114.107263,
                                36.55828
                            ],
                            [
                                114.109324,
                                36.557026
                            ],
                            [
                                114.116328,
                                36.556691
                            ],
                            [
                                114.121214,
                                36.556643
                            ],
                            [
                                114.121621,
                                36.557722
                            ],
                            [
                                114.120913,
                                36.560788
                            ],
                            [
                                114.125148,
                                36.569066
                            ],
                            [
                                114.126808,
                                36.571335
                            ],
                            [
                                114.129352,
                                36.570724
                            ],
                            [
                                114.130893,
                                36.571319
                            ],
                            [
                                114.131895,
                                36.574459
                            ],
                            [
                                114.134169,
                                36.573083
                            ],
                            [
                                114.136292,
                                36.569311
                            ],
                            [
                                114.139074,
                                36.568471
                            ],
                            [
                                114.141385,
                                36.568413
                            ],
                            [
                                114.143803,
                                36.567239
                            ],
                            [
                                114.144655,
                                36.564428
                            ],
                            [
                                114.143597,
                                36.558046
                            ],
                            [
                                114.143365,
                                36.553333
                            ],
                            [
                                114.143885,
                                36.552025
                            ],
                            [
                                114.146397,
                                36.551579
                            ],
                            [
                                114.150124,
                                36.551637
                            ],
                            [
                                114.151014,
                                36.552211
                            ],
                            [
                                114.154666,
                                36.552876
                            ],
                            [
                                114.160617,
                                36.552025
                            ],
                            [
                                114.161788,
                                36.550957
                            ],
                            [
                                114.166098,
                                36.548029
                            ],
                            [
                                114.174085,
                                36.545388
                            ],
                            [
                                114.189721,
                                36.542603
                            ],
                            [
                                114.199324,
                                36.543411
                            ],
                            [
                                114.210018,
                                36.546993
                            ],
                            [
                                114.220429,
                                36.550559
                            ],
                            [
                                114.228579,
                                36.552259
                            ],
                            [
                                114.23059,
                                36.555496
                            ],
                            [
                                114.234386,
                                36.55921
                            ],
                            [
                                114.235996,
                                36.559763
                            ],
                            [
                                114.239391,
                                36.559332
                            ],
                            [
                                114.239642,
                                36.561208
                            ],
                            [
                                114.243657,
                                36.560342
                            ],
                            [
                                114.247673,
                                36.559954
                            ],
                            [
                                114.252621,
                                36.559151
                            ],
                            [
                                114.252383,
                                36.55642
                            ],
                            [
                                114.254676,
                                36.55532
                            ],
                            [
                                114.254701,
                                36.55287
                            ],
                            [
                                114.261103,
                                36.552126
                            ],
                            [
                                114.26131,
                                36.551032
                            ],
                            [
                                114.260514,
                                36.547907
                            ],
                            [
                                114.262601,
                                36.547503
                            ],
                            [
                                114.262375,
                                36.542953
                            ],
                            [
                                114.264204,
                                36.540556
                            ],
                            [
                                114.266071,
                                36.542002
                            ],
                            [
                                114.266685,
                                36.543676
                            ],
                            [
                                114.268558,
                                36.544527
                            ],
                            [
                                114.269159,
                                36.548087
                            ],
                            [
                                114.268965,
                                36.550723
                            ],
                            [
                                114.271678,
                                36.550591
                            ],
                            [
                                114.281469,
                                36.550442
                            ],
                            [
                                114.280943,
                                36.552052
                            ],
                            [
                                114.282302,
                                36.553838
                            ],
                            [
                                114.28638,
                                36.55405
                            ],
                            [
                                114.288635,
                                36.553428
                            ],
                            [
                                114.290602,
                                36.554502
                            ],
                            [
                                114.289211,
                                36.555846
                            ],
                            [
                                114.289086,
                                36.565336
                            ],
                            [
                                114.286292,
                                36.567972
                            ],
                            [
                                114.283599,
                                36.575171
                            ],
                            [
                                114.284858,
                                36.576228
                            ],
                            [
                                114.291467,
                                36.57949
                            ],
                            [
                                114.289299,
                                36.581663
                            ],
                            [
                                114.288165,
                                36.583171
                            ],
                            [
                                114.29193,
                                36.583926
                            ],
                            [
                                114.29656,
                                36.586688
                            ],
                            [
                                114.299166,
                                36.587612
                            ],
                            [
                                114.299566,
                                36.590411
                            ],
                            [
                                114.297925,
                                36.589407
                            ],
                            [
                                114.296616,
                                36.589285
                            ],
                            [
                                114.29562,
                                36.590475
                            ],
                            [
                                114.294762,
                                36.593094
                            ],
                            [
                                114.298802,
                                36.595553
                            ],
                            [
                                114.296935,
                                36.599552
                            ],
                            [
                                114.294699,
                                36.599095
                            ],
                            [
                                114.29012,
                                36.601039
                            ],
                            [
                                114.287777,
                                36.603243
                            ],
                            [
                                114.28363,
                                36.60431
                            ],
                            [
                                114.278907,
                                36.604762
                            ],
                            [
                                114.277391,
                                36.606674
                            ],
                            [
                                114.275518,
                                36.611432
                            ],
                            [
                                114.275042,
                                36.619699
                            ],
                            [
                                114.27694,
                                36.620219
                            ],
                            [
                                114.286042,
                                36.620092
                            ],
                            [
                                114.28898,
                                36.617692
                            ],
                            [
                                114.290446,
                                36.61877
                            ],
                            [
                                114.29458,
                                36.618717
                            ],
                            [
                                114.294962,
                                36.619943
                            ],
                            [
                                114.294643,
                                36.621919
                            ],
                            [
                                114.294987,
                                36.624605
                            ],
                            [
                                114.296046,
                                36.625316
                            ],
                            [
                                114.297656,
                                36.62547
                            ],
                            [
                                114.29951,
                                36.625173
                            ],
                            [
                                114.300068,
                                36.624302
                            ],
                            [
                                114.30236,
                                36.623904
                            ],
                            [
                                114.303488,
                                36.624244
                            ],
                            [
                                114.30419,
                                36.628104
                            ],
                            [
                                114.304973,
                                36.628221
                            ],
                            [
                                114.306902,
                                36.633089
                            ],
                            [
                                114.308556,
                                36.635276
                            ],
                            [
                                114.309464,
                                36.639528
                            ],
                            [
                                114.303588,
                                36.640871
                            ],
                            [
                                114.301746,
                                36.642118
                            ],
                            [
                                114.303338,
                                36.645372
                            ],
                            [
                                114.308055,
                                36.651916
                            ],
                            [
                                114.309188,
                                36.652532
                            ],
                            [
                                114.314739,
                                36.6519
                            ],
                            [
                                114.317025,
                                36.65363
                            ],
                            [
                                114.319719,
                                36.662053
                            ],
                            [
                                114.322939,
                                36.666919
                            ],
                            [
                                114.323271,
                                36.668442
                            ],
                            [
                                114.322914,
                                36.670352
                            ],
                            [
                                114.32146,
                                36.675185
                            ],
                            [
                                114.320502,
                                36.675928
                            ],
                            [
                                114.320283,
                                36.67804
                            ],
                            [
                                114.321204,
                                36.679849
                            ],
                            [
                                114.322557,
                                36.678873
                            ],
                            [
                                114.323302,
                                36.680528
                            ],
                            [
                                114.323778,
                                36.686099
                            ],
                            [
                                114.322976,
                                36.687929
                            ],
                            [
                                114.321755,
                                36.689038
                            ],
                            [
                                114.321855,
                                36.690809
                            ],
                            [
                                114.32334,
                                36.695154
                            ],
                            [
                                114.32473,
                                36.698124
                            ],
                            [
                                114.326096,
                                36.698686
                            ],
                            [
                                114.325839,
                                36.704579
                            ],
                            [
                                114.326622,
                                36.710031
                            ],
                            [
                                114.326171,
                                36.71202
                            ],
                            [
                                114.325382,
                                36.712937
                            ],
                            [
                                114.324661,
                                36.716347
                            ],
                            [
                                114.326171,
                                36.716846
                            ],
                            [
                                114.327399,
                                36.716527
                            ],
                            [
                                114.331709,
                                36.717668
                            ],
                            [
                                114.333908,
                                36.719534
                            ],
                            [
                                114.334678,
                                36.721215
                            ],
                            [
                                114.336752,
                                36.722663
                            ],
                            [
                                114.342402,
                                36.721873
                            ],
                            [
                                114.343931,
                                36.720695
                            ],
                            [
                                114.345133,
                                36.721273
                            ],
                            [
                                114.347388,
                                36.723087
                            ],
                            [
                                114.348009,
                                36.72796
                            ],
                            [
                                114.353383,
                                36.735372
                            ],
                            [
                                114.360281,
                                36.738632
                            ],
                            [
                                114.361972,
                                36.738802
                            ],
                            [
                                114.366727,
                                36.741908
                            ],
                            [
                                114.369188,
                                36.743864
                            ],
                            [
                                114.371857,
                                36.746949
                            ],
                            [
                                114.374864,
                                36.749038
                            ],
                            [
                                114.376674,
                                36.7489
                            ],
                            [
                                114.378034,
                                36.755664
                            ],
                            [
                                114.38037,
                                36.756437
                            ],
                            [
                                114.380803,
                                36.757042
                            ],
                            [
                                114.38017,
                                36.760057
                            ],
                            [
                                114.377652,
                                36.764753
                            ],
                            [
                                114.377019,
                                36.768537
                            ],
                            [
                                114.378253,
                                36.77479
                            ],
                            [
                                114.377345,
                                36.77604
                            ],
                            [
                                114.374331,
                                36.777455
                            ],
                            [
                                114.36885,
                                36.778679
                            ],
                            [
                                114.367115,
                                36.781805
                            ],
                            [
                                114.366088,
                                36.784475
                            ],
                            [
                                114.365029,
                                36.785196
                            ],
                            [
                                114.363344,
                                36.785275
                            ],
                            [
                                114.362241,
                                36.786637
                            ],
                            [
                                114.365261,
                                36.788232
                            ],
                            [
                                114.366858,
                                36.790526
                            ],
                            [
                                114.36756,
                                36.792682
                            ],
                            [
                                114.370028,
                                36.797126
                            ],
                            [
                                114.373617,
                                36.80192
                            ],
                            [
                                114.373862,
                                36.813049
                            ],
                            [
                                114.375453,
                                36.829285
                            ],
                            [
                                114.374569,
                                36.83197
                            ],
                            [
                                114.37041,
                                36.837767
                            ],
                            [
                                114.359873,
                                36.851548
                            ],
                            [
                                114.353565,
                                36.852067
                            ],
                            [
                                114.342747,
                                36.849843
                            ],
                            [
                                114.336075,
                                36.846746
                            ],
                            [
                                114.333525,
                                36.848636
                            ],
                            [
                                114.330312,
                                36.849917
                            ],
                            [
                                114.327925,
                                36.850066
                            ],
                            [
                                114.327562,
                                36.849166
                            ],
                            [
                                114.326923,
                                36.849743
                            ],
                            [
                                114.324511,
                                36.849457
                            ],
                            [
                                114.324693,
                                36.852363
                            ],
                            [
                                114.321348,
                                36.852871
                            ],
                            [
                                114.315641,
                                36.853443
                            ],
                            [
                                114.311437,
                                36.855068
                            ],
                            [
                                114.309358,
                                36.859027
                            ],
                            [
                                114.307723,
                                36.859583
                            ],
                            [
                                114.306614,
                                36.859382
                            ],
                            [
                                114.304522,
                                36.857032
                            ],
                            [
                                114.301715,
                                36.85051
                            ],
                            [
                                114.3006,
                                36.846381
                            ],
                            [
                                114.299967,
                                36.845423
                            ],
                            [
                                114.297612,
                                36.845502
                            ],
                            [
                                114.292438,
                                36.844353
                            ],
                            [
                                114.288096,
                                36.844057
                            ],
                            [
                                114.286537,
                                36.844666
                            ],
                            [
                                114.280786,
                                36.848917
                            ],
                            [
                                114.273244,
                                36.855221
                            ],
                            [
                                114.264342,
                                36.858074
                            ],
                            [
                                114.252684,
                                36.856539
                            ],
                            [
                                114.242843,
                                36.850208
                            ],
                            [
                                114.238076,
                                36.846942
                            ],
                            [
                                114.232707,
                                36.845036
                            ],
                            [
                                114.230552,
                                36.844057
                            ],
                            [
                                114.22591,
                                36.843083
                            ],
                            [
                                114.207387,
                                36.844475
                            ],
                            [
                                114.192897,
                                36.844295
                            ],
                            [
                                114.182667,
                                36.84394
                            ],
                            [
                                114.171335,
                                36.842929
                            ],
                            [
                                114.162264,
                                36.841156
                            ],
                            [
                                114.147493,
                                36.840044
                            ],
                            [
                                114.134131,
                                36.839864
                            ],
                            [
                                114.129245,
                                36.840679
                            ],
                            [
                                114.123983,
                                36.841717
                            ],
                            [
                                114.116967,
                                36.843745
                            ],
                            [
                                114.115407,
                                36.844364
                            ],
                            [
                                114.114023,
                                36.84349
                            ],
                            [
                                114.113803,
                                36.842527
                            ],
                            [
                                114.110947,
                                36.840002
                            ],
                            [
                                114.106681,
                                36.839933
                            ],
                            [
                                114.104282,
                                36.839207
                            ],
                            [
                                114.100479,
                                36.839054
                            ],
                            [
                                114.100166,
                                36.840092
                            ],
                            [
                                114.093682,
                                36.844655
                            ],
                            [
                                114.090425,
                                36.846265
                            ],
                            [
                                114.08572,
                                36.845301
                            ],
                            [
                                114.08153,
                                36.845068
                            ],
                            [
                                114.080352,
                                36.846699
                            ],
                            [
                                114.080684,
                                36.847265
                            ],
                            [
                                114.082914,
                                36.847969
                            ],
                            [
                                114.086886,
                                36.850616
                            ],
                            [
                                114.086165,
                                36.853517
                            ],
                            [
                                114.086121,
                                36.856804
                            ],
                            [
                                114.087399,
                                36.859101
                            ],
                            [
                                114.090005,
                                36.861017
                            ],
                            [
                                114.080164,
                                36.869528
                            ],
                            [
                                114.07405,
                                36.874704
                            ],
                            [
                                114.063657,
                                36.879339
                            ],
                            [
                                114.056804,
                                36.878995
                            ],
                            [
                                114.046787,
                                36.879726
                            ],
                            [
                                114.039358,
                                36.879366
                            ],
                            [
                                114.028157,
                                36.881223
                            ],
                            [
                                114.022031,
                                36.886149
                            ],
                            [
                                114.017633,
                                36.890186
                            ],
                            [
                                114.011845,
                                36.893059
                            ],
                            [
                                114.006683,
                                36.89753
                            ],
                            [
                                114.000832,
                                36.901857
                            ],
                            [
                                113.998734,
                                36.906708
                            ],
                            [
                                113.993459,
                                36.911643
                            ],
                            [
                                113.991104,
                                36.914896
                            ],
                            [
                                113.989738,
                                36.924294
                            ],
                            [
                                113.987784,
                                36.931899
                            ],
                            [
                                113.985604,
                                36.936293
                            ],
                            [
                                113.984426,
                                36.941507
                            ],
                            [
                                113.979909,
                                36.947523
                            ],
                            [
                                113.973012,
                                36.954935
                            ],
                            [
                                113.967982,
                                36.959614
                            ],
                            [
                                113.953348,
                                36.969212
                            ],
                            [
                                113.946057,
                                36.974122
                            ],
                            [
                                113.941759,
                                36.983355
                            ],
                            [
                                113.935558,
                                36.986082
                            ],
                            [
                                113.923461,
                                36.98987
                            ],
                            [
                                113.916476,
                                36.991286
                            ],
                            [
                                113.90121,
                                36.996808
                            ],
                            [
                                113.894357,
                                37.00076
                            ],
                            [
                                113.889277,
                                37.006851
                            ],
                            [
                                113.883871,
                                37.010887
                            ],
                            [
                                113.877356,
                                37.013423
                            ],
                            [
                                113.872682,
                                37.014189
                            ],
                            [
                                113.864533,
                                37.014299
                            ],
                            [
                                113.859471,
                                37.015065
                            ],
                            [
                                113.851039,
                                37.014569
                            ],
                            [
                                113.841329,
                                37.013269
                            ],
                            [
                                113.837245,
                                37.012873
                            ]
                        ]
                    ]
                ]
            }
        }
    ]
}