{
    "type": "FeatureCollection",
    "features": [
        {
            "type": "Feature",
            "properties": {
                "adcode": 130402,
                "name": "邯山区",
                "center": [
                    114.484989,
                    36.603196
                ],
                "centroid": [
                    114.482744,
                    36.503743
                ],
                "childrenNum": 0,
                "level": "district",
                "acroutes": [
                    100000,
                    130000,
                    130400
                ],
                "parent": {
                    "adcode": 130400
                }
            },
            "geometry": {
                "type": "MultiPolygon",
                "coordinates": [
                    [
                        [
                            [
                                114.635191,
                                36.486399
                            ],
                            [
                                114.633932,
                                36.493717
                            ],
                            [
                                114.62957,
                                36.500312
                            ],
                            [
                                114.626616,
                                36.507381
                            ],
                            [
                                114.629955,
                                36.512228
                            ],
                            [
                                114.63444,
                                36.515948
                            ],
                            [
                                114.63949,
                                36.5199
                            ],
                            [
                                114.643673,
                                36.525679
                            ],
                            [
                                114.644709,
                                36.532107
                            ],
                            [
                                114.642291,
                                36.541244
                            ],
                            [
                                114.641739,
                                36.542153
                            ],
                            [
                                114.638922,
                                36.542312
                            ],
                            [
                                114.638573,
                                36.544053
                            ],
                            [
                                114.633075,
                                36.544835
                            ],
                            [
                                114.632414,
                                36.547867
                            ],
                            [
                                114.632673,
                                36.551541
                            ],
                            [
                                114.630264,
                                36.551734
                            ],
                            [
                                114.630038,
                                36.552301
                            ],
                            [
                                114.630537,
                                36.554961
                            ],
                            [
                                114.631683,
                                36.555401
                            ],
                            [
                                114.632749,
                                36.560221
                            ],
                            [
                                114.630038,
                                36.561809
                            ],
                            [
                                114.623836,
                                36.56431
                            ],
                            [
                                114.623141,
                                36.5644
                            ],
                            [
                                114.623523,
                                36.566233
                            ],
                            [
                                114.624736,
                                36.569775
                            ],
                            [
                                114.626351,
                                36.569002
                            ],
                            [
                                114.628434,
                                36.569239
                            ],
                            [
                                114.634055,
                                36.570642
                            ],
                            [
                                114.638862,
                                36.570359
                            ],
                            [
                                114.639277,
                                36.573829
                            ],
                            [
                                114.647055,
                                36.573257
                            ],
                            [
                                114.649214,
                                36.574826
                            ],
                            [
                                114.649373,
                                36.578157
                            ],
                            [
                                114.647138,
                                36.578235
                            ],
                            [
                                114.64751,
                                36.580168
                            ],
                            [
                                114.64742,
                                36.581487
                            ],
                            [
                                114.642749,
                                36.582272
                            ],
                            [
                                114.640849,
                                36.586157
                            ],
                            [
                                114.639055,
                                36.596167
                            ],
                            [
                                114.639231,
                                36.601573
                            ],
                            [
                                114.638161,
                                36.602978
                            ],
                            [
                                114.634666,
                                36.603352
                            ],
                            [
                                114.63452,
                                36.605895
                            ],
                            [
                                114.6334,
                                36.605897
                            ],
                            [
                                114.633351,
                                36.610753
                            ],
                            [
                                114.627367,
                                36.610604
                            ],
                            [
                                114.626846,
                                36.610721
                            ],
                            [
                                114.62742,
                                36.614969
                            ],
                            [
                                114.608577,
                                36.614537
                            ],
                            [
                                114.594069,
                                36.611647
                            ],
                            [
                                114.584328,
                                36.605516
                            ],
                            [
                                114.578279,
                                36.598417
                            ],
                            [
                                114.578491,
                                36.597559
                            ],
                            [
                                114.576372,
                                36.597276
                            ],
                            [
                                114.57397,
                                36.597068
                            ],
                            [
                                114.569551,
                                36.596553
                            ],
                            [
                                114.565192,
                                36.595915
                            ],
                            [
                                114.561159,
                                36.593797
                            ],
                            [
                                114.560817,
                                36.590472
                            ],
                            [
                                114.559272,
                                36.590594
                            ],
                            [
                                114.558927,
                                36.58766
                            ],
                            [
                                114.557402,
                                36.587831
                            ],
                            [
                                114.554339,
                                36.589077
                            ],
                            [
                                114.551784,
                                36.589096
                            ],
                            [
                                114.549877,
                                36.589003
                            ],
                            [
                                114.547967,
                                36.587901
                            ],
                            [
                                114.546249,
                                36.58666
                            ],
                            [
                                114.545004,
                                36.586025
                            ],
                            [
                                114.543568,
                                36.585988
                            ],
                            [
                                114.541465,
                                36.586282
                            ],
                            [
                                114.541356,
                                36.586435
                            ],
                            [
                                114.539598,
                                36.586609
                            ],
                            [
                                114.539705,
                                36.58809
                            ],
                            [
                                114.540542,
                                36.588004
                            ],
                            [
                                114.540585,
                                36.588854
                            ],
                            [
                                114.541123,
                                36.588837
                            ],
                            [
                                114.541249,
                                36.58958
                            ],
                            [
                                114.54007,
                                36.589624
                            ],
                            [
                                114.537568,
                                36.589917
                            ],
                            [
                                114.538731,
                                36.590814
                            ],
                            [
                                114.539545,
                                36.592847
                            ],
                            [
                                114.539077,
                                36.595278
                            ],
                            [
                                114.539864,
                                36.595979
                            ],
                            [
                                114.540352,
                                36.597799
                            ],
                            [
                                114.54008,
                                36.599062
                            ],
                            [
                                114.538871,
                                36.59958
                            ],
                            [
                                114.530103,
                                36.599817
                            ],
                            [
                                114.526997,
                                36.599985
                            ],
                            [
                                114.519612,
                                36.600474
                            ],
                            [
                                114.509772,
                                36.601329
                            ],
                            [
                                114.488809,
                                36.604209
                            ],
                            [
                                114.475463,
                                36.603564
                            ],
                            [
                                114.475128,
                                36.598478
                            ],
                            [
                                114.474875,
                                36.59733
                            ],
                            [
                                114.474131,
                                36.595908
                            ],
                            [
                                114.470483,
                                36.586186
                            ],
                            [
                                114.467198,
                                36.577798
                            ],
                            [
                                114.462826,
                                36.578071
                            ],
                            [
                                114.459351,
                                36.577233
                            ],
                            [
                                114.458733,
                                36.568399
                            ],
                            [
                                114.448351,
                                36.56854
                            ],
                            [
                                114.44779,
                                36.568846
                            ],
                            [
                                114.43682,
                                36.568404
                            ],
                            [
                                114.433398,
                                36.568658
                            ],
                            [
                                114.432853,
                                36.569213
                            ],
                            [
                                114.433105,
                                36.57455
                            ],
                            [
                                114.432032,
                                36.574841
                            ],
                            [
                                114.43074,
                                36.574579
                            ],
                            [
                                114.430647,
                                36.572377
                            ],
                            [
                                114.429999,
                                36.571886
                            ],
                            [
                                114.425903,
                                36.573228
                            ],
                            [
                                114.424704,
                                36.571224
                            ],
                            [
                                114.421109,
                                36.571871
                            ],
                            [
                                114.422056,
                                36.572372
                            ],
                            [
                                114.422391,
                                36.573338
                            ],
                            [
                                114.41788,
                                36.573572
                            ],
                            [
                                114.417458,
                                36.573211
                            ],
                            [
                                114.416308,
                                36.573526
                            ],
                            [
                                114.415471,
                                36.571407
                            ],
                            [
                                114.41384,
                                36.571063
                            ],
                            [
                                114.413066,
                                36.571688
                            ],
                            [
                                114.413631,
                                36.575307
                            ],
                            [
                                114.41296,
                                36.575337
                            ],
                            [
                                114.412594,
                                36.573467
                            ],
                            [
                                114.409422,
                                36.574005
                            ],
                            [
                                114.408521,
                                36.576493
                            ],
                            [
                                114.409176,
                                36.582057
                            ],
                            [
                                114.409312,
                                36.583921
                            ],
                            [
                                114.408378,
                                36.58979
                            ],
                            [
                                114.40782,
                                36.590687
                            ],
                            [
                                114.386073,
                                36.582015
                            ],
                            [
                                114.385904,
                                36.577328
                            ],
                            [
                                114.37526,
                                36.579396
                            ],
                            [
                                114.369768,
                                36.579396
                            ],
                            [
                                114.357519,
                                36.557148
                            ],
                            [
                                114.359778,
                                36.556131
                            ],
                            [
                                114.366628,
                                36.555271
                            ],
                            [
                                114.377379,
                                36.550583
                            ],
                            [
                                114.381665,
                                36.549822
                            ],
                            [
                                114.382874,
                                36.549346
                            ],
                            [
                                114.382731,
                                36.547581
                            ],
                            [
                                114.383366,
                                36.54706
                            ],
                            [
                                114.391714,
                                36.544449
                            ],
                            [
                                114.391226,
                                36.54241
                            ],
                            [
                                114.393508,
                                36.540464
                            ],
                            [
                                114.393548,
                                36.53678
                            ],
                            [
                                114.39494,
                                36.536679
                            ],
                            [
                                114.394551,
                                36.534354
                            ],
                            [
                                114.395306,
                                36.533004
                            ],
                            [
                                114.395046,
                                36.523671
                            ],
                            [
                                114.392346,
                                36.510012
                            ],
                            [
                                114.390113,
                                36.503284
                            ],
                            [
                                114.390369,
                                36.49038
                            ],
                            [
                                114.38505,
                                36.487275
                            ],
                            [
                                114.376638,
                                36.487067
                            ],
                            [
                                114.376764,
                                36.489898
                            ],
                            [
                                114.351562,
                                36.496804
                            ],
                            [
                                114.355436,
                                36.488276
                            ],
                            [
                                114.356466,
                                36.484205
                            ],
                            [
                                114.359987,
                                36.476789
                            ],
                            [
                                114.361961,
                                36.474303
                            ],
                            [
                                114.362904,
                                36.471956
                            ],
                            [
                                114.362648,
                                36.469817
                            ],
                            [
                                114.359303,
                                36.466227
                            ],
                            [
                                114.357157,
                                36.466264
                            ],
                            [
                                114.34836,
                                36.466296
                            ],
                            [
                                114.337244,
                                36.466159
                            ],
                            [
                                114.337117,
                                36.463181
                            ],
                            [
                                114.330503,
                                36.463088
                            ],
                            [
                                114.317158,
                                36.463017
                            ],
                            [
                                114.317586,
                                36.461083
                            ],
                            [
                                114.31836,
                                36.443548
                            ],
                            [
                                114.319992,
                                36.435815
                            ],
                            [
                                114.319221,
                                36.428216
                            ],
                            [
                                114.318217,
                                36.426159
                            ],
                            [
                                114.317742,
                                36.424812
                            ],
                            [
                                114.318988,
                                36.421671
                            ],
                            [
                                114.323281,
                                36.416974
                            ],
                            [
                                114.328603,
                                36.415419
                            ],
                            [
                                114.332978,
                                36.41504
                            ],
                            [
                                114.335812,
                                36.413071
                            ],
                            [
                                114.336785,
                                36.408673
                            ],
                            [
                                114.337257,
                                36.405028
                            ],
                            [
                                114.347871,
                                36.405065
                            ],
                            [
                                114.349738,
                                36.405445
                            ],
                            [
                                114.352376,
                                36.405531
                            ],
                            [
                                114.354287,
                                36.406669
                            ],
                            [
                                114.35523,
                                36.406775
                            ],
                            [
                                114.362074,
                                36.406047
                            ],
                            [
                                114.371452,
                                36.40508
                            ],
                            [
                                114.371831,
                                36.412525
                            ],
                            [
                                114.372256,
                                36.418103
                            ],
                            [
                                114.383173,
                                36.416183
                            ],
                            [
                                114.384598,
                                36.41609
                            ],
                            [
                                114.392405,
                                36.416551
                            ],
                            [
                                114.388758,
                                36.404343
                            ],
                            [
                                114.397428,
                                36.402785
                            ],
                            [
                                114.408199,
                                36.401232
                            ],
                            [
                                114.40691,
                                36.387795
                            ],
                            [
                                114.432232,
                                36.385237
                            ],
                            [
                                114.439913,
                                36.381646
                            ],
                            [
                                114.439624,
                                36.375643
                            ],
                            [
                                114.441016,
                                36.375727
                            ],
                            [
                                114.444125,
                                36.375479
                            ],
                            [
                                114.445162,
                                36.374725
                            ],
                            [
                                114.467766,
                                36.373259
                            ],
                            [
                                114.469045,
                                36.372723
                            ],
                            [
                                114.468291,
                                36.370336
                            ],
                            [
                                114.484596,
                                36.370613
                            ],
                            [
                                114.485403,
                                36.371868
                            ],
                            [
                                114.486669,
                                36.380097
                            ],
                            [
                                114.489058,
                                36.379838
                            ],
                            [
                                114.490752,
                                36.387888
                            ],
                            [
                                114.49038,
                                36.387937
                            ],
                            [
                                114.491446,
                                36.394749
                            ],
                            [
                                114.491739,
                                36.396049
                            ],
                            [
                                114.492553,
                                36.396468
                            ],
                            [
                                114.493968,
                                36.404088
                            ],
                            [
                                114.490762,
                                36.403975
                            ],
                            [
                                114.488855,
                                36.399934
                            ],
                            [
                                114.487197,
                                36.39833
                            ],
                            [
                                114.486058,
                                36.398381
                            ],
                            [
                                114.484141,
                                36.400784
                            ],
                            [
                                114.483789,
                                36.402209
                            ],
                            [
                                114.484729,
                                36.40423
                            ],
                            [
                                114.485952,
                                36.404343
                            ],
                            [
                                114.487596,
                                36.409126
                            ],
                            [
                                114.488536,
                                36.411166
                            ],
                            [
                                114.48942,
                                36.41969
                            ],
                            [
                                114.494038,
                                36.427165
                            ],
                            [
                                114.496287,
                                36.434349
                            ],
                            [
                                114.497832,
                                36.434466
                            ],
                            [
                                114.502104,
                                36.440601
                            ],
                            [
                                114.504067,
                                36.447313
                            ],
                            [
                                114.505642,
                                36.452835
                            ],
                            [
                                114.512403,
                                36.467152
                            ],
                            [
                                114.516243,
                                36.471711
                            ],
                            [
                                114.515499,
                                36.47743
                            ],
                            [
                                114.512672,
                                36.494453
                            ],
                            [
                                114.513589,
                                36.496775
                            ],
                            [
                                114.515748,
                                36.49698
                            ],
                            [
                                114.515951,
                                36.49801
                            ],
                            [
                                114.519579,
                                36.498455
                            ],
                            [
                                114.523107,
                                36.498083
                            ],
                            [
                                114.524805,
                                36.497543
                            ],
                            [
                                114.525918,
                                36.496073
                            ],
                            [
                                114.527662,
                                36.495549
                            ],
                            [
                                114.534628,
                                36.496652
                            ],
                            [
                                114.536834,
                                36.497274
                            ],
                            [
                                114.545309,
                                36.4971
                            ],
                            [
                                114.548312,
                                36.494959
                            ],
                            [
                                114.547774,
                                36.490558
                            ],
                            [
                                114.550601,
                                36.486725
                            ],
                            [
                                114.55399,
                                36.486157
                            ],
                            [
                                114.562076,
                                36.484694
                            ],
                            [
                                114.563734,
                                36.488486
                            ],
                            [
                                114.573604,
                                36.48707
                            ],
                            [
                                114.576265,
                                36.48569
                            ],
                            [
                                114.57601,
                                36.483828
                            ],
                            [
                                114.578468,
                                36.483948
                            ],
                            [
                                114.588375,
                                36.484278
                            ],
                            [
                                114.598923,
                                36.481406
                            ],
                            [
                                114.608929,
                                36.476248
                            ],
                            [
                                114.622859,
                                36.475257
                            ],
                            [
                                114.634985,
                                36.481127
                            ],
                            [
                                114.635191,
                                36.486399
                            ]
                        ]
                    ]
                ]
            }
        }
    ]
}