{
    "type": "FeatureCollection",
    "features": [
        {
            "type": "Feature",
            "properties": {
                "adcode": 130403,
                "name": "丛台区",
                "center": [
                    114.494703,
                    36.611082
                ],
                "centroid": [
                    114.579057,
                    36.662594
                ],
                "childrenNum": 0,
                "level": "district",
                "acroutes": [
                    100000,
                    130000,
                    130400
                ],
                "parent": {
                    "adcode": 130400
                }
            },
            "geometry": {
                "type": "MultiPolygon",
                "coordinates": [
                    [
                        [
                            [
                                114.813013,
                                36.662721
                            ],
                            [
                                114.810937,
                                36.67123
                            ],
                            [
                                114.812499,
                                36.675331
                            ],
                            [
                                114.814376,
                                36.69048
                            ],
                            [
                                114.807913,
                                36.698113
                            ],
                            [
                                114.772551,
                                36.703756
                            ],
                            [
                                114.76802,
                                36.693713
                            ],
                            [
                                114.767235,
                                36.687822
                            ],
                            [
                                114.769908,
                                36.684077
                            ],
                            [
                                114.749808,
                                36.672712
                            ],
                            [
                                114.744061,
                                36.671182
                            ],
                            [
                                114.741566,
                                36.66847
                            ],
                            [
                                114.740366,
                                36.667298
                            ],
                            [
                                114.739891,
                                36.667092
                            ],
                            [
                                114.738315,
                                36.666691
                            ],
                            [
                                114.735573,
                                36.667165
                            ],
                            [
                                114.733512,
                                36.667338
                            ],
                            [
                                114.731111,
                                36.668096
                            ],
                            [
                                114.726175,
                                36.668714
                            ],
                            [
                                114.723784,
                                36.669278
                            ],
                            [
                                114.723764,
                                36.669419
                            ],
                            [
                                114.724189,
                                36.670514
                            ],
                            [
                                114.725276,
                                36.673122
                            ],
                            [
                                114.726304,
                                36.675153
                            ],
                            [
                                114.728468,
                                36.680362
                            ],
                            [
                                114.71738,
                                36.696189
                            ],
                            [
                                114.705364,
                                36.697153
                            ],
                            [
                                114.705586,
                                36.7023
                            ],
                            [
                                114.695235,
                                36.70899
                            ],
                            [
                                114.677512,
                                36.710081
                            ],
                            [
                                114.613783,
                                36.714013
                            ],
                            [
                                114.605156,
                                36.71031
                            ],
                            [
                                114.604119,
                                36.711597
                            ],
                            [
                                114.597611,
                                36.718144
                            ],
                            [
                                114.595497,
                                36.719127
                            ],
                            [
                                114.586356,
                                36.720812
                            ],
                            [
                                114.570678,
                                36.723405
                            ],
                            [
                                114.559566,
                                36.72536
                            ],
                            [
                                114.548212,
                                36.72571
                            ],
                            [
                                114.534668,
                                36.724119
                            ],
                            [
                                114.534584,
                                36.723863
                            ],
                            [
                                114.529471,
                                36.723523
                            ],
                            [
                                114.529342,
                                36.72097
                            ],
                            [
                                114.528729,
                                36.72064
                            ],
                            [
                                114.526002,
                                36.720722
                            ],
                            [
                                114.525127,
                                36.721976
                            ],
                            [
                                114.522316,
                                36.721958
                            ],
                            [
                                114.52157,
                                36.721507
                            ],
                            [
                                114.51318,
                                36.714435
                            ],
                            [
                                114.508417,
                                36.711482
                            ],
                            [
                                114.505586,
                                36.7115
                            ],
                            [
                                114.505611,
                                36.712875
                            ],
                            [
                                114.505052,
                                36.713119
                            ],
                            [
                                114.504973,
                                36.711282
                            ],
                            [
                                114.505023,
                                36.709977
                            ],
                            [
                                114.504361,
                                36.707266
                            ],
                            [
                                114.502972,
                                36.705509
                            ],
                            [
                                114.502261,
                                36.705295
                            ],
                            [
                                114.501609,
                                36.705667
                            ],
                            [
                                114.502014,
                                36.708169
                            ],
                            [
                                114.501243,
                                36.708712
                            ],
                            [
                                114.496623,
                                36.709791
                            ],
                            [
                                114.491045,
                                36.709931
                            ],
                            [
                                114.490551,
                                36.710195
                            ],
                            [
                                114.490595,
                                36.711509
                            ],
                            [
                                114.487067,
                                36.711898
                            ],
                            [
                                114.487319,
                                36.714755
                            ],
                            [
                                114.487724,
                                36.718912
                            ],
                            [
                                114.487823,
                                36.720736
                            ],
                            [
                                114.48224,
                                36.720745
                            ],
                            [
                                114.478816,
                                36.720591
                            ],
                            [
                                114.47641,
                                36.720612
                            ],
                            [
                                114.473737,
                                36.72056
                            ],
                            [
                                114.472995,
                                36.720706
                            ],
                            [
                                114.469512,
                                36.720725
                            ],
                            [
                                114.464779,
                                36.720692
                            ],
                            [
                                114.460292,
                                36.720879
                            ],
                            [
                                114.458573,
                                36.720906
                            ],
                            [
                                114.453983,
                                36.721146
                            ],
                            [
                                114.453118,
                                36.713849
                            ],
                            [
                                114.43495,
                                36.713191
                            ],
                            [
                                114.41365,
                                36.711798
                            ],
                            [
                                114.389834,
                                36.706672
                            ],
                            [
                                114.381499,
                                36.706666
                            ],
                            [
                                114.381415,
                                36.704272
                            ],
                            [
                                114.380451,
                                36.702965
                            ],
                            [
                                114.375886,
                                36.702172
                            ],
                            [
                                114.370895,
                                36.70199
                            ],
                            [
                                114.365139,
                                36.701933
                            ],
                            [
                                114.364482,
                                36.699241
                            ],
                            [
                                114.363118,
                                36.698932
                            ],
                            [
                                114.359833,
                                36.69918
                            ],
                            [
                                114.357209,
                                36.699623
                            ],
                            [
                                114.357125,
                                36.701468
                            ],
                            [
                                114.354215,
                                36.703231
                            ],
                            [
                                114.349205,
                                36.704708
                            ],
                            [
                                114.348325,
                                36.703224
                            ],
                            [
                                114.346803,
                                36.701228
                            ],
                            [
                                114.344209,
                                36.70612
                            ],
                            [
                                114.339787,
                                36.710116
                            ],
                            [
                                114.339105,
                                36.712217
                            ],
                            [
                                114.339777,
                                36.714955
                            ],
                            [
                                114.341946,
                                36.718869
                            ],
                            [
                                114.343933,
                                36.720697
                            ],
                            [
                                114.342401,
                                36.721872
                            ],
                            [
                                114.336748,
                                36.722664
                            ],
                            [
                                114.334678,
                                36.721214
                            ],
                            [
                                114.333907,
                                36.719535
                            ],
                            [
                                114.331714,
                                36.71767
                            ],
                            [
                                114.3274,
                                36.716529
                            ],
                            [
                                114.32617,
                                36.716845
                            ],
                            [
                                114.324663,
                                36.716348
                            ],
                            [
                                114.325384,
                                36.712938
                            ],
                            [
                                114.32617,
                                36.712022
                            ],
                            [
                                114.326619,
                                36.710031
                            ],
                            [
                                114.325834,
                                36.704579
                            ],
                            [
                                114.326096,
                                36.698686
                            ],
                            [
                                114.324732,
                                36.698124
                            ],
                            [
                                114.323339,
                                36.695152
                            ],
                            [
                                114.322751,
                                36.693666
                            ],
                            [
                                114.322454,
                                36.692812
                            ],
                            [
                                114.322434,
                                36.691782
                            ],
                            [
                                114.321856,
                                36.69081
                            ],
                            [
                                114.321758,
                                36.689036
                            ],
                            [
                                114.322978,
                                36.687926
                            ],
                            [
                                114.323778,
                                36.686098
                            ],
                            [
                                114.323304,
                                36.680527
                            ],
                            [
                                114.322558,
                                36.678871
                            ],
                            [
                                114.321204,
                                36.679849
                            ],
                            [
                                114.320285,
                                36.678039
                            ],
                            [
                                114.320503,
                                36.675929
                            ],
                            [
                                114.321461,
                                36.675187
                            ],
                            [
                                114.322242,
                                36.672591
                            ],
                            [
                                114.324169,
                                36.672672
                            ],
                            [
                                114.328887,
                                36.672466
                            ],
                            [
                                114.338414,
                                36.671538
                            ],
                            [
                                114.34541,
                                36.670538
                            ],
                            [
                                114.346507,
                                36.672404
                            ],
                            [
                                114.349086,
                                36.674934
                            ],
                            [
                                114.349941,
                                36.675674
                            ],
                            [
                                114.352238,
                                36.674298
                            ],
                            [
                                114.354664,
                                36.672937
                            ],
                            [
                                114.357303,
                                36.671302
                            ],
                            [
                                114.360139,
                                36.669598
                            ],
                            [
                                114.363637,
                                36.668058
                            ],
                            [
                                114.366458,
                                36.666788
                            ],
                            [
                                114.367496,
                                36.666367
                            ],
                            [
                                114.374606,
                                36.663264
                            ],
                            [
                                114.375481,
                                36.662902
                            ],
                            [
                                114.376093,
                                36.663196
                            ],
                            [
                                114.376246,
                                36.66293
                            ],
                            [
                                114.376676,
                                36.662851
                            ],
                            [
                                114.377082,
                                36.663187
                            ],
                            [
                                114.377941,
                                36.663349
                            ],
                            [
                                114.379349,
                                36.6643
                            ],
                            [
                                114.379844,
                                36.666658
                            ],
                            [
                                114.381069,
                                36.668499
                            ],
                            [
                                114.384799,
                                36.667743
                            ],
                            [
                                114.386899,
                                36.666949
                            ],
                            [
                                114.388821,
                                36.666368
                            ],
                            [
                                114.391183,
                                36.664321
                            ],
                            [
                                114.39352,
                                36.662272
                            ],
                            [
                                114.39689,
                                36.660241
                            ],
                            [
                                114.398906,
                                36.657074
                            ],
                            [
                                114.400882,
                                36.65685
                            ],
                            [
                                114.410986,
                                36.656107
                            ],
                            [
                                114.414588,
                                36.654386
                            ],
                            [
                                114.412612,
                                36.646192
                            ],
                            [
                                114.412424,
                                36.643575
                            ],
                            [
                                114.414781,
                                36.642412
                            ],
                            [
                                114.415181,
                                36.6421
                            ],
                            [
                                114.416328,
                                36.641366
                            ],
                            [
                                114.418768,
                                36.640248
                            ],
                            [
                                114.420468,
                                36.639335
                            ],
                            [
                                114.423645,
                                36.637666
                            ],
                            [
                                114.424633,
                                36.641076
                            ],
                            [
                                114.425295,
                                36.643693
                            ],
                            [
                                114.427929,
                                36.643017
                            ],
                            [
                                114.428537,
                                36.647319
                            ],
                            [
                                114.432835,
                                36.65062
                            ],
                            [
                                114.434807,
                                36.651558
                            ],
                            [
                                114.435904,
                                36.651522
                            ],
                            [
                                114.439565,
                                36.651004
                            ],
                            [
                                114.443503,
                                36.64946
                            ],
                            [
                                114.450786,
                                36.649214
                            ],
                            [
                                114.452718,
                                36.649504
                            ],
                            [
                                114.452565,
                                36.651471
                            ],
                            [
                                114.45545,
                                36.653901
                            ],
                            [
                                114.456992,
                                36.652799
                            ],
                            [
                                114.465628,
                                36.65245
                            ],
                            [
                                114.465974,
                                36.654177
                            ],
                            [
                                114.471266,
                                36.653971
                            ],
                            [
                                114.471716,
                                36.65287
                            ],
                            [
                                114.479681,
                                36.652338
                            ],
                            [
                                114.477778,
                                36.632718
                            ],
                            [
                                114.477225,
                                36.623622
                            ],
                            [
                                114.476504,
                                36.614071
                            ],
                            [
                                114.475752,
                                36.607177
                            ],
                            [
                                114.475466,
                                36.603564
                            ],
                            [
                                114.488806,
                                36.604209
                            ],
                            [
                                114.509771,
                                36.60133
                            ],
                            [
                                114.519613,
                                36.600474
                            ],
                            [
                                114.519658,
                                36.60051
                            ],
                            [
                                114.522845,
                                36.600259
                            ],
                            [
                                114.526995,
                                36.599987
                            ],
                            [
                                114.530103,
                                36.599817
                            ],
                            [
                                114.538873,
                                36.599579
                            ],
                            [
                                114.540079,
                                36.599062
                            ],
                            [
                                114.540351,
                                36.597799
                            ],
                            [
                                114.539866,
                                36.595979
                            ],
                            [
                                114.539076,
                                36.595277
                            ],
                            [
                                114.539545,
                                36.592847
                            ],
                            [
                                114.53873,
                                36.590814
                            ],
                            [
                                114.537569,
                                36.589918
                            ],
                            [
                                114.540069,
                                36.589625
                            ],
                            [
                                114.54125,
                                36.58958
                            ],
                            [
                                114.541121,
                                36.588838
                            ],
                            [
                                114.540588,
                                36.588854
                            ],
                            [
                                114.540543,
                                36.588004
                            ],
                            [
                                114.539703,
                                36.588091
                            ],
                            [
                                114.5396,
                                36.586609
                            ],
                            [
                                114.541359,
                                36.586436
                            ],
                            [
                                114.541467,
                                36.586282
                            ],
                            [
                                114.543567,
                                36.585989
                            ],
                            [
                                114.545005,
                                36.586024
                            ],
                            [
                                114.54625,
                                36.58666
                            ],
                            [
                                114.547965,
                                36.587903
                            ],
                            [
                                114.549877,
                                36.589004
                            ],
                            [
                                114.551784,
                                36.589095
                            ],
                            [
                                114.554338,
                                36.589077
                            ],
                            [
                                114.557402,
                                36.587831
                            ],
                            [
                                114.558929,
                                36.587659
                            ],
                            [
                                114.559274,
                                36.590593
                            ],
                            [
                                114.560816,
                                36.590472
                            ],
                            [
                                114.560905,
                                36.591663
                            ],
                            [
                                114.561162,
                                36.593797
                            ],
                            [
                                114.565194,
                                36.595915
                            ],
                            [
                                114.569552,
                                36.596553
                            ],
                            [
                                114.573969,
                                36.597068
                            ],
                            [
                                114.576375,
                                36.597276
                            ],
                            [
                                114.57849,
                                36.597558
                            ],
                            [
                                114.578277,
                                36.598417
                            ],
                            [
                                114.58433,
                                36.605514
                            ],
                            [
                                114.594069,
                                36.611646
                            ],
                            [
                                114.60858,
                                36.614537
                            ],
                            [
                                114.62742,
                                36.614969
                            ],
                            [
                                114.626842,
                                36.610722
                            ],
                            [
                                114.627366,
                                36.610604
                            ],
                            [
                                114.633349,
                                36.610753
                            ],
                            [
                                114.633399,
                                36.605897
                            ],
                            [
                                114.63452,
                                36.605895
                            ],
                            [
                                114.634669,
                                36.60335
                            ],
                            [
                                114.638162,
                                36.602978
                            ],
                            [
                                114.639229,
                                36.601573
                            ],
                            [
                                114.639051,
                                36.596168
                            ],
                            [
                                114.64085,
                                36.586157
                            ],
                            [
                                114.642747,
                                36.582271
                            ],
                            [
                                114.647421,
                                36.581487
                            ],
                            [
                                114.64751,
                                36.580168
                            ],
                            [
                                114.647135,
                                36.578234
                            ],
                            [
                                114.649373,
                                36.578157
                            ],
                            [
                                114.649304,
                                36.576579
                            ],
                            [
                                114.662284,
                                36.576454
                            ],
                            [
                                114.66344,
                                36.579616
                            ],
                            [
                                114.665777,
                                36.582742
                            ],
                            [
                                114.665268,
                                36.584352
                            ],
                            [
                                114.66548,
                                36.586042
                            ],
                            [
                                114.667249,
                                36.591216
                            ],
                            [
                                114.674443,
                                36.594566
                            ],
                            [
                                114.676652,
                                36.597276
                            ],
                            [
                                114.681548,
                                36.598665
                            ],
                            [
                                114.684345,
                                36.59855
                            ],
                            [
                                114.685941,
                                36.594938
                            ],
                            [
                                114.684893,
                                36.590121
                            ],
                            [
                                114.689123,
                                36.5897
                            ],
                            [
                                114.695852,
                                36.587921
                            ],
                            [
                                114.695719,
                                36.584887
                            ],
                            [
                                114.700166,
                                36.584279
                            ],
                            [
                                114.704287,
                                36.584259
                            ],
                            [
                                114.705725,
                                36.591954
                            ],
                            [
                                114.70734,
                                36.592967
                            ],
                            [
                                114.712069,
                                36.601494
                            ],
                            [
                                114.716782,
                                36.610934
                            ],
                            [
                                114.7224,
                                36.617176
                            ],
                            [
                                114.722227,
                                36.619519
                            ],
                            [
                                114.717123,
                                36.619691
                            ],
                            [
                                114.716906,
                                36.623444
                            ],
                            [
                                114.724634,
                                36.623444
                            ],
                            [
                                114.729871,
                                36.625751
                            ],
                            [
                                114.753227,
                                36.631893
                            ],
                            [
                                114.763119,
                                36.636787
                            ],
                            [
                                114.774997,
                                36.64169
                            ],
                            [
                                114.788856,
                                36.647522
                            ],
                            [
                                114.789064,
                                36.647605
                            ],
                            [
                                114.789158,
                                36.650674
                            ],
                            [
                                114.792498,
                                36.650874
                            ],
                            [
                                114.793115,
                                36.654229
                            ],
                            [
                                114.80443,
                                36.655129
                            ],
                            [
                                114.807078,
                                36.65562
                            ],
                            [
                                114.806446,
                                36.66169
                            ],
                            [
                                114.813013,
                                36.662721
                            ]
                        ]
                    ]
                ]
            }
        }
    ]
}