{
    "type": "FeatureCollection",
    "features": [
        {
            "type": "Feature",
            "properties": {
                "adcode": 130523,
                "name": "内丘县",
                "center": [
                    114.511523,
                    37.287663
                ],
                "centroid": [
                    114.351718,
                    37.312681
                ],
                "childrenNum": 0,
                "level": "district",
                "acroutes": [
                    100000,
                    130000,
                    130500
                ],
                "parent": {
                    "adcode": 130500
                }
            },
            "geometry": {
                "type": "MultiPolygon",
                "coordinates": [
                    [
                        [
                            [
                                114.574166,
                                37.190581
                            ],
                            [
                                114.578622,
                                37.199556
                            ],
                            [
                                114.5817,
                                37.204166
                            ],
                            [
                                114.587527,
                                37.216131
                            ],
                            [
                                114.587843,
                                37.219211
                            ],
                            [
                                114.589517,
                                37.223073
                            ],
                            [
                                114.590564,
                                37.224184
                            ],
                            [
                                114.593622,
                                37.229937
                            ],
                            [
                                114.596983,
                                37.235465
                            ],
                            [
                                114.601735,
                                37.243074
                            ],
                            [
                                114.605095,
                                37.249064
                            ],
                            [
                                114.612719,
                                37.256932
                            ],
                            [
                                114.617836,
                                37.260417
                            ],
                            [
                                114.623532,
                                37.263457
                            ],
                            [
                                114.623938,
                                37.263766
                            ],
                            [
                                114.627058,
                                37.263484
                            ],
                            [
                                114.627141,
                                37.262641
                            ],
                            [
                                114.633311,
                                37.263284
                            ],
                            [
                                114.634992,
                                37.264288
                            ],
                            [
                                114.635667,
                                37.266592
                            ],
                            [
                                114.637444,
                                37.274926
                            ],
                            [
                                114.637898,
                                37.27527
                            ],
                            [
                                114.639833,
                                37.275095
                            ],
                            [
                                114.639999,
                                37.276384
                            ],
                            [
                                114.639262,
                                37.276608
                            ],
                            [
                                114.639227,
                                37.278044
                            ],
                            [
                                114.642292,
                                37.280743
                            ],
                            [
                                114.645983,
                                37.283136
                            ],
                            [
                                114.649262,
                                37.28304
                            ],
                            [
                                114.650501,
                                37.284304
                            ],
                            [
                                114.650494,
                                37.288482
                            ],
                            [
                                114.64858,
                                37.291252
                            ],
                            [
                                114.64714,
                                37.292024
                            ],
                            [
                                114.642182,
                                37.29259
                            ],
                            [
                                114.640426,
                                37.293325
                            ],
                            [
                                114.638835,
                                37.294714
                            ],
                            [
                                114.631424,
                                37.297569
                            ],
                            [
                                114.6267,
                                37.29831
                            ],
                            [
                                114.626197,
                                37.29854
                            ],
                            [
                                114.619276,
                                37.300525
                            ],
                            [
                                114.610929,
                                37.30228
                            ],
                            [
                                114.602575,
                                37.303797
                            ],
                            [
                                114.595385,
                                37.306025
                            ],
                            [
                                114.588401,
                                37.312144
                            ],
                            [
                                114.583346,
                                37.324928
                            ],
                            [
                                114.580357,
                                37.332925
                            ],
                            [
                                114.581418,
                                37.338659
                            ],
                            [
                                114.583023,
                                37.341761
                            ],
                            [
                                114.586611,
                                37.341717
                            ],
                            [
                                114.587871,
                                37.343668
                            ],
                            [
                                114.588264,
                                37.346146
                            ],
                            [
                                114.588725,
                                37.345485
                            ],
                            [
                                114.592175,
                                37.345444
                            ],
                            [
                                114.592706,
                                37.348464
                            ],
                            [
                                114.598766,
                                37.352808
                            ],
                            [
                                114.600206,
                                37.354475
                            ],
                            [
                                114.601755,
                                37.35354
                            ],
                            [
                                114.602981,
                                37.35377
                            ],
                            [
                                114.603594,
                                37.357406
                            ],
                            [
                                114.605192,
                                37.357403
                            ],
                            [
                                114.606673,
                                37.354029
                            ],
                            [
                                114.606617,
                                37.357436
                            ],
                            [
                                114.607878,
                                37.357873
                            ],
                            [
                                114.609537,
                                37.357461
                            ],
                            [
                                114.609434,
                                37.354486
                            ],
                            [
                                114.611135,
                                37.354461
                            ],
                            [
                                114.611886,
                                37.355158
                            ],
                            [
                                114.611583,
                                37.360783
                            ],
                            [
                                114.617354,
                                37.360707
                            ],
                            [
                                114.617974,
                                37.363815
                            ],
                            [
                                114.620446,
                                37.367736
                            ],
                            [
                                114.621328,
                                37.372606
                            ],
                            [
                                114.621108,
                                37.374715
                            ],
                            [
                                114.61982,
                                37.375444
                            ],
                            [
                                114.616865,
                                37.376138
                            ],
                            [
                                114.607747,
                                37.377198
                            ],
                            [
                                114.605708,
                                37.376649
                            ],
                            [
                                114.603484,
                                37.375867
                            ],
                            [
                                114.600922,
                                37.375654
                            ],
                            [
                                114.600936,
                                37.377798
                            ],
                            [
                                114.601507,
                                37.382685
                            ],
                            [
                                114.599248,
                                37.383187
                            ],
                            [
                                114.593112,
                                37.382952
                            ],
                            [
                                114.582747,
                                37.381434
                            ],
                            [
                                114.580109,
                                37.380429
                            ],
                            [
                                114.576556,
                                37.378612
                            ],
                            [
                                114.572589,
                                37.378306
                            ],
                            [
                                114.569986,
                                37.377512
                            ],
                            [
                                114.568773,
                                37.376102
                            ],
                            [
                                114.564552,
                                37.37552
                            ],
                            [
                                114.55615,
                                37.3754
                            ],
                            [
                                114.552327,
                                37.377818
                            ],
                            [
                                114.54825,
                                37.379
                            ],
                            [
                                114.545792,
                                37.379607
                            ],
                            [
                                114.545482,
                                37.377717
                            ],
                            [
                                114.541935,
                                37.377274
                            ],
                            [
                                114.525289,
                                37.379104
                            ],
                            [
                                114.524876,
                                37.377077
                            ],
                            [
                                114.524318,
                                37.378009
                            ],
                            [
                                114.524042,
                                37.37923
                            ],
                            [
                                114.523285,
                                37.378749
                            ],
                            [
                                114.522961,
                                37.376788
                            ],
                            [
                                114.520076,
                                37.376736
                            ],
                            [
                                114.517569,
                                37.377487
                            ],
                            [
                                114.51553,
                                37.376474
                            ],
                            [
                                114.514421,
                                37.375785
                            ],
                            [
                                114.514373,
                                37.374589
                            ],
                            [
                                114.513037,
                                37.373262
                            ],
                            [
                                114.509828,
                                37.372161
                            ],
                            [
                                114.508505,
                                37.370388
                            ],
                            [
                                114.506804,
                                37.365881
                            ],
                            [
                                114.504146,
                                37.365452
                            ],
                            [
                                114.500627,
                                37.366299
                            ],
                            [
                                114.496949,
                                37.361583
                            ],
                            [
                                114.495475,
                                37.360551
                            ],
                            [
                                114.493988,
                                37.360179
                            ],
                            [
                                114.492817,
                                37.359338
                            ],
                            [
                                114.491047,
                                37.356343
                            ],
                            [
                                114.491205,
                                37.355789
                            ],
                            [
                                114.492018,
                                37.355578
                            ],
                            [
                                114.492114,
                                37.35725
                            ],
                            [
                                114.492521,
                                37.357253
                            ],
                            [
                                114.4925,
                                37.355442
                            ],
                            [
                                114.492782,
                                37.357414
                            ],
                            [
                                114.492948,
                                37.357455
                            ],
                            [
                                114.492707,
                                37.355335
                            ],
                            [
                                114.492803,
                                37.354849
                            ],
                            [
                                114.493271,
                                37.354988
                            ],
                            [
                                114.493492,
                                37.35598
                            ],
                            [
                                114.493574,
                                37.358054
                            ],
                            [
                                114.494043,
                                37.358043
                            ],
                            [
                                114.493981,
                                37.356813
                            ],
                            [
                                114.493671,
                                37.354863
                            ],
                            [
                                114.493843,
                                37.354789
                            ],
                            [
                                114.493726,
                                37.353177
                            ],
                            [
                                114.495179,
                                37.352721
                            ],
                            [
                                114.495468,
                                37.354502
                            ],
                            [
                                114.49604,
                                37.353865
                            ],
                            [
                                114.496474,
                                37.350013
                            ],
                            [
                                114.495041,
                                37.350037
                            ],
                            [
                                114.494725,
                                37.350884
                            ],
                            [
                                114.493306,
                                37.351322
                            ],
                            [
                                114.489807,
                                37.351292
                            ],
                            [
                                114.477108,
                                37.348808
                            ],
                            [
                                114.472486,
                                37.348619
                            ],
                            [
                                114.469966,
                                37.349409
                            ],
                            [
                                114.468024,
                                37.351374
                            ],
                            [
                                114.4679,
                                37.356256
                            ],
                            [
                                114.466095,
                                37.356898
                            ],
                            [
                                114.465586,
                                37.357223
                            ],
                            [
                                114.465503,
                                37.357696
                            ],
                            [
                                114.465999,
                                37.360778
                            ],
                            [
                                114.465923,
                                37.360958
                            ],
                            [
                                114.463313,
                                37.36084
                            ],
                            [
                                114.46301,
                                37.358698
                            ],
                            [
                                114.462638,
                                37.359029
                            ],
                            [
                                114.463437,
                                37.364203
                            ],
                            [
                                114.464408,
                                37.365236
                            ],
                            [
                                114.464814,
                                37.366356
                            ],
                            [
                                114.463657,
                                37.368896
                            ],
                            [
                                114.460283,
                                37.371216
                            ],
                            [
                                114.45655,
                                37.372691
                            ],
                            [
                                114.455634,
                                37.372273
                            ],
                            [
                                114.451295,
                                37.373619
                            ],
                            [
                                114.450717,
                                37.373996
                            ],
                            [
                                114.450641,
                                37.375152
                            ],
                            [
                                114.449277,
                                37.375758
                            ],
                            [
                                114.444326,
                                37.375141
                            ],
                            [
                                114.444925,
                                37.373313
                            ],
                            [
                                114.443306,
                                37.373163
                            ],
                            [
                                114.439298,
                                37.376952
                            ],
                            [
                                114.440069,
                                37.378339
                            ],
                            [
                                114.441605,
                                37.37944
                            ],
                            [
                                114.440848,
                                37.380369
                            ],
                            [
                                114.439374,
                                37.381401
                            ],
                            [
                                114.439091,
                                37.382054
                            ],
                            [
                                114.43812,
                                37.382701
                            ],
                            [
                                114.435607,
                                37.381726
                            ],
                            [
                                114.43226,
                                37.382073
                            ],
                            [
                                114.429505,
                                37.382977
                            ],
                            [
                                114.421791,
                                37.382944
                            ],
                            [
                                114.419374,
                                37.379142
                            ],
                            [
                                114.4181,
                                37.372789
                            ],
                            [
                                114.417122,
                                37.371505
                            ],
                            [
                                114.414512,
                                37.370139
                            ],
                            [
                                114.414574,
                                37.366042
                            ],
                            [
                                114.413038,
                                37.365403
                            ],
                            [
                                114.41279,
                                37.364561
                            ],
                            [
                                114.411323,
                                37.365102
                            ],
                            [
                                114.409877,
                                37.363753
                            ],
                            [
                                114.41071,
                                37.361991
                            ],
                            [
                                114.412473,
                                37.361794
                            ],
                            [
                                114.412012,
                                37.359933
                            ],
                            [
                                114.410324,
                                37.357434
                            ],
                            [
                                114.410834,
                                37.351486
                            ],
                            [
                                114.40748,
                                37.352425
                            ],
                            [
                                114.401261,
                                37.351313
                            ],
                            [
                                114.399422,
                                37.350608
                            ],
                            [
                                114.400056,
                                37.349805
                            ],
                            [
                                114.398988,
                                37.347709
                            ],
                            [
                                114.398004,
                                37.347617
                            ],
                            [
                                114.393761,
                                37.348931
                            ],
                            [
                                114.390848,
                                37.349237
                            ],
                            [
                                114.390958,
                                37.348532
                            ],
                            [
                                114.39007,
                                37.349316
                            ],
                            [
                                114.389161,
                                37.349772
                            ],
                            [
                                114.387776,
                                37.349931
                            ],
                            [
                                114.386365,
                                37.349923
                            ],
                            [
                                114.387315,
                                37.350333
                            ],
                            [
                                114.38675,
                                37.351357
                            ],
                            [
                                114.385579,
                                37.351729
                            ],
                            [
                                114.38425,
                                37.35307
                            ],
                            [
                                114.383286,
                                37.357371
                            ],
                            [
                                114.383954,
                                37.359338
                            ],
                            [
                                114.380965,
                                37.359808
                            ],
                            [
                                114.378204,
                                37.358882
                            ],
                            [
                                114.370125,
                                37.359537
                            ],
                            [
                                114.369175,
                                37.367091
                            ],
                            [
                                114.366936,
                                37.371429
                            ],
                            [
                                114.368527,
                                37.372969
                            ],
                            [
                                114.368286,
                                37.373573
                            ],
                            [
                                114.366213,
                                37.372251
                            ],
                            [
                                114.364409,
                                37.374638
                            ],
                            [
                                114.354726,
                                37.379303
                            ],
                            [
                                114.349319,
                                37.379667
                            ],
                            [
                                114.339574,
                                37.378334
                            ],
                            [
                                114.339072,
                                37.37793
                            ],
                            [
                                114.330346,
                                37.376646
                            ],
                            [
                                114.32328,
                                37.377869
                            ],
                            [
                                114.319278,
                                37.379101
                            ],
                            [
                                114.314127,
                                37.381254
                            ],
                            [
                                114.308163,
                                37.385965
                            ],
                            [
                                114.303507,
                                37.385446
                            ],
                            [
                                114.298879,
                                37.386896
                            ],
                            [
                                114.297646,
                                37.388139
                            ],
                            [
                                114.295622,
                                37.388141
                            ],
                            [
                                114.293218,
                                37.390796
                            ],
                            [
                                114.289967,
                                37.392655
                            ],
                            [
                                114.288301,
                                37.396137
                            ],
                            [
                                114.287144,
                                37.399007
                            ],
                            [
                                114.287805,
                                37.401336
                            ],
                            [
                                114.279052,
                                37.407701
                            ],
                            [
                                114.27317,
                                37.407523
                            ],
                            [
                                114.271992,
                                37.406333
                            ],
                            [
                                114.272853,
                                37.4052
                            ],
                            [
                                114.273549,
                                37.404665
                            ],
                            [
                                114.272041,
                                37.403441
                            ],
                            [
                                114.268597,
                                37.404574
                            ],
                            [
                                114.266311,
                                37.406701
                            ],
                            [
                                114.262578,
                                37.406849
                            ],
                            [
                                114.259355,
                                37.4042
                            ],
                            [
                                114.259341,
                                37.40017
                            ],
                            [
                                114.254954,
                                37.39661
                            ],
                            [
                                114.253005,
                                37.394594
                            ],
                            [
                                114.251683,
                                37.392912
                            ],
                            [
                                114.25036,
                                37.391681
                            ],
                            [
                                114.249059,
                                37.384796
                            ],
                            [
                                114.249155,
                                37.379986
                            ],
                            [
                                114.248143,
                                37.372642
                            ],
                            [
                                114.246848,
                                37.365752
                            ],
                            [
                                114.245264,
                                37.358403
                            ],
                            [
                                114.239011,
                                37.355802
                            ],
                            [
                                114.234658,
                                37.358729
                            ],
                            [
                                114.229989,
                                37.362799
                            ],
                            [
                                114.224176,
                                37.366856
                            ],
                            [
                                114.214693,
                                37.368118
                            ],
                            [
                                114.209286,
                                37.365993
                            ],
                            [
                                114.203315,
                                37.364089
                            ],
                            [
                                114.196201,
                                37.361952
                            ],
                            [
                                114.183577,
                                37.363182
                            ],
                            [
                                114.175747,
                                37.368588
                            ],
                            [
                                114.169652,
                                37.372412
                            ],
                            [
                                114.164693,
                                37.376709
                            ],
                            [
                                114.15886,
                                37.382136
                            ],
                            [
                                114.156436,
                                37.388292
                            ],
                            [
                                114.15406,
                                37.393076
                            ],
                            [
                                114.149617,
                                37.399441
                            ],
                            [
                                114.142331,
                                37.405765
                            ],
                            [
                                114.136842,
                                37.40799
                            ],
                            [
                                114.128412,
                                37.412926
                            ],
                            [
                                114.119122,
                                37.418302
                            ],
                            [
                                114.112173,
                                37.421416
                            ],
                            [
                                114.099391,
                                37.428341
                            ],
                            [
                                114.090506,
                                37.431808
                            ],
                            [
                                114.089508,
                                37.433887
                            ],
                            [
                                114.089026,
                                37.436104
                            ],
                            [
                                114.089639,
                                37.438377
                            ],
                            [
                                114.088172,
                                37.440806
                            ],
                            [
                                114.086925,
                                37.441319
                            ],
                            [
                                114.079529,
                                37.439275
                            ],
                            [
                                114.078213,
                                37.439488
                            ],
                            [
                                114.076581,
                                37.439354
                            ],
                            [
                                114.076292,
                                37.439122
                            ],
                            [
                                114.07519,
                                37.438931
                            ],
                            [
                                114.074804,
                                37.438434
                            ],
                            [
                                114.073275,
                                37.438549
                            ],
                            [
                                114.072648,
                                37.438893
                            ],
                            [
                                114.072077,
                                37.439722
                            ],
                            [
                                114.070341,
                                37.440634
                            ],
                            [
                                114.069701,
                                37.442064
                            ],
                            [
                                114.06583,
                                37.442648
                            ],
                            [
                                114.062759,
                                37.443955
                            ],
                            [
                                114.061684,
                                37.444223
                            ],
                            [
                                114.059556,
                                37.443748
                            ],
                            [
                                114.056168,
                                37.441723
                            ],
                            [
                                114.055341,
                                37.440353
                            ],
                            [
                                114.046994,
                                37.438066
                            ],
                            [
                                114.042318,
                                37.437138
                            ],
                            [
                                114.028854,
                                37.434873
                            ],
                            [
                                114.022697,
                                37.435468
                            ],
                            [
                                114.019261,
                                37.430877
                            ],
                            [
                                114.014509,
                                37.424602
                            ],
                            [
                                114.006141,
                                37.421697
                            ],
                            [
                                113.997794,
                                37.421321
                            ],
                            [
                                113.995342,
                                37.421116
                            ],
                            [
                                113.984178,
                                37.412738
                            ],
                            [
                                113.978772,
                                37.408187
                            ],
                            [
                                113.973882,
                                37.403122
                            ],
                            [
                                113.969419,
                                37.391765
                            ],
                            [
                                113.967085,
                                37.384596
                            ],
                            [
                                113.96444,
                                37.379079
                            ],
                            [
                                113.963152,
                                37.372953
                            ],
                            [
                                113.961816,
                                37.364755
                            ],
                            [
                                113.961809,
                                37.362903
                            ],
                            [
                                113.975384,
                                37.35724
                            ],
                            [
                                113.98318,
                                37.357444
                            ],
                            [
                                113.990707,
                                37.35671
                            ],
                            [
                                114.000528,
                                37.356961
                            ],
                            [
                                114.005611,
                                37.356488
                            ],
                            [
                                114.013276,
                                37.353171
                            ],
                            [
                                114.022298,
                                37.348972
                            ],
                            [
                                114.028985,
                                37.346108
                            ],
                            [
                                114.035383,
                                37.343012
                            ],
                            [
                                114.039777,
                                37.339881
                            ],
                            [
                                114.046216,
                                37.334951
                            ],
                            [
                                114.052903,
                                37.331627
                            ],
                            [
                                114.059866,
                                37.328758
                            ],
                            [
                                114.068819,
                                37.326842
                            ],
                            [
                                114.079239,
                                37.323113
                            ],
                            [
                                114.086464,
                                37.321154
                            ],
                            [
                                114.087979,
                                37.321077
                            ],
                            [
                                114.089556,
                                37.320263
                            ],
                            [
                                114.091457,
                                37.319984
                            ],
                            [
                                114.097834,
                                37.319336
                            ],
                            [
                                114.100231,
                                37.320536
                            ],
                            [
                                114.104521,
                                37.321875
                            ],
                            [
                                114.115072,
                                37.324767
                            ],
                            [
                                114.123344,
                                37.32671
                            ],
                            [
                                114.132483,
                                37.327973
                            ],
                            [
                                114.145602,
                                37.33066
                            ],
                            [
                                114.150706,
                                37.333234
                            ],
                            [
                                114.165774,
                                37.33823
                            ],
                            [
                                114.176587,
                                37.340875
                            ],
                            [
                                114.179528,
                                37.336779
                            ],
                            [
                                114.181635,
                                37.331996
                            ],
                            [
                                114.183715,
                                37.327667
                            ],
                            [
                                114.184693,
                                37.321949
                            ],
                            [
                                114.188019,
                                37.313281
                            ],
                            [
                                114.192152,
                                37.306909
                            ],
                            [
                                114.198212,
                                37.304232
                            ],
                            [
                                114.204479,
                                37.305908
                            ],
                            [
                                114.210691,
                                37.309872
                            ],
                            [
                                114.229775,
                                37.314683
                            ],
                            [
                                114.235044,
                                37.309022
                            ],
                            [
                                114.236593,
                                37.303078
                            ],
                            [
                                114.239024,
                                37.295772
                            ],
                            [
                                114.242309,
                                37.288712
                            ],
                            [
                                114.247309,
                                37.28213
                            ],
                            [
                                114.258067,
                                37.274018
                            ],
                            [
                                114.261889,
                                37.269253
                            ],
                            [
                                114.268322,
                                37.262691
                            ],
                            [
                                114.274444,
                                37.257728
                            ],
                            [
                                114.281655,
                                37.25531
                            ],
                            [
                                114.288859,
                                37.253802
                            ],
                            [
                                114.297171,
                                37.254369
                            ],
                            [
                                114.303769,
                                37.254465
                            ],
                            [
                                114.324389,
                                37.257723
                            ],
                            [
                                114.33131,
                                37.256445
                            ],
                            [
                                114.339113,
                                37.253808
                            ],
                            [
                                114.347233,
                                37.249789
                            ],
                            [
                                114.360525,
                                37.244705
                            ],
                            [
                                114.36779,
                                37.239988
                            ],
                            [
                                114.375945,
                                37.23368
                            ],
                            [
                                114.383245,
                                37.226442
                            ],
                            [
                                114.39257,
                                37.217615
                            ],
                            [
                                114.396674,
                                37.212628
                            ],
                            [
                                114.401943,
                                37.205817
                            ],
                            [
                                114.406309,
                                37.2022
                            ],
                            [
                                114.411798,
                                37.199049
                            ],
                            [
                                114.424773,
                                37.193234
                            ],
                            [
                                114.437404,
                                37.190386
                            ],
                            [
                                114.445159,
                                37.188623
                            ],
                            [
                                114.455179,
                                37.187117
                            ],
                            [
                                114.462066,
                                37.184882
                            ],
                            [
                                114.477273,
                                37.180197
                            ],
                            [
                                114.488216,
                                37.174785
                            ],
                            [
                                114.499091,
                                37.171888
                            ],
                            [
                                114.511088,
                                37.170836
                            ],
                            [
                                114.520778,
                                37.171362
                            ],
                            [
                                114.531019,
                                37.173049
                            ],
                            [
                                114.54013,
                                37.174262
                            ],
                            [
                                114.548691,
                                37.175245
                            ],
                            [
                                114.558388,
                                37.176472
                            ],
                            [
                                114.565192,
                                37.179044
                            ],
                            [
                                114.569138,
                                37.182746
                            ],
                            [
                                114.574166,
                                37.190581
                            ]
                        ]
                    ]
                ]
            }
        }
    ]
}