{
    "type": "FeatureCollection",
    "features": [
        {
            "type": "Feature",
            "properties": {
                "adcode": 130524,
                "name": "柏乡县",
                "center": [
                    114.693382,
                    37.483596
                ],
                "centroid": [
                    114.702944,
                    37.512672
                ],
                "childrenNum": 0,
                "level": "district",
                "acroutes": [
                    100000,
                    130000,
                    130500
                ],
                "parent": {
                    "adcode": 130500
                }
            },
            "geometry": {
                "type": "MultiPolygon",
                "coordinates": [
                    [
                        [
                            [
                                114.613211,
                                37.555521
                            ],
                            [
                                114.604165,
                                37.545864
                            ],
                            [
                                114.60708,
                                37.544129
                            ],
                            [
                                114.610331,
                                37.544682
                            ],
                            [
                                114.611334,
                                37.541171
                            ],
                            [
                                114.608929,
                                37.539292
                            ],
                            [
                                114.60776,
                                37.534958
                            ],
                            [
                                114.607918,
                                37.53352
                            ],
                            [
                                114.609489,
                                37.531736
                            ],
                            [
                                114.610109,
                                37.528615
                            ],
                            [
                                114.611726,
                                37.525854
                            ],
                            [
                                114.611761,
                                37.524552
                            ],
                            [
                                114.606206,
                                37.523993
                            ],
                            [
                                114.606932,
                                37.517721
                            ],
                            [
                                114.607457,
                                37.511839
                            ],
                            [
                                114.608696,
                                37.511522
                            ],
                            [
                                114.611582,
                                37.506458
                            ],
                            [
                                114.610446,
                                37.503251
                            ],
                            [
                                114.607558,
                                37.504087
                            ],
                            [
                                114.606799,
                                37.500551
                            ],
                            [
                                114.604854,
                                37.497703
                            ],
                            [
                                114.605203,
                                37.496336
                            ],
                            [
                                114.605013,
                                37.493036
                            ],
                            [
                                114.604202,
                                37.492672
                            ],
                            [
                                114.602657,
                                37.492816
                            ],
                            [
                                114.602482,
                                37.490197
                            ],
                            [
                                114.60891,
                                37.490091
                            ],
                            [
                                114.609598,
                                37.488992
                            ],
                            [
                                114.616804,
                                37.488933
                            ],
                            [
                                114.625934,
                                37.490624
                            ],
                            [
                                114.628079,
                                37.490586
                            ],
                            [
                                114.628151,
                                37.48954
                            ],
                            [
                                114.62528,
                                37.483175
                            ],
                            [
                                114.623445,
                                37.479987
                            ],
                            [
                                114.622607,
                                37.479344
                            ],
                            [
                                114.623434,
                                37.472157
                            ],
                            [
                                114.623833,
                                37.464149
                            ],
                            [
                                114.624269,
                                37.460339
                            ],
                            [
                                114.624168,
                                37.457233
                            ],
                            [
                                114.62499,
                                37.454714
                            ],
                            [
                                114.625638,
                                37.454082
                            ],
                            [
                                114.627735,
                                37.454113
                            ],
                            [
                                114.628167,
                                37.453641
                            ],
                            [
                                114.62758,
                                37.450937
                            ],
                            [
                                114.626311,
                                37.450586
                            ],
                            [
                                114.62637,
                                37.447835
                            ],
                            [
                                114.625731,
                                37.439044
                            ],
                            [
                                114.626542,
                                37.435273
                            ],
                            [
                                114.628378,
                                37.433786
                            ],
                            [
                                114.632189,
                                37.432576
                            ],
                            [
                                114.632087,
                                37.430677
                            ],
                            [
                                114.629457,
                                37.425605
                            ],
                            [
                                114.627537,
                                37.423116
                            ],
                            [
                                114.622897,
                                37.422574
                            ],
                            [
                                114.62169,
                                37.422549
                            ],
                            [
                                114.621474,
                                37.417329
                            ],
                            [
                                114.624116,
                                37.416941
                            ],
                            [
                                114.624264,
                                37.414369
                            ],
                            [
                                114.625245,
                                37.413476
                            ],
                            [
                                114.627888,
                                37.413239
                            ],
                            [
                                114.629749,
                                37.412594
                            ],
                            [
                                114.629303,
                                37.409233
                            ],
                            [
                                114.629835,
                                37.408335
                            ],
                            [
                                114.63424,
                                37.407489
                            ],
                            [
                                114.645721,
                                37.406501
                            ],
                            [
                                114.645765,
                                37.405945
                            ],
                            [
                                114.650688,
                                37.406879
                            ],
                            [
                                114.656081,
                                37.409848
                            ],
                            [
                                114.659823,
                                37.412893
                            ],
                            [
                                114.678982,
                                37.429507
                            ],
                            [
                                114.692764,
                                37.433631
                            ],
                            [
                                114.701795,
                                37.434949
                            ],
                            [
                                114.709604,
                                37.433473
                            ],
                            [
                                114.713517,
                                37.431815
                            ],
                            [
                                114.719526,
                                37.429779
                            ],
                            [
                                114.719384,
                                37.428748
                            ],
                            [
                                114.721172,
                                37.426899
                            ],
                            [
                                114.723575,
                                37.426512
                            ],
                            [
                                114.730547,
                                37.4268
                            ],
                            [
                                114.737915,
                                37.424608
                            ],
                            [
                                114.742042,
                                37.424248
                            ],
                            [
                                114.748171,
                                37.424417
                            ],
                            [
                                114.750855,
                                37.423956
                            ],
                            [
                                114.751668,
                                37.42502
                            ],
                            [
                                114.752917,
                                37.428973
                            ],
                            [
                                114.754448,
                                37.428919
                            ],
                            [
                                114.754919,
                                37.430101
                            ],
                            [
                                114.755368,
                                37.430386
                            ],
                            [
                                114.756538,
                                37.430123
                            ],
                            [
                                114.760177,
                                37.431725
                            ],
                            [
                                114.7608,
                                37.433467
                            ],
                            [
                                114.761289,
                                37.438673
                            ],
                            [
                                114.77212,
                                37.43701
                            ],
                            [
                                114.772336,
                                37.438751
                            ],
                            [
                                114.772913,
                                37.44618
                            ],
                            [
                                114.772658,
                                37.449122
                            ],
                            [
                                114.766972,
                                37.449682
                            ],
                            [
                                114.76404,
                                37.453171
                            ],
                            [
                                114.76448,
                                37.454815
                            ],
                            [
                                114.764343,
                                37.473151
                            ],
                            [
                                114.771396,
                                37.476427
                            ],
                            [
                                114.778647,
                                37.482496
                            ],
                            [
                                114.781985,
                                37.486916
                            ],
                            [
                                114.787215,
                                37.498117
                            ],
                            [
                                114.785803,
                                37.509401
                            ],
                            [
                                114.783058,
                                37.522137
                            ],
                            [
                                114.781896,
                                37.526916
                            ],
                            [
                                114.777725,
                                37.533224
                            ],
                            [
                                114.77946,
                                37.539843
                            ],
                            [
                                114.783415,
                                37.552637
                            ],
                            [
                                114.78391,
                                37.558708
                            ],
                            [
                                114.783773,
                                37.570154
                            ],
                            [
                                114.780193,
                                37.580668
                            ],
                            [
                                114.77604,
                                37.590716
                            ],
                            [
                                114.771298,
                                37.6019
                            ],
                            [
                                114.76919,
                                37.609445
                            ],
                            [
                                114.76796,
                                37.615844
                            ],
                            [
                                114.764317,
                                37.624435
                            ],
                            [
                                114.752815,
                                37.62691
                            ],
                            [
                                114.733433,
                                37.629091
                            ],
                            [
                                114.725981,
                                37.630678
                            ],
                            [
                                114.71699,
                                37.627135
                            ],
                            [
                                114.716007,
                                37.625983
                            ],
                            [
                                114.717252,
                                37.62141
                            ],
                            [
                                114.714849,
                                37.617195
                            ],
                            [
                                114.707345,
                                37.615803
                            ],
                            [
                                114.705701,
                                37.61006
                            ],
                            [
                                114.698791,
                                37.589364
                            ],
                            [
                                114.694868,
                                37.581301
                            ],
                            [
                                114.687778,
                                37.572741
                            ],
                            [
                                114.687039,
                                37.565168
                            ],
                            [
                                114.680179,
                                37.565269
                            ],
                            [
                                114.674926,
                                37.564108
                            ],
                            [
                                114.660283,
                                37.559353
                            ],
                            [
                                114.646774,
                                37.556213
                            ],
                            [
                                114.63264,
                                37.556734
                            ],
                            [
                                114.624279,
                                37.556637
                            ],
                            [
                                114.613211,
                                37.555521
                            ]
                        ]
                    ]
                ]
            }
        }
    ]
}