{
    "type": "FeatureCollection",
    "features": [
        {
            "type": "Feature",
            "properties": {
                "adcode": 130581,
                "name": "南宫市",
                "center": [
                    115.398102,
                    37.359668
                ],
                "centroid": [
                    115.472183,
                    37.280176
                ],
                "childrenNum": 0,
                "level": "district",
                "acroutes": [
                    100000,
                    130000,
                    130500
                ],
                "parent": {
                    "adcode": 130500
                }
            },
            "geometry": {
                "type": "MultiPolygon",
                "coordinates": [
                    [
                        [
                            [
                                115.29539,
                                37.417524
                            ],
                            [
                                115.295446,
                                37.423522
                            ],
                            [
                                115.300582,
                                37.424247
                            ],
                            [
                                115.301253,
                                37.427699
                            ],
                            [
                                115.300526,
                                37.429078
                            ],
                            [
                                115.300471,
                                37.430516
                            ],
                            [
                                115.298116,
                                37.432651
                            ],
                            [
                                115.293663,
                                37.432883
                            ],
                            [
                                115.293793,
                                37.438734
                            ],
                            [
                                115.291073,
                                37.438984
                            ],
                            [
                                115.290327,
                                37.44088
                            ],
                            [
                                115.288352,
                                37.440901
                            ],
                            [
                                115.288545,
                                37.443439
                            ],
                            [
                                115.285942,
                                37.443846
                            ],
                            [
                                115.283955,
                                37.443268
                            ],
                            [
                                115.283588,
                                37.440765
                            ],
                            [
                                115.283315,
                                37.437838
                            ],
                            [
                                115.284445,
                                37.433786
                            ],
                            [
                                115.283992,
                                37.429877
                            ],
                            [
                                115.280663,
                                37.427514
                            ],
                            [
                                115.279756,
                                37.427642
                            ],
                            [
                                115.279979,
                                37.429078
                            ],
                            [
                                115.279346,
                                37.429381
                            ],
                            [
                                115.277122,
                                37.428988
                            ],
                            [
                                115.276867,
                                37.42826
                            ],
                            [
                                115.272159,
                                37.430645
                            ],
                            [
                                115.260059,
                                37.433801
                            ],
                            [
                                115.251711,
                                37.434679
                            ],
                            [
                                115.241084,
                                37.434408
                            ],
                            [
                                115.23132,
                                37.434379
                            ],
                            [
                                115.222984,
                                37.435725
                            ],
                            [
                                115.216344,
                                37.433919
                            ],
                            [
                                115.21412,
                                37.435347
                            ],
                            [
                                115.212667,
                                37.435861
                            ],
                            [
                                115.208716,
                                37.435654
                            ],
                            [
                                115.206741,
                                37.435107
                            ],
                            [
                                115.20417,
                                37.433676
                            ],
                            [
                                115.199791,
                                37.430099
                            ],
                            [
                                115.198716,
                                37.42635
                            ],
                            [
                                115.190082,
                                37.423029
                            ],
                            [
                                115.182051,
                                37.421858
                            ],
                            [
                                115.171163,
                                37.420684
                            ],
                            [
                                115.154547,
                                37.418573
                            ],
                            [
                                115.14423,
                                37.418077
                            ],
                            [
                                115.151442,
                                37.416074
                            ],
                            [
                                115.154678,
                                37.413774
                            ],
                            [
                                115.157839,
                                37.409071
                            ],
                            [
                                115.160697,
                                37.401532
                            ],
                            [
                                115.16074,
                                37.400271
                            ],
                            [
                                115.160355,
                                37.3954
                            ],
                            [
                                115.161417,
                                37.394871
                            ],
                            [
                                115.174001,
                                37.393674
                            ],
                            [
                                115.175803,
                                37.3964
                            ],
                            [
                                115.176803,
                                37.396671
                            ],
                            [
                                115.177337,
                                37.39785
                            ],
                            [
                                115.178983,
                                37.404968
                            ],
                            [
                                115.181262,
                                37.411239
                            ],
                            [
                                115.189641,
                                37.411135
                            ],
                            [
                                115.192871,
                                37.410589
                            ],
                            [
                                115.191393,
                                37.403011
                            ],
                            [
                                115.194051,
                                37.402904
                            ],
                            [
                                115.194033,
                                37.40065
                            ],
                            [
                                115.192728,
                                37.396703
                            ],
                            [
                                115.193095,
                                37.396432
                            ],
                            [
                                115.193281,
                                37.390635
                            ],
                            [
                                115.193368,
                                37.38169
                            ],
                            [
                                115.194449,
                                37.369685
                            ],
                            [
                                115.193281,
                                37.359276
                            ],
                            [
                                115.187536,
                                37.356471
                            ],
                            [
                                115.178032,
                                37.354949
                            ],
                            [
                                115.172647,
                                37.352075
                            ],
                            [
                                115.173181,
                                37.345985
                            ],
                            [
                                115.178685,
                                37.34037
                            ],
                            [
                                115.201716,
                                37.334629
                            ],
                            [
                                115.207754,
                                37.330543
                            ],
                            [
                                115.209263,
                                37.321173
                            ],
                            [
                                115.207611,
                                37.311229
                            ],
                            [
                                115.203275,
                                37.30509
                            ],
                            [
                                115.203592,
                                37.301392
                            ],
                            [
                                115.208294,
                                37.293388
                            ],
                            [
                                115.211704,
                                37.28999
                            ],
                            [
                                115.217673,
                                37.288437
                            ],
                            [
                                115.224698,
                                37.298052
                            ],
                            [
                                115.246481,
                                37.298127
                            ],
                            [
                                115.256898,
                                37.297837
                            ],
                            [
                                115.272327,
                                37.29617
                            ],
                            [
                                115.288135,
                                37.293727
                            ],
                            [
                                115.3028,
                                37.291514
                            ],
                            [
                                115.316322,
                                37.290662
                            ],
                            [
                                115.332999,
                                37.289378
                            ],
                            [
                                115.345379,
                                37.287611
                            ],
                            [
                                115.352273,
                                37.28627
                            ],
                            [
                                115.362926,
                                37.284946
                            ],
                            [
                                115.373559,
                                37.284081
                            ],
                            [
                                115.392231,
                                37.28461
                            ],
                            [
                                115.402554,
                                37.2851
                            ],
                            [
                                115.410306,
                                37.284671
                            ],
                            [
                                115.419772,
                                37.280793
                            ],
                            [
                                115.425822,
                                37.274622
                            ],
                            [
                                115.434735,
                                37.261806
                            ],
                            [
                                115.439064,
                                37.253333
                            ],
                            [
                                115.441512,
                                37.249862
                            ],
                            [
                                115.443617,
                                37.245753
                            ],
                            [
                                115.442654,
                                37.241355
                            ],
                            [
                                115.441493,
                                37.238828
                            ],
                            [
                                115.441922,
                                37.236845
                            ],
                            [
                                115.445356,
                                37.236129
                            ],
                            [
                                115.446729,
                                37.235617
                            ],
                            [
                                115.451574,
                                37.235481
                            ],
                            [
                                115.456021,
                                37.229059
                            ],
                            [
                                115.462326,
                                37.221957
                            ],
                            [
                                115.468345,
                                37.216458
                            ],
                            [
                                115.472357,
                                37.211875
                            ],
                            [
                                115.474363,
                                37.207066
                            ],
                            [
                                115.474096,
                                37.200649
                            ],
                            [
                                115.472394,
                                37.195836
                            ],
                            [
                                115.464438,
                                37.185303
                            ],
                            [
                                115.462158,
                                37.180947
                            ],
                            [
                                115.467028,
                                37.172926
                            ],
                            [
                                115.472767,
                                37.165593
                            ],
                            [
                                115.47586,
                                37.164579
                            ],
                            [
                                115.475345,
                                37.161663
                            ],
                            [
                                115.473134,
                                37.162275
                            ],
                            [
                                115.472537,
                                37.161942
                            ],
                            [
                                115.471283,
                                37.156478
                            ],
                            [
                                115.466904,
                                37.153608
                            ],
                            [
                                115.463487,
                                37.15383
                            ],
                            [
                                115.462705,
                                37.150913
                            ],
                            [
                                115.463506,
                                37.150745
                            ],
                            [
                                115.463891,
                                37.14981
                            ],
                            [
                                115.465518,
                                37.142244
                            ],
                            [
                                115.46709,
                                37.141986
                            ],
                            [
                                115.467674,
                                37.140961
                            ],
                            [
                                115.468326,
                                37.138223
                            ],
                            [
                                115.46804,
                                37.137094
                            ],
                            [
                                115.471239,
                                37.136621
                            ],
                            [
                                115.472053,
                                37.137019
                            ],
                            [
                                115.472742,
                                37.137904
                            ],
                            [
                                115.473053,
                                37.140442
                            ],
                            [
                                115.475705,
                                37.14051
                            ],
                            [
                                115.484743,
                                37.13875
                            ],
                            [
                                115.486233,
                                37.137184
                            ],
                            [
                                115.48573,
                                37.135048
                            ],
                            [
                                115.487693,
                                37.132786
                            ],
                            [
                                115.490643,
                                37.129897
                            ],
                            [
                                115.498345,
                                37.128313
                            ],
                            [
                                115.500209,
                                37.130492
                            ],
                            [
                                115.501047,
                                37.13265
                            ],
                            [
                                115.5046,
                                37.132127
                            ],
                            [
                                115.504892,
                                37.132969
                            ],
                            [
                                115.507936,
                                37.13303
                            ],
                            [
                                115.513352,
                                37.135772
                            ],
                            [
                                115.515911,
                                37.140582
                            ],
                            [
                                115.51675,
                                37.147452
                            ],
                            [
                                115.51616,
                                37.15364
                            ],
                            [
                                115.516427,
                                37.160742
                            ],
                            [
                                115.520414,
                                37.164407
                            ],
                            [
                                115.526408,
                                37.165772
                            ],
                            [
                                115.534676,
                                37.165303
                            ],
                            [
                                115.542968,
                                37.162548
                            ],
                            [
                                115.549825,
                                37.156811
                            ],
                            [
                                115.556117,
                                37.150619
                            ],
                            [
                                115.564416,
                                37.142603
                            ],
                            [
                                115.56813,
                                37.136643
                            ],
                            [
                                115.570422,
                                37.132292
                            ],
                            [
                                115.574155,
                                37.124728
                            ],
                            [
                                115.577018,
                                37.118311
                            ],
                            [
                                115.579596,
                                37.111898
                            ],
                            [
                                115.581609,
                                37.104562
                            ],
                            [
                                115.587397,
                                37.093926
                            ],
                            [
                                115.596255,
                                37.096003
                            ],
                            [
                                115.61156,
                                37.093826
                            ],
                            [
                                115.623516,
                                37.090394
                            ],
                            [
                                115.633815,
                                37.090788
                            ],
                            [
                                115.638927,
                                37.091678
                            ],
                            [
                                115.646002,
                                37.093327
                            ],
                            [
                                115.656579,
                                37.099015
                            ],
                            [
                                115.66617,
                                37.106724
                            ],
                            [
                                115.668269,
                                37.11506
                            ],
                            [
                                115.666971,
                                37.122574
                            ],
                            [
                                115.667288,
                                37.131983
                            ],
                            [
                                115.676779,
                                37.136714
                            ],
                            [
                                115.686661,
                                37.139621
                            ],
                            [
                                115.691226,
                                37.140255
                            ],
                            [
                                115.697202,
                                37.141176
                            ],
                            [
                                115.704599,
                                37.142384
                            ],
                            [
                                115.708009,
                                37.142972
                            ],
                            [
                                115.711749,
                                37.142886
                            ],
                            [
                                115.719084,
                                37.144997
                            ],
                            [
                                115.726507,
                                37.150784
                            ],
                            [
                                115.72278,
                                37.160728
                            ],
                            [
                                115.71891,
                                37.167915
                            ],
                            [
                                115.72506,
                                37.170902
                            ],
                            [
                                115.736967,
                                37.17341
                            ],
                            [
                                115.74652,
                                37.176978
                            ],
                            [
                                115.75265,
                                37.180184
                            ],
                            [
                                115.755396,
                                37.182122
                            ],
                            [
                                115.757036,
                                37.183555
                            ],
                            [
                                115.76134,
                                37.184292
                            ],
                            [
                                115.765359,
                                37.191499
                            ],
                            [
                                115.762036,
                                37.196001
                            ],
                            [
                                115.75829,
                                37.203936
                            ],
                            [
                                115.756346,
                                37.209855
                            ],
                            [
                                115.759613,
                                37.214524
                            ],
                            [
                                115.762203,
                                37.216977
                            ],
                            [
                                115.747122,
                                37.217013
                            ],
                            [
                                115.741271,
                                37.220571
                            ],
                            [
                                115.733246,
                                37.225601
                            ],
                            [
                                115.726352,
                                37.231085
                            ],
                            [
                                115.719749,
                                37.237253
                            ],
                            [
                                115.71342,
                                37.243652
                            ],
                            [
                                115.710612,
                                37.249926
                            ],
                            [
                                115.709127,
                                37.250896
                            ],
                            [
                                115.698475,
                                37.257133
                            ],
                            [
                                115.688419,
                                37.256181
                            ],
                            [
                                115.675773,
                                37.258887
                            ],
                            [
                                115.674487,
                                37.270079
                            ],
                            [
                                115.67258,
                                37.275831
                            ],
                            [
                                115.665387,
                                37.277413
                            ],
                            [
                                115.659064,
                                37.277162
                            ],
                            [
                                115.652182,
                                37.276676
                            ],
                            [
                                115.638964,
                                37.276865
                            ],
                            [
                                115.632933,
                                37.277073
                            ],
                            [
                                115.624603,
                                37.279795
                            ],
                            [
                                115.630902,
                                37.288065
                            ],
                            [
                                115.630312,
                                37.294475
                            ],
                            [
                                115.623411,
                                37.297894
                            ],
                            [
                                115.616231,
                                37.298559
                            ],
                            [
                                115.607907,
                                37.300144
                            ],
                            [
                                115.599864,
                                37.301957
                            ],
                            [
                                115.592683,
                                37.306985
                            ],
                            [
                                115.590658,
                                37.312485
                            ],
                            [
                                115.596665,
                                37.316847
                            ],
                            [
                                115.60123,
                                37.322832
                            ],
                            [
                                115.604653,
                                37.325903
                            ],
                            [
                                115.605808,
                                37.33336
                            ],
                            [
                                115.599211,
                                37.332889
                            ],
                            [
                                115.590342,
                                37.32462
                            ],
                            [
                                115.584615,
                                37.320265
                            ],
                            [
                                115.577186,
                                37.316128
                            ],
                            [
                                115.571459,
                                37.31566
                            ],
                            [
                                115.566111,
                                37.316146
                            ],
                            [
                                115.561291,
                                37.317069
                            ],
                            [
                                115.555123,
                                37.317712
                            ],
                            [
                                115.54826,
                                37.319314
                            ],
                            [
                                115.541384,
                                37.322056
                            ],
                            [
                                115.535657,
                                37.323665
                            ],
                            [
                                115.529359,
                                37.326872
                            ],
                            [
                                115.526185,
                                37.332828
                            ],
                            [
                                115.525868,
                                37.341989
                            ],
                            [
                                115.523843,
                                37.347948
                            ],
                            [
                                115.520104,
                                37.353673
                            ],
                            [
                                115.511774,
                                37.362382
                            ],
                            [
                                115.506606,
                                37.369024
                            ],
                            [
                                115.501445,
                                37.371086
                            ],
                            [
                                115.492842,
                                37.375438
                            ],
                            [
                                115.48568,
                                37.378185
                            ],
                            [
                                115.475357,
                                37.38139
                            ],
                            [
                                115.468767,
                                37.382758
                            ],
                            [
                                115.460754,
                                37.383437
                            ],
                            [
                                115.452158,
                                37.383883
                            ],
                            [
                                115.436952,
                                37.385916
                            ],
                            [
                                115.428623,
                                37.387952
                            ],
                            [
                                115.420561,
                                37.393199
                            ],
                            [
                                115.413045,
                                37.402107
                            ],
                            [
                                115.407834,
                                37.410796
                            ],
                            [
                                115.395684,
                                37.42449
                            ],
                            [
                                115.391063,
                                37.427903
                            ],
                            [
                                115.385299,
                                37.429938
                            ],
                            [
                                115.3781,
                                37.431959
                            ],
                            [
                                115.369435,
                                37.434893
                            ],
                            [
                                115.356453,
                                37.439398
                            ],
                            [
                                115.345099,
                                37.448168
                            ],
                            [
                                115.343031,
                                37.446494
                            ],
                            [
                                115.336794,
                                37.447933
                            ],
                            [
                                115.334726,
                                37.447215
                            ],
                            [
                                115.327198,
                                37.447933
                            ],
                            [
                                115.325415,
                                37.444831
                            ],
                            [
                                115.323043,
                                37.443243
                            ],
                            [
                                115.322334,
                                37.441786
                            ],
                            [
                                115.320409,
                                37.441365
                            ],
                            [
                                115.316763,
                                37.441308
                            ],
                            [
                                115.307756,
                                37.442118
                            ],
                            [
                                115.306781,
                                37.441569
                            ],
                            [
                                115.306707,
                                37.439263
                            ],
                            [
                                115.302887,
                                37.439056
                            ],
                            [
                                115.302831,
                                37.435746
                            ],
                            [
                                115.304104,
                                37.435468
                            ],
                            [
                                115.303999,
                                37.433272
                            ],
                            [
                                115.309005,
                                37.433187
                            ],
                            [
                                115.308837,
                                37.429902
                            ],
                            [
                                115.311719,
                                37.426628
                            ],
                            [
                                115.317987,
                                37.426157
                            ],
                            [
                                115.31957,
                                37.425336
                            ],
                            [
                                115.318719,
                                37.419262
                            ],
                            [
                                115.317117,
                                37.417163
                            ],
                            [
                                115.316912,
                                37.414174
                            ],
                            [
                                115.320086,
                                37.41016
                            ],
                            [
                                115.321825,
                                37.410296
                            ],
                            [
                                115.322639,
                                37.411199
                            ],
                            [
                                115.324446,
                                37.410775
                            ],
                            [
                                115.324521,
                                37.408707
                            ],
                            [
                                115.324384,
                                37.404325
                            ],
                            [
                                115.321229,
                                37.404532
                            ],
                            [
                                115.321123,
                                37.4064
                            ],
                            [
                                115.318452,
                                37.406778
                            ],
                            [
                                115.317372,
                                37.406464
                            ],
                            [
                                115.317434,
                                37.404543
                            ],
                            [
                                115.316837,
                                37.404186
                            ],
                            [
                                115.306756,
                                37.405589
                            ],
                            [
                                115.30493,
                                37.4067
                            ],
                            [
                                115.305117,
                                37.407921
                            ],
                            [
                                115.302924,
                                37.408285
                            ],
                            [
                                115.301365,
                                37.409085
                            ],
                            [
                                115.292427,
                                37.401718
                            ],
                            [
                                115.292185,
                                37.399218
                            ],
                            [
                                115.290768,
                                37.394242
                            ],
                            [
                                115.288812,
                                37.391953
                            ],
                            [
                                115.285955,
                                37.392403
                            ],
                            [
                                115.285197,
                                37.396893
                            ],
                            [
                                115.283327,
                                37.397635
                            ],
                            [
                                115.280234,
                                37.398339
                            ],
                            [
                                115.276259,
                                37.398378
                            ],
                            [
                                115.275538,
                                37.398936
                            ],
                            [
                                115.274905,
                                37.400439
                            ],
                            [
                                115.27506,
                                37.404168
                            ],
                            [
                                115.275507,
                                37.404561
                            ],
                            [
                                115.277687,
                                37.404125
                            ],
                            [
                                115.277799,
                                37.406553
                            ],
                            [
                                115.278867,
                                37.406714
                            ],
                            [
                                115.278954,
                                37.408043
                            ],
                            [
                                115.279687,
                                37.40826
                            ],
                            [
                                115.28029,
                                37.407943
                            ],
                            [
                                115.280159,
                                37.406486
                            ],
                            [
                                115.2817,
                                37.406486
                            ],
                            [
                                115.281861,
                                37.409421
                            ],
                            [
                                115.282327,
                                37.4097
                            ],
                            [
                                115.284731,
                                37.409093
                            ],
                            [
                                115.284619,
                                37.406696
                            ],
                            [
                                115.285849,
                                37.406732
                            ],
                            [
                                115.286197,
                                37.409071
                            ],
                            [
                                115.287911,
                                37.408818
                            ],
                            [
                                115.29539,
                                37.417524
                            ]
                        ]
                    ],
                    [
                        [
                            [
                                115.301365,
                                37.409085
                            ],
                            [
                                115.300135,
                                37.409721
                            ],
                            [
                                115.300247,
                                37.411992
                            ],
                            [
                                115.301483,
                                37.413553
                            ],
                            [
                                115.29847,
                                37.415124
                            ],
                            [
                                115.295787,
                                37.41537
                            ],
                            [
                                115.295377,
                                37.415995
                            ],
                            [
                                115.29539,
                                37.417524
                            ],
                            [
                                115.287911,
                                37.408818
                            ],
                            [
                                115.291004,
                                37.40836
                            ],
                            [
                                115.290986,
                                37.406896
                            ],
                            [
                                115.29075,
                                37.403618
                            ],
                            [
                                115.292414,
                                37.403593
                            ],
                            [
                                115.292557,
                                37.403079
                            ],
                            [
                                115.292427,
                                37.401718
                            ],
                            [
                                115.301365,
                                37.409085
                            ]
                        ]
                    ]
                ]
            }
        }
    ]
}