{
    "type": "FeatureCollection",
    "features": [
        {
            "type": "Feature",
            "properties": {
                "adcode": 130609,
                "name": "徐水区",
                "center": [
                    115.64941,
                    39.020395
                ],
                "centroid": [
                    115.573594,
                    39.037931
                ],
                "childrenNum": 0,
                "level": "district",
                "acroutes": [
                    100000,
                    130000,
                    130600
                ],
                "parent": {
                    "adcode": 130600
                }
            },
            "geometry": {
                "type": "MultiPolygon",
                "coordinates": [
                    [
                        [
                            [
                                115.436743,
                                39.007841
                            ],
                            [
                                115.443632,
                                39.007128
                            ],
                            [
                                115.453904,
                                39.003943
                            ],
                            [
                                115.464176,
                                38.997312
                            ],
                            [
                                115.47211,
                                38.99022
                            ],
                            [
                                115.480338,
                                38.982205
                            ],
                            [
                                115.486168,
                                38.96408
                            ],
                            [
                                115.48736,
                                38.964109
                            ],
                            [
                                115.489024,
                                38.957405
                            ],
                            [
                                115.488722,
                                38.957048
                            ],
                            [
                                115.487424,
                                38.957106
                            ],
                            [
                                115.48742,
                                38.955992
                            ],
                            [
                                115.491903,
                                38.955914
                            ],
                            [
                                115.491829,
                                38.95458
                            ],
                            [
                                115.496427,
                                38.954615
                            ],
                            [
                                115.498123,
                                38.954168
                            ],
                            [
                                115.497513,
                                38.945917
                            ],
                            [
                                115.499626,
                                38.945178
                            ],
                            [
                                115.501542,
                                38.943496
                            ],
                            [
                                115.505315,
                                38.942527
                            ],
                            [
                                115.505645,
                                38.941837
                            ],
                            [
                                115.505186,
                                38.939644
                            ],
                            [
                                115.50657,
                                38.939496
                            ],
                            [
                                115.506813,
                                38.939798
                            ],
                            [
                                115.507877,
                                38.939687
                            ],
                            [
                                115.508555,
                                38.942112
                            ],
                            [
                                115.515683,
                                38.940758
                            ],
                            [
                                115.515664,
                                38.939786
                            ],
                            [
                                115.519817,
                                38.938988
                            ],
                            [
                                115.519767,
                                38.93578
                            ],
                            [
                                115.521087,
                                38.934536
                            ],
                            [
                                115.523402,
                                38.933422
                            ],
                            [
                                115.530172,
                                38.932537
                            ],
                            [
                                115.530296,
                                38.935679
                            ],
                            [
                                115.530777,
                                38.937068
                            ],
                            [
                                115.532308,
                                38.937312
                            ],
                            [
                                115.536644,
                                38.936885
                            ],
                            [
                                115.540976,
                                38.935853
                            ],
                            [
                                115.543717,
                                38.937698
                            ],
                            [
                                115.550757,
                                38.935682
                            ],
                            [
                                115.556468,
                                38.9348
                            ],
                            [
                                115.556047,
                                38.934083
                            ],
                            [
                                115.561891,
                                38.933297
                            ],
                            [
                                115.561795,
                                38.931676
                            ],
                            [
                                115.569064,
                                38.931638
                            ],
                            [
                                115.570756,
                                38.931391
                            ],
                            [
                                115.571769,
                                38.930692
                            ],
                            [
                                115.575647,
                                38.924014
                            ],
                            [
                                115.577911,
                                38.921298
                            ],
                            [
                                115.58425,
                                38.920805
                            ],
                            [
                                115.585987,
                                38.919433
                            ],
                            [
                                115.587495,
                                38.917228
                            ],
                            [
                                115.595141,
                                38.917051
                            ],
                            [
                                115.595549,
                                38.919334
                            ],
                            [
                                115.595998,
                                38.919488
                            ],
                            [
                                115.599317,
                                38.919288
                            ],
                            [
                                115.600275,
                                38.924086
                            ],
                            [
                                115.608915,
                                38.92243
                            ],
                            [
                                115.62015,
                                38.925963
                            ],
                            [
                                115.631018,
                                38.923477
                            ],
                            [
                                115.640125,
                                38.922131
                            ],
                            [
                                115.652753,
                                38.924005
                            ],
                            [
                                115.672738,
                                38.922932
                            ],
                            [
                                115.682153,
                                38.92044
                            ],
                            [
                                115.686581,
                                38.915995
                            ],
                            [
                                115.688827,
                                38.917315
                            ],
                            [
                                115.689689,
                                38.918191
                            ],
                            [
                                115.689812,
                                38.919885
                            ],
                            [
                                115.690935,
                                38.917735
                            ],
                            [
                                115.692966,
                                38.9147
                            ],
                            [
                                115.693053,
                                38.913374
                            ],
                            [
                                115.692292,
                                38.912106
                            ],
                            [
                                115.692572,
                                38.91125
                            ],
                            [
                                115.693374,
                                38.910893
                            ],
                            [
                                115.695166,
                                38.910899
                            ],
                            [
                                115.696518,
                                38.911178
                            ],
                            [
                                115.698466,
                                38.911355
                            ],
                            [
                                115.697774,
                                38.90919
                            ],
                            [
                                115.696418,
                                38.909286
                            ],
                            [
                                115.695877,
                                38.905061
                            ],
                            [
                                115.69727,
                                38.904257
                            ],
                            [
                                115.701803,
                                38.903537
                            ],
                            [
                                115.702353,
                                38.903909
                            ],
                            [
                                115.703582,
                                38.905424
                            ],
                            [
                                115.703146,
                                38.902902
                            ],
                            [
                                115.700612,
                                38.8995
                            ],
                            [
                                115.700291,
                                38.898853
                            ],
                            [
                                115.700497,
                                38.898406
                            ],
                            [
                                115.701382,
                                38.897733
                            ],
                            [
                                115.703325,
                                38.898218
                            ],
                            [
                                115.703541,
                                38.89699
                            ],
                            [
                                115.703738,
                                38.894912
                            ],
                            [
                                115.703907,
                                38.894506
                            ],
                            [
                                115.705979,
                                38.893217
                            ],
                            [
                                115.707418,
                                38.892079
                            ],
                            [
                                115.708001,
                                38.890921
                            ],
                            [
                                115.708917,
                                38.890036
                            ],
                            [
                                115.710219,
                                38.889304
                            ],
                            [
                                115.710966,
                                38.888346
                            ],
                            [
                                115.711791,
                                38.886416
                            ],
                            [
                                115.712827,
                                38.885734
                            ],
                            [
                                115.71445,
                                38.885699
                            ],
                            [
                                115.715871,
                                38.885107
                            ],
                            [
                                115.716806,
                                38.88439
                            ],
                            [
                                115.718176,
                                38.883972
                            ],
                            [
                                115.719744,
                                38.884198
                            ],
                            [
                                115.730424,
                                38.882341
                            ],
                            [
                                115.730804,
                                38.881902
                            ],
                            [
                                115.729878,
                                38.879589
                            ],
                            [
                                115.731171,
                                38.879528
                            ],
                            [
                                115.732642,
                                38.879925
                            ],
                            [
                                115.733298,
                                38.879917
                            ],
                            [
                                115.735095,
                                38.879069
                            ],
                            [
                                115.735906,
                                38.878988
                            ],
                            [
                                115.738459,
                                38.880483
                            ],
                            [
                                115.739669,
                                38.880999
                            ],
                            [
                                115.740476,
                                38.881612
                            ],
                            [
                                115.740517,
                                38.882097
                            ],
                            [
                                115.740196,
                                38.8832
                            ],
                            [
                                115.748296,
                                38.88268
                            ],
                            [
                                115.750413,
                                38.881307
                            ],
                            [
                                115.752375,
                                38.880941
                            ],
                            [
                                115.751271,
                                38.881528
                            ],
                            [
                                115.751179,
                                38.882282
                            ],
                            [
                                115.753099,
                                38.888259
                            ],
                            [
                                115.753154,
                                38.890668
                            ],
                            [
                                115.751523,
                                38.894973
                            ],
                            [
                                115.750849,
                                38.895695
                            ],
                            [
                                115.748827,
                                38.895469
                            ],
                            [
                                115.748419,
                                38.895925
                            ],
                            [
                                115.749258,
                                38.907139
                            ],
                            [
                                115.749258,
                                38.909132
                            ],
                            [
                                115.750445,
                                38.909779
                            ],
                            [
                                115.750285,
                                38.910252
                            ],
                            [
                                115.749258,
                                38.910708
                            ],
                            [
                                115.749258,
                                38.912066
                            ],
                            [
                                115.745752,
                                38.914561
                            ],
                            [
                                115.74351,
                                38.917802
                            ],
                            [
                                115.737744,
                                38.919288
                            ],
                            [
                                115.735535,
                                38.920799
                            ],
                            [
                                115.735581,
                                38.922192
                            ],
                            [
                                115.737703,
                                38.922076
                            ],
                            [
                                115.738487,
                                38.926178
                            ],
                            [
                                115.737795,
                                38.926468
                            ],
                            [
                                115.737877,
                                38.92686
                            ],
                            [
                                115.742534,
                                38.938144
                            ],
                            [
                                115.7433,
                                38.938379
                            ],
                            [
                                115.745848,
                                38.93596
                            ],
                            [
                                115.750555,
                                38.942605
                            ],
                            [
                                115.756125,
                                38.947414
                            ],
                            [
                                115.76141,
                                38.951535
                            ],
                            [
                                115.765819,
                                38.956799
                            ],
                            [
                                115.768748,
                                38.9655
                            ],
                            [
                                115.770132,
                                38.978292
                            ],
                            [
                                115.776114,
                                38.986568
                            ],
                            [
                                115.778984,
                                38.993179
                            ],
                            [
                                115.783576,
                                38.999776
                            ],
                            [
                                115.777512,
                                39.004662
                            ],
                            [
                                115.770288,
                                39.010249
                            ],
                            [
                                115.767203,
                                39.017614
                            ],
                            [
                                115.766997,
                                39.022204
                            ],
                            [
                                115.768359,
                                39.031819
                            ],
                            [
                                115.768473,
                                39.037771
                            ],
                            [
                                115.77005,
                                39.043706
                            ],
                            [
                                115.770146,
                                39.048748
                            ],
                            [
                                115.769376,
                                39.054259
                            ],
                            [
                                115.768024,
                                39.060233
                            ],
                            [
                                115.767547,
                                39.065966
                            ],
                            [
                                115.76427,
                                39.078838
                            ],
                            [
                                115.763541,
                                39.086633
                            ],
                            [
                                115.762762,
                                39.091922
                            ],
                            [
                                115.761125,
                                39.098352
                            ],
                            [
                                115.754539,
                                39.102951
                            ],
                            [
                                115.747186,
                                39.10386
                            ],
                            [
                                115.739243,
                                39.104077
                            ],
                            [
                                115.730131,
                                39.103373
                            ],
                            [
                                115.722476,
                                39.104273
                            ],
                            [
                                115.716595,
                                39.105633
                            ],
                            [
                                115.708037,
                                39.108356
                            ],
                            [
                                115.699796,
                                39.111545
                            ],
                            [
                                115.687401,
                                39.120436
                            ],
                            [
                                115.680324,
                                39.122927
                            ],
                            [
                                115.669699,
                                39.125641
                            ],
                            [
                                115.659977,
                                39.124923
                            ],
                            [
                                115.645264,
                                39.122349
                            ],
                            [
                                115.637013,
                                39.120494
                            ],
                            [
                                115.628478,
                                39.118402
                            ],
                            [
                                115.618183,
                                39.116313
                            ],
                            [
                                115.606417,
                                39.114224
                            ],
                            [
                                115.589668,
                                39.118087
                            ],
                            [
                                115.581431,
                                39.119904
                            ],
                            [
                                115.564096,
                                39.125615
                            ],
                            [
                                115.549414,
                                39.129729
                            ],
                            [
                                115.532977,
                                39.135453
                            ],
                            [
                                115.531552,
                                39.136061
                            ],
                            [
                                115.530415,
                                39.136069
                            ],
                            [
                                115.530351,
                                39.137183
                            ],
                            [
                                115.52276,
                                39.137267
                            ],
                            [
                                115.518859,
                                39.137417
                            ],
                            [
                                115.51758,
                                39.139734
                            ],
                            [
                                115.518978,
                                39.148552
                            ],
                            [
                                115.518483,
                                39.148969
                            ],
                            [
                                115.515614,
                                39.149362
                            ],
                            [
                                115.516343,
                                39.152884
                            ],
                            [
                                115.515417,
                                39.153263
                            ],
                            [
                                115.514555,
                                39.15518
                            ],
                            [
                                115.514633,
                                39.159544
                            ],
                            [
                                115.514583,
                                39.160183
                            ],
                            [
                                115.512658,
                                39.160382
                            ],
                            [
                                115.509444,
                                39.159272
                            ],
                            [
                                115.501826,
                                39.157216
                            ],
                            [
                                115.494185,
                                39.163395
                            ],
                            [
                                115.485366,
                                39.167747
                            ],
                            [
                                115.479504,
                                39.168663
                            ],
                            [
                                115.471294,
                                39.168429
                            ],
                            [
                                115.453716,
                                39.162453
                            ],
                            [
                                115.448165,
                                39.157632
                            ],
                            [
                                115.444957,
                                39.153734
                            ],
                            [
                                115.439992,
                                39.148225
                            ],
                            [
                                115.435028,
                                39.143179
                            ],
                            [
                                115.42857,
                                39.140414
                            ],
                            [
                                115.417977,
                                39.14175
                            ],
                            [
                                115.407957,
                                39.146071
                            ],
                            [
                                115.400586,
                                39.148558
                            ],
                            [
                                115.389984,
                                39.149885
                            ],
                            [
                                115.380845,
                                39.150068
                            ],
                            [
                                115.372626,
                                39.145903
                            ],
                            [
                                115.363816,
                                39.14013
                            ],
                            [
                                115.354708,
                                39.135956
                            ],
                            [
                                115.34357,
                                39.124892
                            ],
                            [
                                115.340948,
                                39.119375
                            ],
                            [
                                115.332468,
                                39.10741
                            ],
                            [
                                115.328109,
                                39.099368
                            ],
                            [
                                115.325212,
                                39.092706
                            ],
                            [
                                115.326766,
                                39.079663
                            ],
                            [
                                115.329237,
                                39.062498
                            ],
                            [
                                115.329874,
                                39.056087
                            ],
                            [
                                115.331671,
                                39.050825
                            ],
                            [
                                115.344592,
                                39.043602
                            ],
                            [
                                115.345161,
                                39.043741
                            ],
                            [
                                115.346646,
                                39.044453
                            ],
                            [
                                115.347063,
                                39.045056
                            ],
                            [
                                115.346664,
                                39.045852
                            ],
                            [
                                115.346361,
                                39.047019
                            ],
                            [
                                115.345908,
                                39.048146
                            ],
                            [
                                115.345963,
                                39.048502
                            ],
                            [
                                115.347223,
                                39.049183
                            ],
                            [
                                115.349602,
                                39.04854
                            ],
                            [
                                115.350629,
                                39.047865
                            ],
                            [
                                115.353993,
                                39.048407
                            ],
                            [
                                115.355964,
                                39.047871
                            ],
                            [
                                115.356762,
                                39.047824
                            ],
                            [
                                115.359805,
                                39.048021
                            ],
                            [
                                115.360094,
                                39.048357
                            ],
                            [
                                115.361272,
                                39.048548
                            ],
                            [
                                115.363339,
                                39.049811
                            ],
                            [
                                115.364362,
                                39.050069
                            ],
                            [
                                115.366094,
                                39.048951
                            ],
                            [
                                115.366076,
                                39.048097
                            ],
                            [
                                115.366411,
                                39.047604
                            ],
                            [
                                115.368386,
                                39.046953
                            ],
                            [
                                115.369486,
                                39.047138
                            ],
                            [
                                115.370426,
                                39.047089
                            ],
                            [
                                115.370907,
                                39.047656
                            ],
                            [
                                115.371191,
                                39.048435
                            ],
                            [
                                115.372048,
                                39.049064
                            ],
                            [
                                115.372589,
                                39.049846
                            ],
                            [
                                115.371833,
                                39.050599
                            ],
                            [
                                115.371755,
                                39.052551
                            ],
                            [
                                115.372319,
                                39.054141
                            ],
                            [
                                115.372475,
                                39.055215
                            ],
                            [
                                115.373584,
                                39.056153
                            ],
                            [
                                115.374368,
                                39.056602
                            ],
                            [
                                115.37462,
                                39.057335
                            ],
                            [
                                115.374569,
                                39.058699
                            ],
                            [
                                115.374968,
                                39.05926
                            ],
                            [
                                115.375816,
                                39.059593
                            ],
                            [
                                115.376733,
                                39.059017
                            ],
                            [
                                115.377498,
                                39.058945
                            ],
                            [
                                115.378649,
                                39.057867
                            ],
                            [
                                115.379928,
                                39.056897
                            ],
                            [
                                115.381069,
                                39.055279
                            ],
                            [
                                115.383159,
                                39.053188
                            ],
                            [
                                115.384003,
                                39.052687
                            ],
                            [
                                115.385854,
                                39.051954
                            ],
                            [
                                115.387495,
                                39.051969
                            ],
                            [
                                115.388009,
                                39.051694
                            ],
                            [
                                115.388829,
                                39.050266
                            ],
                            [
                                115.389123,
                                39.049052
                            ],
                            [
                                115.389792,
                                39.048566
                            ],
                            [
                                115.389599,
                                39.048062
                            ],
                            [
                                115.39075,
                                39.046408
                            ],
                            [
                                115.392968,
                                39.046313
                            ],
                            [
                                115.39394,
                                39.045664
                            ],
                            [
                                115.393858,
                                39.044485
                            ],
                            [
                                115.394233,
                                39.043819
                            ],
                            [
                                115.395343,
                                39.043222
                            ],
                            [
                                115.395072,
                                39.042478
                            ],
                            [
                                115.395169,
                                39.041632
                            ],
                            [
                                115.393761,
                                39.041577
                            ],
                            [
                                115.393656,
                                39.040543
                            ],
                            [
                                115.39631,
                                39.040222
                            ],
                            [
                                115.394958,
                                39.03798
                            ],
                            [
                                115.394884,
                                39.037224
                            ],
                            [
                                115.395925,
                                39.037198
                            ],
                            [
                                115.396851,
                                39.036975
                            ],
                            [
                                115.396832,
                                39.036129
                            ],
                            [
                                115.397433,
                                39.036085
                            ],
                            [
                                115.397433,
                                39.034993
                            ],
                            [
                                115.399202,
                                39.034715
                            ],
                            [
                                115.399546,
                                39.037386
                            ],
                            [
                                115.400256,
                                39.037374
                            ],
                            [
                                115.403162,
                                39.035935
                            ],
                            [
                                115.402915,
                                39.0336
                            ],
                            [
                                115.405216,
                                39.033351
                            ],
                            [
                                115.405188,
                                39.032653
                            ],
                            [
                                115.408727,
                                39.032253
                            ],
                            [
                                115.40864,
                                39.031746
                            ],
                            [
                                115.405221,
                                39.032068
                            ],
                            [
                                115.40506,
                                39.030863
                            ],
                            [
                                115.404496,
                                39.028548
                            ],
                            [
                                115.39961,
                                39.029377
                            ],
                            [
                                115.399775,
                                39.030944
                            ],
                            [
                                115.399592,
                                39.031048
                            ],
                            [
                                115.396039,
                                39.031517
                            ],
                            [
                                115.39565,
                                39.031691
                            ],
                            [
                                115.395549,
                                39.031216
                            ],
                            [
                                115.394073,
                                39.031346
                            ],
                            [
                                115.393986,
                                39.031013
                            ],
                            [
                                115.393308,
                                39.03099
                            ],
                            [
                                115.393289,
                                39.030492
                            ],
                            [
                                115.393995,
                                39.029884
                            ],
                            [
                                115.395434,
                                39.0298
                            ],
                            [
                                115.396255,
                                39.029901
                            ],
                            [
                                115.395984,
                                39.026911
                            ],
                            [
                                115.395925,
                                39.02493
                            ],
                            [
                                115.398913,
                                39.024846
                            ],
                            [
                                115.398858,
                                39.023924
                            ],
                            [
                                115.395508,
                                39.023974
                            ],
                            [
                                115.398684,
                                39.016154
                            ],
                            [
                                115.404881,
                                39.011828
                            ],
                            [
                                115.41371,
                                39.008652
                            ],
                            [
                                115.432782,
                                39.008249
                            ],
                            [
                                115.436743,
                                39.007841
                            ]
                        ]
                    ]
                ]
            }
        }
    ]
}