{
    "type": "FeatureCollection",
    "features": [
        {
            "type": "Feature",
            "properties": {
                "adcode": 130627,
                "name": "唐县",
                "center": [
                    114.981241,
                    38.748542
                ],
                "centroid": [
                    114.798254,
                    38.898644
                ],
                "childrenNum": 0,
                "level": "district",
                "acroutes": [
                    100000,
                    130000,
                    130600
                ],
                "parent": {
                    "adcode": 130600
                }
            },
            "geometry": {
                "type": "MultiPolygon",
                "coordinates": [
                    [
                        [
                            [
                                114.846894,
                                38.646923
                            ],
                            [
                                114.847323,
                                38.647966
                            ],
                            [
                                114.847365,
                                38.650036
                            ],
                            [
                                114.847991,
                                38.651772
                            ],
                            [
                                114.849232,
                                38.652697
                            ],
                            [
                                114.850013,
                                38.658653
                            ],
                            [
                                114.851868,
                                38.659637
                            ],
                            [
                                114.852059,
                                38.664926
                            ],
                            [
                                114.852548,
                                38.666431
                            ],
                            [
                                114.854875,
                                38.66814
                            ],
                            [
                                114.857153,
                                38.668161
                            ],
                            [
                                114.857803,
                                38.668882
                            ],
                            [
                                114.861472,
                                38.668801
                            ],
                            [
                                114.86174,
                                38.669527
                            ],
                            [
                                114.870598,
                                38.669027
                            ],
                            [
                                114.871051,
                                38.667441
                            ],
                            [
                                114.874523,
                                38.665587
                            ],
                            [
                                114.880631,
                                38.664173
                            ],
                            [
                                114.886805,
                                38.663458
                            ],
                            [
                                114.888218,
                                38.663915
                            ],
                            [
                                114.888844,
                                38.667275
                            ],
                            [
                                114.893491,
                                38.664996
                            ],
                            [
                                114.893485,
                                38.661405
                            ],
                            [
                                114.896378,
                                38.660835
                            ],
                            [
                                114.905683,
                                38.660379
                            ],
                            [
                                114.911231,
                                38.659078
                            ],
                            [
                                114.912233,
                                38.659083
                            ],
                            [
                                114.913509,
                                38.659927
                            ],
                            [
                                114.916438,
                                38.65961
                            ],
                            [
                                114.917172,
                                38.657492
                            ],
                            [
                                114.919504,
                                38.656132
                            ],
                            [
                                114.92526,
                                38.654702
                            ],
                            [
                                114.92634,
                                38.654799
                            ],
                            [
                                114.926692,
                                38.656562
                            ],
                            [
                                114.929459,
                                38.656455
                            ],
                            [
                                114.930461,
                                38.657497
                            ],
                            [
                                114.937935,
                                38.659497
                            ],
                            [
                                114.938615,
                                38.660513
                            ],
                            [
                                114.93892,
                                38.663265
                            ],
                            [
                                114.940029,
                                38.663969
                            ],
                            [
                                114.940178,
                                38.667979
                            ],
                            [
                                114.951523,
                                38.667909
                            ],
                            [
                                114.959486,
                                38.667559
                            ],
                            [
                                114.960148,
                                38.668022
                            ],
                            [
                                114.960441,
                                38.670472
                            ],
                            [
                                114.960918,
                                38.670747
                            ],
                            [
                                114.969633,
                                38.670677
                            ],
                            [
                                114.972979,
                                38.672138
                            ],
                            [
                                114.97524,
                                38.672413
                            ],
                            [
                                114.976379,
                                38.672101
                            ],
                            [
                                114.977023,
                                38.670811
                            ],
                            [
                                114.977017,
                                38.669177
                            ],
                            [
                                114.978962,
                                38.66792
                            ],
                            [
                                114.978252,
                                38.666635
                            ],
                            [
                                114.97815,
                                38.66492
                            ],
                            [
                                114.979833,
                                38.66112
                            ],
                            [
                                114.981741,
                                38.660465
                            ],
                            [
                                114.983364,
                                38.661701
                            ],
                            [
                                114.986394,
                                38.661335
                            ],
                            [
                                114.986382,
                                38.653917
                            ],
                            [
                                114.985923,
                                38.650074
                            ],
                            [
                                114.9843,
                                38.64966
                            ],
                            [
                                114.983531,
                                38.648445
                            ],
                            [
                                114.984968,
                                38.646939
                            ],
                            [
                                114.987366,
                                38.646337
                            ],
                            [
                                114.987617,
                                38.645902
                            ],
                            [
                                114.986603,
                                38.644568
                            ],
                            [
                                114.982487,
                                38.642391
                            ],
                            [
                                114.982576,
                                38.641536
                            ],
                            [
                                114.984133,
                                38.640955
                            ],
                            [
                                114.982887,
                                38.640106
                            ],
                            [
                                114.982887,
                                38.638713
                            ],
                            [
                                114.986543,
                                38.638289
                            ],
                            [
                                114.986477,
                                38.637654
                            ],
                            [
                                114.984575,
                                38.637649
                            ],
                            [
                                114.980095,
                                38.635509
                            ],
                            [
                                114.97926,
                                38.630954
                            ],
                            [
                                114.979797,
                                38.630336
                            ],
                            [
                                114.988225,
                                38.629884
                            ],
                            [
                                114.987623,
                                38.624899
                            ],
                            [
                                114.988762,
                                38.62384
                            ],
                            [
                                114.991899,
                                38.622785
                            ],
                            [
                                115.001425,
                                38.623635
                            ],
                            [
                                115.009836,
                                38.623382
                            ],
                            [
                                115.010432,
                                38.623909
                            ],
                            [
                                115.010349,
                                38.627421
                            ],
                            [
                                115.012299,
                                38.628351
                            ],
                            [
                                115.016075,
                                38.62811
                            ],
                            [
                                115.017238,
                                38.628986
                            ],
                            [
                                115.017662,
                                38.630223
                            ],
                            [
                                115.017065,
                                38.630761
                            ],
                            [
                                115.016499,
                                38.634272
                            ],
                            [
                                115.016165,
                                38.641418
                            ],
                            [
                                115.016821,
                                38.644047
                            ],
                            [
                                115.017847,
                                38.644923
                            ],
                            [
                                115.019588,
                                38.645289
                            ],
                            [
                                115.027152,
                                38.644665
                            ],
                            [
                                115.030761,
                                38.644547
                            ],
                            [
                                115.031542,
                                38.644176
                            ],
                            [
                                115.033677,
                                38.644316
                            ],
                            [
                                115.033677,
                                38.645719
                            ],
                            [
                                115.034763,
                                38.64624
                            ],
                            [
                                115.03762,
                                38.646439
                            ],
                            [
                                115.039583,
                                38.64602
                            ],
                            [
                                115.038527,
                                38.64352
                            ],
                            [
                                115.037024,
                                38.64295
                            ],
                            [
                                115.036535,
                                38.642235
                            ],
                            [
                                115.035705,
                                38.638186
                            ],
                            [
                                115.034775,
                                38.635041
                            ],
                            [
                                115.031858,
                                38.631884
                            ],
                            [
                                115.028655,
                                38.632008
                            ],
                            [
                                115.030164,
                                38.630868
                            ],
                            [
                                115.025804,
                                38.629777
                            ],
                            [
                                115.02572,
                                38.627685
                            ],
                            [
                                115.027695,
                                38.624894
                            ],
                            [
                                115.029776,
                                38.622974
                            ],
                            [
                                115.033832,
                                38.622931
                            ],
                            [
                                115.034292,
                                38.622726
                            ],
                            [
                                115.032795,
                                38.621129
                            ],
                            [
                                115.03657,
                                38.620806
                            ],
                            [
                                115.036719,
                                38.618644
                            ],
                            [
                                115.037232,
                                38.618569
                            ],
                            [
                                115.037405,
                                38.620629
                            ],
                            [
                                115.040137,
                                38.620521
                            ],
                            [
                                115.040686,
                                38.623904
                            ],
                            [
                                115.044319,
                                38.624544
                            ],
                            [
                                115.046329,
                                38.624426
                            ],
                            [
                                115.047068,
                                38.626883
                            ],
                            [
                                115.046156,
                                38.627626
                            ],
                            [
                                115.047134,
                                38.631997
                            ],
                            [
                                115.050325,
                                38.635627
                            ],
                            [
                                115.052139,
                                38.638557
                            ],
                            [
                                115.058384,
                                38.641466
                            ],
                            [
                                115.059565,
                                38.651541
                            ],
                            [
                                115.058163,
                                38.654751
                            ],
                            [
                                115.05564,
                                38.653885
                            ],
                            [
                                115.052079,
                                38.653982
                            ],
                            [
                                115.052634,
                                38.66492
                            ],
                            [
                                115.058766,
                                38.666667
                            ],
                            [
                                115.059845,
                                38.667855
                            ],
                            [
                                115.060406,
                                38.669817
                            ],
                            [
                                115.06043,
                                38.683832
                            ],
                            [
                                115.060126,
                                38.697296
                            ],
                            [
                                115.058282,
                                38.697248
                            ],
                            [
                                115.058265,
                                38.696716
                            ],
                            [
                                115.046144,
                                38.696136
                            ],
                            [
                                115.038664,
                                38.695142
                            ],
                            [
                                115.038312,
                                38.697055
                            ],
                            [
                                115.038688,
                                38.702513
                            ],
                            [
                                115.034823,
                                38.702513
                            ],
                            [
                                115.03215,
                                38.702996
                            ],
                            [
                                115.031673,
                                38.703802
                            ],
                            [
                                115.031685,
                                38.706257
                            ],
                            [
                                115.032908,
                                38.708164
                            ],
                            [
                                115.035562,
                                38.709899
                            ],
                            [
                                115.038211,
                                38.711118
                            ],
                            [
                                115.041801,
                                38.711736
                            ],
                            [
                                115.042201,
                                38.713256
                            ],
                            [
                                115.041945,
                                38.718912
                            ],
                            [
                                115.042529,
                                38.719567
                            ],
                            [
                                115.042487,
                                38.722945
                            ],
                            [
                                115.041432,
                                38.724841
                            ],
                            [
                                115.041479,
                                38.726071
                            ],
                            [
                                115.033457,
                                38.726575
                            ],
                            [
                                115.033463,
                                38.731349
                            ],
                            [
                                115.030594,
                                38.732343
                            ],
                            [
                                115.029568,
                                38.733771
                            ],
                            [
                                115.030653,
                                38.735887
                            ],
                            [
                                115.031393,
                                38.740585
                            ],
                            [
                                115.030104,
                                38.742056
                            ],
                            [
                                115.032478,
                                38.74233
                            ],
                            [
                                115.032383,
                                38.745755
                            ],
                            [
                                115.032962,
                                38.748461
                            ],
                            [
                                115.036958,
                                38.747462
                            ],
                            [
                                115.055049,
                                38.747398
                            ],
                            [
                                115.055085,
                                38.748778
                            ],
                            [
                                115.052389,
                                38.748998
                            ],
                            [
                                115.052312,
                                38.75107
                            ],
                            [
                                115.055121,
                                38.754576
                            ],
                            [
                                115.063454,
                                38.754812
                            ],
                            [
                                115.062559,
                                38.758714
                            ],
                            [
                                115.06726,
                                38.760534
                            ],
                            [
                                115.068345,
                                38.761693
                            ],
                            [
                                115.069079,
                                38.765558
                            ],
                            [
                                115.06853,
                                38.766304
                            ],
                            [
                                115.06553,
                                38.768402
                            ],
                            [
                                115.063722,
                                38.77078
                            ],
                            [
                                115.063484,
                                38.776297
                            ],
                            [
                                115.062792,
                                38.779495
                            ],
                            [
                                115.062237,
                                38.780075
                            ],
                            [
                                115.061259,
                                38.784786
                            ],
                            [
                                115.061283,
                                38.78829
                            ],
                            [
                                115.052347,
                                38.794449
                            ],
                            [
                                115.05193,
                                38.798221
                            ],
                            [
                                115.052282,
                                38.804101
                            ],
                            [
                                115.052866,
                                38.80476
                            ],
                            [
                                115.0557,
                                38.805018
                            ],
                            [
                                115.057143,
                                38.806101
                            ],
                            [
                                115.057596,
                                38.812973
                            ],
                            [
                                115.054614,
                                38.812029
                            ],
                            [
                                115.052491,
                                38.811911
                            ],
                            [
                                115.053672,
                                38.814265
                            ],
                            [
                                115.054262,
                                38.818996
                            ],
                            [
                                115.053988,
                                38.821887
                            ],
                            [
                                115.051906,
                                38.827475
                            ],
                            [
                                115.053117,
                                38.833464
                            ],
                            [
                                115.047397,
                                38.833309
                            ],
                            [
                                115.046854,
                                38.833625
                            ],
                            [
                                115.046591,
                                38.838842
                            ],
                            [
                                115.046985,
                                38.842306
                            ],
                            [
                                115.045124,
                                38.84258
                            ],
                            [
                                115.04136,
                                38.84155
                            ],
                            [
                                115.03657,
                                38.841625
                            ],
                            [
                                115.033934,
                                38.842714
                            ],
                            [
                                115.029496,
                                38.849613
                            ],
                            [
                                115.027528,
                                38.850471
                            ],
                            [
                                115.026454,
                                38.850359
                            ],
                            [
                                115.024551,
                                38.848525
                            ],
                            [
                                115.021622,
                                38.847399
                            ],
                            [
                                115.018574,
                                38.847598
                            ],
                            [
                                115.017882,
                                38.847292
                            ],
                            [
                                115.014816,
                                38.844606
                            ],
                            [
                                115.012228,
                                38.843561
                            ],
                            [
                                115.011071,
                                38.841105
                            ],
                            [
                                115.01054,
                                38.840917
                            ],
                            [
                                114.995496,
                                38.838419
                            ],
                            [
                                114.992269,
                                38.838451
                            ],
                            [
                                114.987235,
                                38.84133
                            ],
                            [
                                114.986477,
                                38.844054
                            ],
                            [
                                114.987939,
                                38.846123
                            ],
                            [
                                114.987408,
                                38.84749
                            ],
                            [
                                114.985565,
                                38.848118
                            ],
                            [
                                114.985356,
                                38.849324
                            ],
                            [
                                114.978634,
                                38.854384
                            ],
                            [
                                114.974739,
                                38.85446
                            ],
                            [
                                114.968183,
                                38.858764
                            ],
                            [
                                114.967336,
                                38.860292
                            ],
                            [
                                114.966919,
                                38.865041
                            ],
                            [
                                114.964652,
                                38.867249
                            ],
                            [
                                114.958866,
                                38.86995
                            ],
                            [
                                114.958788,
                                38.870738
                            ],
                            [
                                114.960095,
                                38.872758
                            ],
                            [
                                114.961526,
                                38.874221
                            ],
                            [
                                114.960429,
                                38.875888
                            ],
                            [
                                114.954792,
                                38.880577
                            ],
                            [
                                114.947485,
                                38.882811
                            ],
                            [
                                114.946889,
                                38.888239
                            ],
                            [
                                114.94767,
                                38.88877
                            ],
                            [
                                114.947521,
                                38.891652
                            ],
                            [
                                114.943936,
                                38.896485
                            ],
                            [
                                114.935901,
                                38.904328
                            ],
                            [
                                114.931768,
                                38.907226
                            ],
                            [
                                114.929793,
                                38.911837
                            ],
                            [
                                114.927735,
                                38.91421
                            ],
                            [
                                114.925898,
                                38.915378
                            ],
                            [
                                114.923292,
                                38.913921
                            ],
                            [
                                114.921938,
                                38.911955
                            ],
                            [
                                114.920106,
                                38.91142
                            ],
                            [
                                114.917142,
                                38.911457
                            ],
                            [
                                114.915275,
                                38.908715
                            ],
                            [
                                114.914136,
                                38.908709
                            ],
                            [
                                114.911654,
                                38.910589
                            ],
                            [
                                114.909733,
                                38.913246
                            ],
                            [
                                114.906065,
                                38.916406
                            ],
                            [
                                114.902283,
                                38.918538
                            ],
                            [
                                114.898597,
                                38.919138
                            ],
                            [
                                114.897094,
                                38.920498
                            ],
                            [
                                114.896044,
                                38.922051
                            ],
                            [
                                114.896712,
                                38.923759
                            ],
                            [
                                114.895734,
                                38.925468
                            ],
                            [
                                114.897684,
                                38.925559
                            ],
                            [
                                114.897332,
                                38.926683
                            ],
                            [
                                114.896134,
                                38.928156
                            ],
                            [
                                114.892489,
                                38.929661
                            ],
                            [
                                114.891397,
                                38.930587
                            ],
                            [
                                114.890539,
                                38.932103
                            ],
                            [
                                114.890324,
                                38.936424
                            ],
                            [
                                114.890515,
                                38.93758
                            ],
                            [
                                114.892346,
                                38.940134
                            ],
                            [
                                114.897368,
                                38.94188
                            ],
                            [
                                114.896724,
                                38.945965
                            ],
                            [
                                114.902832,
                                38.94938
                            ],
                            [
                                114.906363,
                                38.953797
                            ],
                            [
                                114.904848,
                                38.957667
                            ],
                            [
                                114.904729,
                                38.958973
                            ],
                            [
                                114.905457,
                                38.96068
                            ],
                            [
                                114.912829,
                                38.964336
                            ],
                            [
                                114.914499,
                                38.96774
                            ],
                            [
                                114.914911,
                                38.971064
                            ],
                            [
                                114.914792,
                                38.974125
                            ],
                            [
                                114.913724,
                                38.974735
                            ],
                            [
                                114.908564,
                                38.979503
                            ],
                            [
                                114.903709,
                                38.97771
                            ],
                            [
                                114.896062,
                                38.976362
                            ],
                            [
                                114.888493,
                                38.976972
                            ],
                            [
                                114.885278,
                                38.977346
                            ],
                            [
                                114.883249,
                                38.980434
                            ],
                            [
                                114.88251,
                                38.983543
                            ],
                            [
                                114.876939,
                                38.984854
                            ],
                            [
                                114.873891,
                                38.985084
                            ],
                            [
                                114.869823,
                                38.987716
                            ],
                            [
                                114.870795,
                                38.988888
                            ],
                            [
                                114.868946,
                                38.989552
                            ],
                            [
                                114.870049,
                                38.992045
                            ],
                            [
                                114.869882,
                                38.992451
                            ],
                            [
                                114.865629,
                                38.994051
                            ],
                            [
                                114.862885,
                                38.996368
                            ],
                            [
                                114.859384,
                                39.001032
                            ],
                            [
                                114.858173,
                                39.001444
                            ],
                            [
                                114.857493,
                                39.003985
                            ],
                            [
                                114.856539,
                                39.004322
                            ],
                            [
                                114.855501,
                                39.005922
                            ],
                            [
                                114.853735,
                                39.007403
                            ],
                            [
                                114.850824,
                                39.007708
                            ],
                            [
                                114.849065,
                                39.009623
                            ],
                            [
                                114.847991,
                                39.010046
                            ],
                            [
                                114.845903,
                                39.011602
                            ],
                            [
                                114.845581,
                                39.013533
                            ],
                            [
                                114.842235,
                                39.014148
                            ],
                            [
                                114.841597,
                                39.016159
                            ],
                            [
                                114.840666,
                                39.017395
                            ],
                            [
                                114.841549,
                                39.018566
                            ],
                            [
                                114.841913,
                                39.020299
                            ],
                            [
                                114.844639,
                                39.021122
                            ],
                            [
                                114.845468,
                                39.021069
                            ],
                            [
                                114.846637,
                                39.022828
                            ],
                            [
                                114.847836,
                                39.023192
                            ],
                            [
                                114.850914,
                                39.023454
                            ],
                            [
                                114.852417,
                                39.023069
                            ],
                            [
                                114.853795,
                                39.023625
                            ],
                            [
                                114.855948,
                                39.023529
                            ],
                            [
                                114.859056,
                                39.021256
                            ],
                            [
                                114.859986,
                                39.021374
                            ],
                            [
                                114.862259,
                                39.020187
                            ],
                            [
                                114.864359,
                                39.019887
                            ],
                            [
                                114.866482,
                                39.020213
                            ],
                            [
                                114.867794,
                                39.019978
                            ],
                            [
                                114.868206,
                                39.022122
                            ],
                            [
                                114.871266,
                                39.023085
                            ],
                            [
                                114.872608,
                                39.023994
                            ],
                            [
                                114.872686,
                                39.02655
                            ],
                            [
                                114.873735,
                                39.027775
                            ],
                            [
                                114.875227,
                                39.028561
                            ],
                            [
                                114.877881,
                                39.029433
                            ],
                            [
                                114.87778,
                                39.030876
                            ],
                            [
                                114.87874,
                                39.031037
                            ],
                            [
                                114.877988,
                                39.032652
                            ],
                            [
                                114.878752,
                                39.03424
                            ],
                            [
                                114.880285,
                                39.035357
                            ],
                            [
                                114.880005,
                                39.036437
                            ],
                            [
                                114.881502,
                                39.037132
                            ],
                            [
                                114.88208,
                                39.038672
                            ],
                            [
                                114.883858,
                                39.041308
                            ],
                            [
                                114.883428,
                                39.042281
                            ],
                            [
                                114.885719,
                                39.045585
                            ],
                            [
                                114.887628,
                                39.046312
                            ],
                            [
                                114.888475,
                                39.048868
                            ],
                            [
                                114.889405,
                                39.049349
                            ],
                            [
                                114.890914,
                                39.051621
                            ],
                            [
                                114.890795,
                                39.052615
                            ],
                            [
                                114.891863,
                                39.053299
                            ],
                            [
                                114.891994,
                                39.054278
                            ],
                            [
                                114.89336,
                                39.054769
                            ],
                            [
                                114.893181,
                                39.056298
                            ],
                            [
                                114.891875,
                                39.058431
                            ],
                            [
                                114.891797,
                                39.059756
                            ],
                            [
                                114.888421,
                                39.060938
                            ],
                            [
                                114.887687,
                                39.06222
                            ],
                            [
                                114.886041,
                                39.062552
                            ],
                            [
                                114.886041,
                                39.064273
                            ],
                            [
                                114.885349,
                                39.065165
                            ],
                            [
                                114.886447,
                                39.066491
                            ],
                            [
                                114.882862,
                                39.068912
                            ],
                            [
                                114.880261,
                                39.069778
                            ],
                            [
                                114.879468,
                                39.071605
                            ],
                            [
                                114.876593,
                                39.073396
                            ],
                            [
                                114.874529,
                                39.07431
                            ],
                            [
                                114.873366,
                                39.076137
                            ],
                            [
                                114.873032,
                                39.080284
                            ],
                            [
                                114.872501,
                                39.081016
                            ],
                            [
                                114.87265,
                                39.082384
                            ],
                            [
                                114.871314,
                                39.083132
                            ],
                            [
                                114.870693,
                                39.084051
                            ],
                            [
                                114.86792,
                                39.085291
                            ],
                            [
                                114.864233,
                                39.085307
                            ],
                            [
                                114.862581,
                                39.086023
                            ],
                            [
                                114.860792,
                                39.085686
                            ],
                            [
                                114.859277,
                                39.085814
                            ],
                            [
                                114.857809,
                                39.087577
                            ],
                            [
                                114.856169,
                                39.088406
                            ],
                            [
                                114.855382,
                                39.089688
                            ],
                            [
                                114.852137,
                                39.100666
                            ],
                            [
                                114.834642,
                                39.105357
                            ],
                            [
                                114.824329,
                                39.108262
                            ],
                            [
                                114.816377,
                                39.110265
                            ],
                            [
                                114.80814,
                                39.112503
                            ],
                            [
                                114.800773,
                                39.114047
                            ],
                            [
                                114.794301,
                                39.115147
                            ],
                            [
                                114.781387,
                                39.114816
                            ],
                            [
                                114.775506,
                                39.114768
                            ],
                            [
                                114.766052,
                                39.118351
                            ],
                            [
                                114.756263,
                                39.12445
                            ],
                            [
                                114.75179,
                                39.1283
                            ],
                            [
                                114.743117,
                                39.137837
                            ],
                            [
                                114.736257,
                                39.143726
                            ],
                            [
                                114.730901,
                                39.1471
                            ],
                            [
                                114.72468,
                                39.150014
                            ],
                            [
                                114.714629,
                                39.151968
                            ],
                            [
                                114.703993,
                                39.153228
                            ],
                            [
                                114.694247,
                                39.154034
                            ],
                            [
                                114.684512,
                                39.154375
                            ],
                            [
                                114.673907,
                                39.153788
                            ],
                            [
                                114.667709,
                                39.153724
                            ],
                            [
                                114.658875,
                                39.153153
                            ],
                            [
                                114.648592,
                                39.150975
                            ],
                            [
                                114.642418,
                                39.149758
                            ],
                            [
                                114.631341,
                                39.1423
                            ],
                            [
                                114.623521,
                                39.133966
                            ],
                            [
                                114.616537,
                                39.12931
                            ],
                            [
                                114.609832,
                                39.125107
                            ],
                            [
                                114.60311,
                                39.122752
                            ],
                            [
                                114.596978,
                                39.120846
                            ],
                            [
                                114.586152,
                                39.117305
                            ],
                            [
                                114.580908,
                                39.11519
                            ],
                            [
                                114.574514,
                                39.111237
                            ],
                            [
                                114.564135,
                                39.100373
                            ],
                            [
                                114.559322,
                                39.090249
                            ],
                            [
                                114.557944,
                                39.0852
                            ],
                            [
                                114.556936,
                                39.075795
                            ],
                            [
                                114.555838,
                                39.070975
                            ],
                            [
                                114.548042,
                                39.064952
                            ],
                            [
                                114.533136,
                                39.06322
                            ],
                            [
                                114.526097,
                                39.063621
                            ],
                            [
                                114.514794,
                                39.062798
                            ],
                            [
                                114.512694,
                                39.06291
                            ],
                            [
                                114.511209,
                                39.063503
                            ],
                            [
                                114.511328,
                                39.06446
                            ],
                            [
                                114.510183,
                                39.06485
                            ],
                            [
                                114.508549,
                                39.06632
                            ],
                            [
                                114.506037,
                                39.067277
                            ],
                            [
                                114.50457,
                                39.067218
                            ],
                            [
                                114.503419,
                                39.065887
                            ],
                            [
                                114.503115,
                                39.064588
                            ],
                            [
                                114.504534,
                                39.063514
                            ],
                            [
                                114.505554,
                                39.06345
                            ],
                            [
                                114.506246,
                                39.062397
                            ],
                            [
                                114.50596,
                                39.061301
                            ],
                            [
                                114.504361,
                                39.060954
                            ],
                            [
                                114.503037,
                                39.059585
                            ],
                            [
                                114.501343,
                                39.058581
                            ],
                            [
                                114.500323,
                                39.057501
                            ],
                            [
                                114.499053,
                                39.055421
                            ],
                            [
                                114.497353,
                                39.055379
                            ],
                            [
                                114.495676,
                                39.054711
                            ],
                            [
                                114.494478,
                                39.054732
                            ],
                            [
                                114.4931,
                                39.053502
                            ],
                            [
                                114.491835,
                                39.051204
                            ],
                            [
                                114.492068,
                                39.05029
                            ],
                            [
                                114.491471,
                                39.048568
                            ],
                            [
                                114.490058,
                                39.047371
                            ],
                            [
                                114.490135,
                                39.045901
                            ],
                            [
                                114.489306,
                                39.045329
                            ],
                            [
                                114.489145,
                                39.042474
                            ],
                            [
                                114.488465,
                                39.040426
                            ],
                            [
                                114.48766,
                                39.040431
                            ],
                            [
                                114.485727,
                                39.038998
                            ],
                            [
                                114.485799,
                                39.038009
                            ],
                            [
                                114.484677,
                                39.036678
                            ],
                            [
                                114.484606,
                                39.035106
                            ],
                            [
                                114.482446,
                                39.03362
                            ],
                            [
                                114.480639,
                                39.031989
                            ],
                            [
                                114.479094,
                                39.029983
                            ],
                            [
                                114.476118,
                                39.028369
                            ],
                            [
                                114.473332,
                                39.028278
                            ],
                            [
                                114.473523,
                                39.026513
                            ],
                            [
                                114.472598,
                                39.024283
                            ],
                            [
                                114.473642,
                                39.02231
                            ],
                            [
                                114.473416,
                                39.019448
                            ],
                            [
                                114.475485,
                                39.018138
                            ],
                            [
                                114.476941,
                                39.017892
                            ],
                            [
                                114.479392,
                                39.018496
                            ],
                            [
                                114.481874,
                                39.018101
                            ],
                            [
                                114.483496,
                                39.019304
                            ],
                            [
                                114.485936,
                                39.019063
                            ],
                            [
                                114.504099,
                                39.017619
                            ],
                            [
                                114.512605,
                                39.015849
                            ],
                            [
                                114.519101,
                                39.012934
                            ],
                            [
                                114.526229,
                                39.006344
                            ],
                            [
                                114.531382,
                                38.996314
                            ],
                            [
                                114.532527,
                                38.980514
                            ],
                            [
                                114.532969,
                                38.972498
                            ],
                            [
                                114.535742,
                                38.960348
                            ],
                            [
                                114.538892,
                                38.957281
                            ],
                            [
                                114.537448,
                                38.954894
                            ],
                            [
                                114.539142,
                                38.95354
                            ],
                            [
                                114.551221,
                                38.948829
                            ],
                            [
                                114.561535,
                                38.944112
                            ],
                            [
                                114.571227,
                                38.941912
                            ],
                            [
                                114.579751,
                                38.940161
                            ],
                            [
                                114.589152,
                                38.939106
                            ],
                            [
                                114.600563,
                                38.935364
                            ],
                            [
                                114.605609,
                                38.938683
                            ],
                            [
                                114.611055,
                                38.936911
                            ],
                            [
                                114.613661,
                                38.934469
                            ],
                            [
                                114.615845,
                                38.931439
                            ],
                            [
                                114.6254,
                                38.928954
                            ],
                            [
                                114.630727,
                                38.926721
                            ],
                            [
                                114.642818,
                                38.923658
                            ],
                            [
                                114.654861,
                                38.923797
                            ],
                            [
                                114.669242,
                                38.925109
                            ],
                            [
                                114.678965,
                                38.924772
                            ],
                            [
                                114.689278,
                                38.922372
                            ],
                            [
                                114.697587,
                                38.917429
                            ],
                            [
                                114.703051,
                                38.906492
                            ],
                            [
                                114.705777,
                                38.898446
                            ],
                            [
                                114.704292,
                                38.896576
                            ],
                            [
                                114.705264,
                                38.89259
                            ],
                            [
                                114.702896,
                                38.889102
                            ],
                            [
                                114.699985,
                                38.888421
                            ],
                            [
                                114.702693,
                                38.882056
                            ],
                            [
                                114.705789,
                                38.879548
                            ],
                            [
                                114.701106,
                                38.87197
                            ],
                            [
                                114.703331,
                                38.862747
                            ],
                            [
                                114.704846,
                                38.858737
                            ],
                            [
                                114.707877,
                                38.854433
                            ],
                            [
                                114.712279,
                                38.850664
                            ],
                            [
                                114.715535,
                                38.852272
                            ],
                            [
                                114.71751,
                                38.853854
                            ],
                            [
                                114.719949,
                                38.858962
                            ],
                            [
                                114.722156,
                                38.85974
                            ],
                            [
                                114.724888,
                                38.859
                            ],
                            [
                                114.723809,
                                38.858255
                            ],
                            [
                                114.723928,
                                38.856539
                            ],
                            [
                                114.723558,
                                38.853211
                            ],
                            [
                                114.72462,
                                38.850943
                            ],
                            [
                                114.725055,
                                38.848992
                            ],
                            [
                                114.725127,
                                38.846874
                            ],
                            [
                                114.726022,
                                38.845775
                            ],
                            [
                                114.726177,
                                38.844461
                            ],
                            [
                                114.72561,
                                38.842831
                            ],
                            [
                                114.726564,
                                38.840644
                            ],
                            [
                                114.724441,
                                38.838467
                            ],
                            [
                                114.724477,
                                38.837368
                            ],
                            [
                                114.727227,
                                38.834172
                            ],
                            [
                                114.72697,
                                38.83206
                            ],
                            [
                                114.729094,
                                38.831684
                            ],
                            [
                                114.731575,
                                38.830842
                            ],
                            [
                                114.733853,
                                38.82881
                            ],
                            [
                                114.742312,
                                38.813466
                            ],
                            [
                                114.742288,
                                38.81257
                            ],
                            [
                                114.739967,
                                38.80903
                            ],
                            [
                                114.732786,
                                38.807555
                            ],
                            [
                                114.731748,
                                38.807571
                            ],
                            [
                                114.72972,
                                38.80615
                            ],
                            [
                                114.728402,
                                38.806042
                            ],
                            [
                                114.727561,
                                38.808269
                            ],
                            [
                                114.72796,
                                38.810656
                            ],
                            [
                                114.727113,
                                38.811583
                            ],
                            [
                                114.726976,
                                38.812645
                            ],
                            [
                                114.725169,
                                38.812098
                            ],
                            [
                                114.722121,
                                38.810237
                            ],
                            [
                                114.719281,
                                38.807689
                            ],
                            [
                                114.719234,
                                38.805066
                            ],
                            [
                                114.714313,
                                38.801869
                            ],
                            [
                                114.709803,
                                38.802668
                            ],
                            [
                                114.708926,
                                38.800764
                            ],
                            [
                                114.70691,
                                38.795243
                            ],
                            [
                                114.706857,
                                38.792282
                            ],
                            [
                                114.712135,
                                38.785478
                            ],
                            [
                                114.716639,
                                38.78176
                            ],
                            [
                                114.718178,
                                38.780713
                            ],
                            [
                                114.723976,
                                38.77891
                            ],
                            [
                                114.726552,
                                38.779291
                            ],
                            [
                                114.730883,
                                38.781738
                            ],
                            [
                                114.734724,
                                38.780193
                            ],
                            [
                                114.739329,
                                38.777563
                            ],
                            [
                                114.741608,
                                38.776485
                            ],
                            [
                                114.742324,
                                38.775122
                            ],
                            [
                                114.738309,
                                38.773882
                            ],
                            [
                                114.73717,
                                38.772208
                            ],
                            [
                                114.739389,
                                38.763379
                            ],
                            [
                                114.736144,
                                38.761908
                            ],
                            [
                                114.735798,
                                38.760835
                            ],
                            [
                                114.736329,
                                38.75726
                            ],
                            [
                                114.735482,
                                38.755848
                            ],
                            [
                                114.734414,
                                38.755456
                            ],
                            [
                                114.731724,
                                38.756546
                            ],
                            [
                                114.730018,
                                38.755338
                            ],
                            [
                                114.729088,
                                38.750764
                            ],
                            [
                                114.73003,
                                38.744778
                            ],
                            [
                                114.732297,
                                38.741235
                            ],
                            [
                                114.735112,
                                38.739103
                            ],
                            [
                                114.735118,
                                38.736494
                            ],
                            [
                                114.733925,
                                38.733986
                            ],
                            [
                                114.734599,
                                38.729873
                            ],
                            [
                                114.736162,
                                38.72722
                            ],
                            [
                                114.740814,
                                38.724019
                            ],
                            [
                                114.746934,
                                38.723235
                            ],
                            [
                                114.74805,
                                38.722526
                            ],
                            [
                                114.749637,
                                38.720228
                            ],
                            [
                                114.751611,
                                38.718171
                            ],
                            [
                                114.754802,
                                38.716457
                            ],
                            [
                                114.757116,
                                38.715485
                            ],
                            [
                                114.760147,
                                38.714927
                            ],
                            [
                                114.764173,
                                38.714733
                            ],
                            [
                                114.766338,
                                38.712945
                            ],
                            [
                                114.769583,
                                38.707847
                            ],
                            [
                                114.770782,
                                38.704973
                            ],
                            [
                                114.770758,
                                38.702674
                            ],
                            [
                                114.772959,
                                38.702373
                            ],
                            [
                                114.778996,
                                38.698709
                            ],
                            [
                                114.783654,
                                38.696539
                            ],
                            [
                                114.785318,
                                38.694256
                            ],
                            [
                                114.785676,
                                38.690919
                            ],
                            [
                                114.787245,
                                38.684649
                            ],
                            [
                                114.791116,
                                38.680527
                            ],
                            [
                                114.793818,
                                38.679942
                            ],
                            [
                                114.794564,
                                38.671408
                            ],
                            [
                                114.790102,
                                38.668435
                            ],
                            [
                                114.786529,
                                38.6675
                            ],
                            [
                                114.78709,
                                38.66678
                            ],
                            [
                                114.793246,
                                38.665909
                            ],
                            [
                                114.802038,
                                38.662545
                            ],
                            [
                                114.80533,
                                38.656154
                            ],
                            [
                                114.807156,
                                38.65067
                            ],
                            [
                                114.810156,
                                38.644509
                            ],
                            [
                                114.815501,
                                38.638133
                            ],
                            [
                                114.826881,
                                38.637294
                            ],
                            [
                                114.836467,
                                38.638961
                            ],
                            [
                                114.842277,
                                38.64038
                            ],
                            [
                                114.846894,
                                38.646923
                            ]
                        ]
                    ]
                ]
            }
        }
    ]
}