{
    "type": "FeatureCollection",
    "features": [
        {
            "type": "Feature",
            "properties": {
                "adcode": 130634,
                "name": "曲阳县",
                "center": [
                    114.704055,
                    38.619992
                ],
                "centroid": [
                    114.654101,
                    38.700739
                ],
                "childrenNum": 0,
                "level": "district",
                "acroutes": [
                    100000,
                    130000,
                    130600
                ],
                "parent": {
                    "adcode": 130600
                }
            },
            "geometry": {
                "type": "MultiPolygon",
                "coordinates": [
                    [
                        [
                            [
                                114.813672,
                                38.490739
                            ],
                            [
                                114.814176,
                                38.494028
                            ],
                            [
                                114.816266,
                                38.493801
                            ],
                            [
                                114.816736,
                                38.494284
                            ],
                            [
                                114.81656,
                                38.50031
                            ],
                            [
                                114.815957,
                                38.501469
                            ],
                            [
                                114.813615,
                                38.50146
                            ],
                            [
                                114.812542,
                                38.501889
                            ],
                            [
                                114.811516,
                                38.503541
                            ],
                            [
                                114.811521,
                                38.505873
                            ],
                            [
                                114.812466,
                                38.506873
                            ],
                            [
                                114.814774,
                                38.507771
                            ],
                            [
                                114.819429,
                                38.507645
                            ],
                            [
                                114.821605,
                                38.508736
                            ],
                            [
                                114.822227,
                                38.5099
                            ],
                            [
                                114.822569,
                                38.513449
                            ],
                            [
                                114.830497,
                                38.512753
                            ],
                            [
                                114.833732,
                                38.512836
                            ],
                            [
                                114.837637,
                                38.513598
                            ],
                            [
                                114.838382,
                                38.516036
                            ],
                            [
                                114.838629,
                                38.520801
                            ],
                            [
                                114.841603,
                                38.521048
                            ],
                            [
                                114.841935,
                                38.52517
                            ],
                            [
                                114.84813,
                                38.525421
                            ],
                            [
                                114.848529,
                                38.528559
                            ],
                            [
                                114.84926,
                                38.52908
                            ],
                            [
                                114.849882,
                                38.535229
                            ],
                            [
                                114.850481,
                                38.536262
                            ],
                            [
                                114.851322,
                                38.536397
                            ],
                            [
                                114.855478,
                                38.535321
                            ],
                            [
                                114.857083,
                                38.53634
                            ],
                            [
                                114.861264,
                                38.53688
                            ],
                            [
                                114.86219,
                                38.541407
                            ],
                            [
                                114.8602,
                                38.541784
                            ],
                            [
                                114.861492,
                                38.544395
                            ],
                            [
                                114.863187,
                                38.544452
                            ],
                            [
                                114.863577,
                                38.550055
                            ],
                            [
                                114.862712,
                                38.553462
                            ],
                            [
                                114.863501,
                                38.556888
                            ],
                            [
                                114.864118,
                                38.557322
                            ],
                            [
                                114.867686,
                                38.556555
                            ],
                            [
                                114.86817,
                                38.557501
                            ],
                            [
                                114.867244,
                                38.559435
                            ],
                            [
                                114.862969,
                                38.559628
                            ],
                            [
                                114.859383,
                                38.562075
                            ],
                            [
                                114.859772,
                                38.563797
                            ],
                            [
                                114.861088,
                                38.56468
                            ],
                            [
                                114.86237,
                                38.564675
                            ],
                            [
                                114.863235,
                                38.567454
                            ],
                            [
                                114.869481,
                                38.567879
                            ],
                            [
                                114.870574,
                                38.571029
                            ],
                            [
                                114.871253,
                                38.570522
                            ],
                            [
                                114.874008,
                                38.570373
                            ],
                            [
                                114.878335,
                                38.573373
                            ],
                            [
                                114.884482,
                                38.581135
                            ],
                            [
                                114.888657,
                                38.588664
                            ],
                            [
                                114.878435,
                                38.591321
                            ],
                            [
                                114.873918,
                                38.593438
                            ],
                            [
                                114.873566,
                                38.594644
                            ],
                            [
                                114.873889,
                                38.59828
                            ],
                            [
                                114.8754,
                                38.601516
                            ],
                            [
                                114.876991,
                                38.602803
                            ],
                            [
                                114.879043,
                                38.602403
                            ],
                            [
                                114.880183,
                                38.608802
                            ],
                            [
                                114.879542,
                                38.610991
                            ],
                            [
                                114.876787,
                                38.615595
                            ],
                            [
                                114.875371,
                                38.616892
                            ],
                            [
                                114.878497,
                                38.620334
                            ],
                            [
                                114.882924,
                                38.622846
                            ],
                            [
                                114.887204,
                                38.625531
                            ],
                            [
                                114.884914,
                                38.628226
                            ],
                            [
                                114.881713,
                                38.630973
                            ],
                            [
                                114.870203,
                                38.63575
                            ],
                            [
                                114.846895,
                                38.646926
                            ],
                            [
                                114.842277,
                                38.640381
                            ],
                            [
                                114.836468,
                                38.638964
                            ],
                            [
                                114.826878,
                                38.637297
                            ],
                            [
                                114.815496,
                                38.638135
                            ],
                            [
                                114.810153,
                                38.644512
                            ],
                            [
                                114.80716,
                                38.65067
                            ],
                            [
                                114.805331,
                                38.656154
                            ],
                            [
                                114.802039,
                                38.662548
                            ],
                            [
                                114.793242,
                                38.665911
                            ],
                            [
                                114.787091,
                                38.666783
                            ],
                            [
                                114.78653,
                                38.6675
                            ],
                            [
                                114.790098,
                                38.668435
                            ],
                            [
                                114.794563,
                                38.671407
                            ],
                            [
                                114.793822,
                                38.679943
                            ],
                            [
                                114.791114,
                                38.680526
                            ],
                            [
                                114.787248,
                                38.684649
                            ],
                            [
                                114.785675,
                                38.69092
                            ],
                            [
                                114.785319,
                                38.694253
                            ],
                            [
                                114.783652,
                                38.69654
                            ],
                            [
                                114.778997,
                                38.698712
                            ],
                            [
                                114.772959,
                                38.702372
                            ],
                            [
                                114.77076,
                                38.702675
                            ],
                            [
                                114.770779,
                                38.704972
                            ],
                            [
                                114.769582,
                                38.707847
                            ],
                            [
                                114.766338,
                                38.712946
                            ],
                            [
                                114.764176,
                                38.714732
                            ],
                            [
                                114.760144,
                                38.714924
                            ],
                            [
                                114.757113,
                                38.715488
                            ],
                            [
                                114.7548,
                                38.716455
                            ],
                            [
                                114.751612,
                                38.718169
                            ],
                            [
                                114.749636,
                                38.72023
                            ],
                            [
                                114.74805,
                                38.722526
                            ],
                            [
                                114.746938,
                                38.723234
                            ],
                            [
                                114.740815,
                                38.724018
                            ],
                            [
                                114.736165,
                                38.72722
                            ],
                            [
                                114.734602,
                                38.729872
                            ],
                            [
                                114.733928,
                                38.733987
                            ],
                            [
                                114.73512,
                                38.73649
                            ],
                            [
                                114.735111,
                                38.739104
                            ],
                            [
                                114.732299,
                                38.741231
                            ],
                            [
                                114.730028,
                                38.744778
                            ],
                            [
                                114.729083,
                                38.750764
                            ],
                            [
                                114.730014,
                                38.75534
                            ],
                            [
                                114.731724,
                                38.756543
                            ],
                            [
                                114.734412,
                                38.755456
                            ],
                            [
                                114.735486,
                                38.75585
                            ],
                            [
                                114.736331,
                                38.75726
                            ],
                            [
                                114.735799,
                                38.760835
                            ],
                            [
                                114.736141,
                                38.761908
                            ],
                            [
                                114.73939,
                                38.763376
                            ],
                            [
                                114.737167,
                                38.772204
                            ],
                            [
                                114.738312,
                                38.773882
                            ],
                            [
                                114.742321,
                                38.775119
                            ],
                            [
                                114.741609,
                                38.776485
                            ],
                            [
                                114.739329,
                                38.777562
                            ],
                            [
                                114.734721,
                                38.780194
                            ],
                            [
                                114.730883,
                                38.781738
                            ],
                            [
                                114.726556,
                                38.779289
                            ],
                            [
                                114.723976,
                                38.778909
                            ],
                            [
                                114.718177,
                                38.780713
                            ],
                            [
                                114.716637,
                                38.781762
                            ],
                            [
                                114.712134,
                                38.785475
                            ],
                            [
                                114.706852,
                                38.79228
                            ],
                            [
                                114.706909,
                                38.795243
                            ],
                            [
                                114.708923,
                                38.800763
                            ],
                            [
                                114.709802,
                                38.802668
                            ],
                            [
                                114.71431,
                                38.801869
                            ],
                            [
                                114.719231,
                                38.805067
                            ],
                            [
                                114.719283,
                                38.807688
                            ],
                            [
                                114.722124,
                                38.810236
                            ],
                            [
                                114.725169,
                                38.812097
                            ],
                            [
                                114.726978,
                                38.812645
                            ],
                            [
                                114.727111,
                                38.811582
                            ],
                            [
                                114.727957,
                                38.810659
                            ],
                            [
                                114.727558,
                                38.808269
                            ],
                            [
                                114.728399,
                                38.806043
                            ],
                            [
                                114.729724,
                                38.806149
                            ],
                            [
                                114.731748,
                                38.807567
                            ],
                            [
                                114.732788,
                                38.807558
                            ],
                            [
                                114.73997,
                                38.809029
                            ],
                            [
                                114.742288,
                                38.812573
                            ],
                            [
                                114.742307,
                                38.813467
                            ],
                            [
                                114.733857,
                                38.828807
                            ],
                            [
                                114.731577,
                                38.83084
                            ],
                            [
                                114.729092,
                                38.831681
                            ],
                            [
                                114.726974,
                                38.832056
                            ],
                            [
                                114.72723,
                                38.834171
                            ],
                            [
                                114.724475,
                                38.837367
                            ],
                            [
                                114.724442,
                                38.838468
                            ],
                            [
                                114.72656,
                                38.840645
                            ],
                            [
                                114.72561,
                                38.842832
                            ],
                            [
                                114.72618,
                                38.844461
                            ],
                            [
                                114.726024,
                                38.845773
                            ],
                            [
                                114.725126,
                                38.846874
                            ],
                            [
                                114.725055,
                                38.848988
                            ],
                            [
                                114.724618,
                                38.850944
                            ],
                            [
                                114.723558,
                                38.853207
                            ],
                            [
                                114.723957,
                                38.855552
                            ],
                            [
                                114.723577,
                                38.857508
                            ],
                            [
                                114.724888,
                                38.858997
                            ],
                            [
                                114.722152,
                                38.859742
                            ],
                            [
                                114.719948,
                                38.858959
                            ],
                            [
                                114.717512,
                                38.853851
                            ],
                            [
                                114.715535,
                                38.85227
                            ],
                            [
                                114.712277,
                                38.850665
                            ],
                            [
                                114.707874,
                                38.854437
                            ],
                            [
                                114.704843,
                                38.858738
                            ],
                            [
                                114.703332,
                                38.862749
                            ],
                            [
                                114.701105,
                                38.871969
                            ],
                            [
                                114.705788,
                                38.879549
                            ],
                            [
                                114.702696,
                                38.882056
                            ],
                            [
                                114.699984,
                                38.88842
                            ],
                            [
                                114.7029,
                                38.889102
                            ],
                            [
                                114.705261,
                                38.892589
                            ],
                            [
                                114.704292,
                                38.896575
                            ],
                            [
                                114.705774,
                                38.898443
                            ],
                            [
                                114.703047,
                                38.906496
                            ],
                            [
                                114.69759,
                                38.917428
                            ],
                            [
                                114.689282,
                                38.922373
                            ],
                            [
                                114.678965,
                                38.924773
                            ],
                            [
                                114.669241,
                                38.925109
                            ],
                            [
                                114.654863,
                                38.923793
                            ],
                            [
                                114.642816,
                                38.923659
                            ],
                            [
                                114.630727,
                                38.926722
                            ],
                            [
                                114.625398,
                                38.928954
                            ],
                            [
                                114.615845,
                                38.93144
                            ],
                            [
                                114.613665,
                                38.934469
                            ],
                            [
                                114.611057,
                                38.936912
                            ],
                            [
                                114.605614,
                                38.938683
                            ],
                            [
                                114.600564,
                                38.935366
                            ],
                            [
                                114.58915,
                                38.939105
                            ],
                            [
                                114.579754,
                                38.940161
                            ],
                            [
                                114.571228,
                                38.941913
                            ],
                            [
                                114.561537,
                                38.944111
                            ],
                            [
                                114.55122,
                                38.948833
                            ],
                            [
                                114.539141,
                                38.95354
                            ],
                            [
                                114.53745,
                                38.954893
                            ],
                            [
                                114.530766,
                                38.952048
                            ],
                            [
                                114.530657,
                                38.948017
                            ],
                            [
                                114.520321,
                                38.933974
                            ],
                            [
                                114.522116,
                                38.930821
                            ],
                            [
                                114.522658,
                                38.926822
                            ],
                            [
                                114.525978,
                                38.921124
                            ],
                            [
                                114.524905,
                                38.915613
                            ],
                            [
                                114.513552,
                                38.913227
                            ],
                            [
                                114.507709,
                                38.913409
                            ],
                            [
                                114.501857,
                                38.914048
                            ],
                            [
                                114.494561,
                                38.913299
                            ],
                            [
                                114.495592,
                                38.90529
                            ],
                            [
                                114.501914,
                                38.894116
                            ],
                            [
                                114.505529,
                                38.88819
                            ],
                            [
                                114.510616,
                                38.88136
                            ],
                            [
                                114.51397,
                                38.873141
                            ],
                            [
                                114.515804,
                                38.868347
                            ],
                            [
                                114.516839,
                                38.85942
                            ],
                            [
                                114.519304,
                                38.852111
                            ],
                            [
                                114.51881,
                                38.846835
                            ],
                            [
                                114.518031,
                                38.841332
                            ],
                            [
                                114.520468,
                                38.835397
                            ],
                            [
                                114.524373,
                                38.82924
                            ],
                            [
                                114.527945,
                                38.825149
                            ],
                            [
                                114.531835,
                                38.819683
                            ],
                            [
                                114.533996,
                                38.812827
                            ],
                            [
                                114.532918,
                                38.807779
                            ],
                            [
                                114.529835,
                                38.800653
                            ],
                            [
                                114.528762,
                                38.794911
                            ],
                            [
                                114.52833,
                                38.786663
                            ],
                            [
                                114.527266,
                                38.780925
                            ],
                            [
                                114.525893,
                                38.776105
                            ],
                            [
                                114.522762,
                                38.771953
                            ],
                            [
                                114.51815,
                                38.76848
                            ],
                            [
                                114.51236,
                                38.766142
                            ],
                            [
                                114.506759,
                                38.764434
                            ],
                            [
                                114.506261,
                                38.761778
                            ],
                            [
                                114.504788,
                                38.759892
                            ],
                            [
                                114.502147,
                                38.75866
                            ],
                            [
                                114.49667,
                                38.759546
                            ],
                            [
                                114.494338,
                                38.761186
                            ],
                            [
                                114.490761,
                                38.761557
                            ],
                            [
                                114.486553,
                                38.760854
                            ],
                            [
                                114.484828,
                                38.759262
                            ],
                            [
                                114.479703,
                                38.759339
                            ],
                            [
                                114.477803,
                                38.760667
                            ],
                            [
                                114.472906,
                                38.763549
                            ],
                            [
                                114.471946,
                                38.763616
                            ],
                            [
                                114.468478,
                                38.762331
                            ],
                            [
                                114.469979,
                                38.756813
                            ],
                            [
                                114.471499,
                                38.754335
                            ],
                            [
                                114.471718,
                                38.75253
                            ],
                            [
                                114.470245,
                                38.751371
                            ],
                            [
                                114.468516,
                                38.750942
                            ],
                            [
                                114.464987,
                                38.751197
                            ],
                            [
                                114.459197,
                                38.753117
                            ],
                            [
                                114.449008,
                                38.758737
                            ],
                            [
                                114.447193,
                                38.759502
                            ],
                            [
                                114.435613,
                                38.761947
                            ],
                            [
                                114.426193,
                                38.762543
                            ],
                            [
                                114.421662,
                                38.762524
                            ],
                            [
                                114.419495,
                                38.761971
                            ],
                            [
                                114.418336,
                                38.760224
                            ],
                            [
                                114.417971,
                                38.757814
                            ],
                            [
                                114.418906,
                                38.75317
                            ],
                            [
                                114.42178,
                                38.751549
                            ],
                            [
                                114.424431,
                                38.749316
                            ],
                            [
                                114.426549,
                                38.749624
                            ],
                            [
                                114.427224,
                                38.748223
                            ],
                            [
                                114.428967,
                                38.747473
                            ],
                            [
                                114.430264,
                                38.747502
                            ],
                            [
                                114.429974,
                                38.744114
                            ],
                            [
                                114.430929,
                                38.742116
                            ],
                            [
                                114.431418,
                                38.739715
                            ],
                            [
                                114.430197,
                                38.73612
                            ],
                            [
                                114.429537,
                                38.733246
                            ],
                            [
                                114.428378,
                                38.732081
                            ],
                            [
                                114.427761,
                                38.732476
                            ],
                            [
                                114.423975,
                                38.732024
                            ],
                            [
                                114.423376,
                                38.731191
                            ],
                            [
                                114.42378,
                                38.729646
                            ],
                            [
                                114.42265,
                                38.726714
                            ],
                            [
                                114.421643,
                                38.725698
                            ],
                            [
                                114.418213,
                                38.723537
                            ],
                            [
                                114.413862,
                                38.714096
                            ],
                            [
                                114.413653,
                                38.709513
                            ],
                            [
                                114.419044,
                                38.702247
                            ],
                            [
                                114.424683,
                                38.697956
                            ],
                            [
                                114.435328,
                                38.693338
                            ],
                            [
                                114.437812,
                                38.692774
                            ],
                            [
                                114.444305,
                                38.694277
                            ],
                            [
                                114.45267,
                                38.699401
                            ],
                            [
                                114.461173,
                                38.696276
                            ],
                            [
                                114.466469,
                                38.69381
                            ],
                            [
                                114.469561,
                                38.69144
                            ],
                            [
                                114.473001,
                                38.693193
                            ],
                            [
                                114.477931,
                                38.692842
                            ],
                            [
                                114.482957,
                                38.689716
                            ],
                            [
                                114.482059,
                                38.685251
                            ],
                            [
                                114.498485,
                                38.678286
                            ],
                            [
                                114.503496,
                                38.67489
                            ],
                            [
                                114.508522,
                                38.670357
                            ],
                            [
                                114.512987,
                                38.665125
                            ],
                            [
                                114.516573,
                                38.65943
                            ],
                            [
                                114.522131,
                                38.653711
                            ],
                            [
                                114.532163,
                                38.649731
                            ],
                            [
                                114.536343,
                                38.649258
                            ],
                            [
                                114.536082,
                                38.644887
                            ],
                            [
                                114.536091,
                                38.637514
                            ],
                            [
                                114.536927,
                                38.632313
                            ],
                            [
                                114.539877,
                                38.630804
                            ],
                            [
                                114.543501,
                                38.626587
                            ],
                            [
                                114.545601,
                                38.623487
                            ],
                            [
                                114.5459,
                                38.620272
                            ],
                            [
                                114.552251,
                                38.612992
                            ],
                            [
                                114.552137,
                                38.608715
                            ],
                            [
                                114.549439,
                                38.604404
                            ],
                            [
                                114.54267,
                                38.599602
                            ],
                            [
                                114.537037,
                                38.595903
                            ],
                            [
                                114.531398,
                                38.594577
                            ],
                            [
                                114.528372,
                                38.592484
                            ],
                            [
                                114.527622,
                                38.590651
                            ],
                            [
                                114.530263,
                                38.584178
                            ],
                            [
                                114.533379,
                                38.588432
                            ],
                            [
                                114.541236,
                                38.593848
                            ],
                            [
                                114.544223,
                                38.593289
                            ],
                            [
                                114.547225,
                                38.591336
                            ],
                            [
                                114.550313,
                                38.591509
                            ],
                            [
                                114.557129,
                                38.592889
                            ],
                            [
                                114.563252,
                                38.590656
                            ],
                            [
                                114.567062,
                                38.592339
                            ],
                            [
                                114.569641,
                                38.591196
                            ],
                            [
                                114.571337,
                                38.591982
                            ],
                            [
                                114.570672,
                                38.593631
                            ],
                            [
                                114.57469,
                                38.594509
                            ],
                            [
                                114.583079,
                                38.596592
                            ],
                            [
                                114.58429,
                                38.596409
                            ],
                            [
                                114.585606,
                                38.588432
                            ],
                            [
                                114.58944,
                                38.580271
                            ],
                            [
                                114.593662,
                                38.575655
                            ],
                            [
                                114.595543,
                                38.571854
                            ],
                            [
                                114.595719,
                                38.568911
                            ],
                            [
                                114.597553,
                                38.566475
                            ],
                            [
                                114.598735,
                                38.565399
                            ],
                            [
                                114.60321,
                                38.562133
                            ],
                            [
                                114.605504,
                                38.558876
                            ],
                            [
                                114.608815,
                                38.552719
                            ],
                            [
                                114.611337,
                                38.549602
                            ],
                            [
                                114.613437,
                                38.545857
                            ],
                            [
                                114.614843,
                                38.542416
                            ],
                            [
                                114.616615,
                                38.540833
                            ],
                            [
                                114.61852,
                                38.540582
                            ],
                            [
                                114.622258,
                                38.537416
                            ],
                            [
                                114.622476,
                                38.536147
                            ],
                            [
                                114.622039,
                                38.53313
                            ],
                            [
                                114.622752,
                                38.529331
                            ],
                            [
                                114.626433,
                                38.525078
                            ],
                            [
                                114.631649,
                                38.519324
                            ],
                            [
                                114.632946,
                                38.516688
                            ],
                            [
                                114.635278,
                                38.514776
                            ],
                            [
                                114.637928,
                                38.514216
                            ],
                            [
                                114.642512,
                                38.512961
                            ],
                            [
                                114.649134,
                                38.507669
                            ],
                            [
                                114.65187,
                                38.504695
                            ],
                            [
                                114.652858,
                                38.500339
                            ],
                            [
                                114.653889,
                                38.498268
                            ],
                            [
                                114.663014,
                                38.488493
                            ],
                            [
                                114.667949,
                                38.483045
                            ],
                            [
                                114.671569,
                                38.477012
                            ],
                            [
                                114.672661,
                                38.474118
                            ],
                            [
                                114.673673,
                                38.473447
                            ],
                            [
                                114.680998,
                                38.479403
                            ],
                            [
                                114.690127,
                                38.483977
                            ],
                            [
                                114.702097,
                                38.489111
                            ],
                            [
                                114.716352,
                                38.49084
                            ],
                            [
                                114.731235,
                                38.481915
                            ],
                            [
                                114.735524,
                                38.482011
                            ],
                            [
                                114.744107,
                                38.488657
                            ],
                            [
                                114.755702,
                                38.49381
                            ],
                            [
                                114.765283,
                                38.49665
                            ],
                            [
                                114.774304,
                                38.49764
                            ],
                            [
                                114.783343,
                                38.497263
                            ],
                            [
                                114.791803,
                                38.495955
                            ],
                            [
                                114.810746,
                                38.492352
                            ],
                            [
                                114.813672,
                                38.490739
                            ]
                        ]
                    ]
                ]
            }
        }
    ]
}