{
    "type": "FeatureCollection",
    "features": [
        {
            "type": "Feature",
            "properties": {
                "adcode": 130683,
                "name": "安国市",
                "center": [
                    115.33141,
                    38.421367
                ],
                "centroid": [
                    115.328755,
                    38.385303
                ],
                "childrenNum": 0,
                "level": "district",
                "acroutes": [
                    100000,
                    130000,
                    130600
                ],
                "parent": {
                    "adcode": 130600
                }
            },
            "geometry": {
                "type": "MultiPolygon",
                "coordinates": [
                    [
                        [
                            [
                                115.324713,
                                38.248151
                            ],
                            [
                                115.32986,
                                38.248138
                            ],
                            [
                                115.330431,
                                38.246422
                            ],
                            [
                                115.329467,
                                38.244702
                            ],
                            [
                                115.329983,
                                38.24459
                            ],
                            [
                                115.340385,
                                38.24527
                            ],
                            [
                                115.347644,
                                38.247329
                            ],
                            [
                                115.349562,
                                38.248096
                            ],
                            [
                                115.351235,
                                38.252023
                            ],
                            [
                                115.352892,
                                38.253976
                            ],
                            [
                                115.355119,
                                38.255215
                            ],
                            [
                                115.358665,
                                38.25584
                            ],
                            [
                                115.359613,
                                38.256446
                            ],
                            [
                                115.360051,
                                38.258932
                            ],
                            [
                                115.359332,
                                38.262018
                            ],
                            [
                                115.35687,
                                38.262213
                            ],
                            [
                                115.356489,
                                38.262974
                            ],
                            [
                                115.35619,
                                38.271774
                            ],
                            [
                                115.36185,
                                38.27187
                            ],
                            [
                                115.361676,
                                38.275732
                            ],
                            [
                                115.363517,
                                38.27594
                            ],
                            [
                                115.364645,
                                38.277701
                            ],
                            [
                                115.367004,
                                38.277422
                            ],
                            [
                                115.367778,
                                38.281308
                            ],
                            [
                                115.369096,
                                38.283424
                            ],
                            [
                                115.370424,
                                38.283681
                            ],
                            [
                                115.372181,
                                38.283396
                            ],
                            [
                                115.373574,
                                38.281735
                            ],
                            [
                                115.387641,
                                38.282793
                            ],
                            [
                                115.392025,
                                38.283822
                            ],
                            [
                                115.39362,
                                38.285586
                            ],
                            [
                                115.394468,
                                38.291472
                            ],
                            [
                                115.393949,
                                38.292399
                            ],
                            [
                                115.390619,
                                38.291966
                            ],
                            [
                                115.389788,
                                38.292242
                            ],
                            [
                                115.389327,
                                38.294204
                            ],
                            [
                                115.389633,
                                38.29917
                            ],
                            [
                                115.389539,
                                38.299522
                            ],
                            [
                                115.385768,
                                38.299747
                            ],
                            [
                                115.384414,
                                38.298958
                            ],
                            [
                                115.383083,
                                38.29907
                            ],
                            [
                                115.381503,
                                38.317899
                            ],
                            [
                                115.381036,
                                38.31836
                            ],
                            [
                                115.377861,
                                38.318094
                            ],
                            [
                                115.377323,
                                38.319707
                            ],
                            [
                                115.377152,
                                38.320976
                            ],
                            [
                                115.381075,
                                38.324876
                            ],
                            [
                                115.380891,
                                38.32594
                            ],
                            [
                                115.3818,
                                38.327545
                            ],
                            [
                                115.388956,
                                38.327866
                            ],
                            [
                                115.390848,
                                38.328334
                            ],
                            [
                                115.393124,
                                38.325084
                            ],
                            [
                                115.39236,
                                38.32428
                            ],
                            [
                                115.398333,
                                38.321267
                            ],
                            [
                                115.402478,
                                38.320126
                            ],
                            [
                                115.40537,
                                38.322283
                            ],
                            [
                                115.406421,
                                38.323703
                            ],
                            [
                                115.406837,
                                38.330641
                            ],
                            [
                                115.407433,
                                38.330984
                            ],
                            [
                                115.407552,
                                38.334307
                            ],
                            [
                                115.410195,
                                38.335543
                            ],
                            [
                                115.414534,
                                38.336524
                            ],
                            [
                                115.418944,
                                38.337793
                            ],
                            [
                                115.420897,
                                38.337947
                            ],
                            [
                                115.42237,
                                38.335438
                            ],
                            [
                                115.426716,
                                38.334271
                            ],
                            [
                                115.436428,
                                38.331118
                            ],
                            [
                                115.438965,
                                38.330987
                            ],
                            [
                                115.446559,
                                38.330308
                            ],
                            [
                                115.462083,
                                38.327331
                            ],
                            [
                                115.46268,
                                38.327526
                            ],
                            [
                                115.463002,
                                38.329308
                            ],
                            [
                                115.464594,
                                38.330234
                            ],
                            [
                                115.467712,
                                38.331057
                            ],
                            [
                                115.470526,
                                38.331269
                            ],
                            [
                                115.475677,
                                38.330019
                            ],
                            [
                                115.477904,
                                38.328926
                            ],
                            [
                                115.483149,
                                38.328026
                            ],
                            [
                                115.483832,
                                38.328814
                            ],
                            [
                                115.483942,
                                38.330583
                            ],
                            [
                                115.48253,
                                38.334922
                            ],
                            [
                                115.481634,
                                38.334938
                            ],
                            [
                                115.47841,
                                38.335422
                            ],
                            [
                                115.476673,
                                38.335088
                            ],
                            [
                                115.474942,
                                38.334499
                            ],
                            [
                                115.476483,
                                38.338475
                            ],
                            [
                                115.472469,
                                38.339017
                            ],
                            [
                                115.471506,
                                38.340148
                            ],
                            [
                                115.47383,
                                38.35352
                            ],
                            [
                                115.479771,
                                38.352883
                            ],
                            [
                                115.480128,
                                38.355
                            ],
                            [
                                115.48321,
                                38.358229
                            ],
                            [
                                115.48448,
                                38.358809
                            ],
                            [
                                115.487694,
                                38.358411
                            ],
                            [
                                115.488693,
                                38.358853
                            ],
                            [
                                115.490617,
                                38.363616
                            ],
                            [
                                115.491575,
                                38.37041
                            ],
                            [
                                115.491385,
                                38.372594
                            ],
                            [
                                115.490292,
                                38.37301
                            ],
                            [
                                115.485782,
                                38.373138
                            ],
                            [
                                115.484506,
                                38.373974
                            ],
                            [
                                115.482672,
                                38.377782
                            ],
                            [
                                115.483213,
                                38.381416
                            ],
                            [
                                115.484744,
                                38.390026
                            ],
                            [
                                115.48557,
                                38.390103
                            ],
                            [
                                115.486372,
                                38.397531
                            ],
                            [
                                115.487323,
                                38.4007
                            ],
                            [
                                115.488039,
                                38.400902
                            ],
                            [
                                115.490659,
                                38.400335
                            ],
                            [
                                115.491165,
                                38.40087
                            ],
                            [
                                115.490792,
                                38.406744
                            ],
                            [
                                115.502319,
                                38.405505
                            ],
                            [
                                115.502138,
                                38.410934
                            ],
                            [
                                115.488406,
                                38.412317
                            ],
                            [
                                115.488445,
                                38.413703
                            ],
                            [
                                115.467573,
                                38.416168
                            ],
                            [
                                115.467592,
                                38.417297
                            ],
                            [
                                115.461329,
                                38.418139
                            ],
                            [
                                115.462122,
                                38.421356
                            ],
                            [
                                115.46052,
                                38.421852
                            ],
                            [
                                115.455546,
                                38.422274
                            ],
                            [
                                115.45554,
                                38.422636
                            ],
                            [
                                115.45367,
                                38.421912
                            ],
                            [
                                115.452158,
                                38.421109
                            ],
                            [
                                115.451633,
                                38.41683
                            ],
                            [
                                115.454057,
                                38.414734
                            ],
                            [
                                115.453496,
                                38.4104
                            ],
                            [
                                115.4529,
                                38.409676
                            ],
                            [
                                115.445644,
                                38.406405
                            ],
                            [
                                115.434397,
                                38.407461
                            ],
                            [
                                115.423615,
                                38.411555
                            ],
                            [
                                115.420968,
                                38.415668
                            ],
                            [
                                115.415114,
                                38.42229
                            ],
                            [
                                115.40811,
                                38.426156
                            ],
                            [
                                115.401102,
                                38.428419
                            ],
                            [
                                115.398446,
                                38.433673
                            ],
                            [
                                115.396067,
                                38.442594
                            ],
                            [
                                115.393959,
                                38.45358
                            ],
                            [
                                115.391873,
                                38.460665
                            ],
                            [
                                115.390365,
                                38.470734
                            ],
                            [
                                115.385359,
                                38.479416
                            ],
                            [
                                115.378902,
                                38.485108
                            ],
                            [
                                115.372442,
                                38.490336
                            ],
                            [
                                115.36773,
                                38.497184
                            ],
                            [
                                115.364764,
                                38.504269
                            ],
                            [
                                115.364416,
                                38.511822
                            ],
                            [
                                115.36526,
                                38.518701
                            ],
                            [
                                115.366682,
                                38.525118
                            ],
                            [
                                115.35813,
                                38.536517
                            ],
                            [
                                115.352276,
                                38.538085
                            ],
                            [
                                115.347792,
                                38.538434
                            ],
                            [
                                115.347212,
                                38.537485
                            ],
                            [
                                115.336136,
                                38.536465
                            ],
                            [
                                115.333168,
                                38.539392
                            ],
                            [
                                115.330437,
                                38.539252
                            ],
                            [
                                115.329216,
                                38.538983
                            ],
                            [
                                115.324471,
                                38.538942
                            ],
                            [
                                115.324049,
                                38.538833
                            ],
                            [
                                115.319281,
                                38.538913
                            ],
                            [
                                115.318285,
                                38.53799
                            ],
                            [
                                115.316941,
                                38.538121
                            ],
                            [
                                115.314842,
                                38.545377
                            ],
                            [
                                115.314507,
                                38.55076
                            ],
                            [
                                115.312589,
                                38.550916
                            ],
                            [
                                115.308576,
                                38.554894
                            ],
                            [
                                115.303725,
                                38.552897
                            ],
                            [
                                115.300047,
                                38.550447
                            ],
                            [
                                115.298619,
                                38.544255
                            ],
                            [
                                115.299515,
                                38.53876
                            ],
                            [
                                115.301591,
                                38.532589
                            ],
                            [
                                115.303976,
                                38.526649
                            ],
                            [
                                115.304869,
                                38.520701
                            ],
                            [
                                115.302867,
                                38.51382
                            ],
                            [
                                115.294702,
                                38.510115
                            ],
                            [
                                115.286527,
                                38.509387
                            ],
                            [
                                115.28039,
                                38.509591
                            ],
                            [
                                115.273969,
                                38.509556
                            ],
                            [
                                115.263825,
                                38.511138
                            ],
                            [
                                115.258126,
                                38.50385
                            ],
                            [
                                115.25466,
                                38.498796
                            ],
                            [
                                115.25006,
                                38.491673
                            ],
                            [
                                115.246012,
                                38.486387
                            ],
                            [
                                115.242837,
                                38.482016
                            ],
                            [
                                115.24126,
                                38.478905
                            ],
                            [
                                115.24119,
                                38.477958
                            ],
                            [
                                115.241799,
                                38.477123
                            ],
                            [
                                115.249912,
                                38.46854
                            ],
                            [
                                115.252043,
                                38.468006
                            ],
                            [
                                115.253284,
                                38.46963
                            ],
                            [
                                115.25341,
                                38.46734
                            ],
                            [
                                115.253942,
                                38.466477
                            ],
                            [
                                115.255727,
                                38.464737
                            ],
                            [
                                115.256253,
                                38.463876
                            ],
                            [
                                115.256414,
                                38.463013
                            ],
                            [
                                115.255863,
                                38.462453
                            ],
                            [
                                115.254957,
                                38.462607
                            ],
                            [
                                115.251111,
                                38.461503
                            ],
                            [
                                115.248388,
                                38.461391
                            ],
                            [
                                115.246389,
                                38.461554
                            ],
                            [
                                115.245283,
                                38.460998
                            ],
                            [
                                115.244535,
                                38.459862
                            ],
                            [
                                115.243575,
                                38.457153
                            ],
                            [
                                115.243178,
                                38.455585
                            ],
                            [
                                115.242408,
                                38.453164
                            ],
                            [
                                115.241119,
                                38.451996
                            ],
                            [
                                115.239839,
                                38.453308
                            ],
                            [
                                115.238904,
                                38.454463
                            ],
                            [
                                115.235487,
                                38.45532
                            ],
                            [
                                115.234175,
                                38.454894
                            ],
                            [
                                115.232074,
                                38.446356
                            ],
                            [
                                115.230871,
                                38.440168
                            ],
                            [
                                115.229163,
                                38.430431
                            ],
                            [
                                115.229749,
                                38.429286
                            ],
                            [
                                115.23346,
                                38.428863
                            ],
                            [
                                115.231958,
                                38.420463
                            ],
                            [
                                115.229943,
                                38.414167
                            ],
                            [
                                115.228331,
                                38.412285
                            ],
                            [
                                115.210873,
                                38.412093
                            ],
                            [
                                115.203562,
                                38.412679
                            ],
                            [
                                115.203124,
                                38.412944
                            ],
                            [
                                115.203394,
                                38.414324
                            ],
                            [
                                115.202995,
                                38.414878
                            ],
                            [
                                115.200871,
                                38.415899
                            ],
                            [
                                115.200597,
                                38.41233
                            ],
                            [
                                115.200996,
                                38.411306
                            ],
                            [
                                115.207882,
                                38.408915
                            ],
                            [
                                115.210983,
                                38.408578
                            ],
                            [
                                115.214873,
                                38.40879
                            ],
                            [
                                115.215302,
                                38.408422
                            ],
                            [
                                115.215183,
                                38.407445
                            ],
                            [
                                115.216263,
                                38.406373
                            ],
                            [
                                115.216488,
                                38.405601
                            ],
                            [
                                115.217085,
                                38.404724
                            ],
                            [
                                115.217281,
                                38.403428
                            ],
                            [
                                115.217645,
                                38.402778
                            ],
                            [
                                115.218728,
                                38.401594
                            ],
                            [
                                115.219657,
                                38.399794
                            ],
                            [
                                115.220746,
                                38.398748
                            ],
                            [
                                115.219357,
                                38.399103
                            ],
                            [
                                115.217745,
                                38.397032
                            ],
                            [
                                115.216449,
                                38.39416
                            ],
                            [
                                115.216256,
                                38.390548
                            ],
                            [
                                115.215395,
                                38.389892
                            ],
                            [
                                115.212813,
                                38.389242
                            ],
                            [
                                115.21076,
                                38.389562
                            ],
                            [
                                115.210531,
                                38.391077
                            ],
                            [
                                115.20872,
                                38.390949
                            ],
                            [
                                115.201232,
                                38.390174
                            ],
                            [
                                115.201325,
                                38.386648
                            ],
                            [
                                115.198131,
                                38.384599
                            ],
                            [
                                115.195935,
                                38.379159
                            ],
                            [
                                115.194449,
                                38.379626
                            ],
                            [
                                115.192773,
                                38.379886
                            ],
                            [
                                115.187203,
                                38.378009
                            ],
                            [
                                115.1873,
                                38.374794
                            ],
                            [
                                115.187532,
                                38.373385
                            ],
                            [
                                115.184537,
                                38.37309
                            ],
                            [
                                115.181991,
                                38.372155
                            ],
                            [
                                115.179976,
                                38.37072
                            ],
                            [
                                115.184663,
                                38.36934
                            ],
                            [
                                115.184679,
                                38.368427
                            ],
                            [
                                115.188028,
                                38.364539
                            ],
                            [
                                115.191993,
                                38.363581
                            ],
                            [
                                115.20107,
                                38.362319
                            ],
                            [
                                115.20273,
                                38.361464
                            ],
                            [
                                115.202334,
                                38.359818
                            ],
                            [
                                115.202698,
                                38.35895
                            ],
                            [
                                115.204752,
                                38.35746
                            ],
                            [
                                115.213258,
                                38.354878
                            ],
                            [
                                115.21614,
                                38.345681
                            ],
                            [
                                115.214789,
                                38.342189
                            ],
                            [
                                115.213929,
                                38.342275
                            ],
                            [
                                115.21105,
                                38.34001
                            ],
                            [
                                115.21389,
                                38.334505
                            ],
                            [
                                115.214328,
                                38.332596
                            ],
                            [
                                115.214029,
                                38.331541
                            ],
                            [
                                115.212169,
                                38.326472
                            ],
                            [
                                115.212078,
                                38.32427
                            ],
                            [
                                115.213042,
                                38.323533
                            ],
                            [
                                115.217633,
                                38.322174
                            ],
                            [
                                115.228164,
                                38.318357
                            ],
                            [
                                115.228083,
                                38.315822
                            ],
                            [
                                115.226178,
                                38.309995
                            ],
                            [
                                115.226017,
                                38.309341
                            ],
                            [
                                115.226326,
                                38.308636
                            ],
                            [
                                115.228193,
                                38.307216
                            ],
                            [
                                115.228002,
                                38.304719
                            ],
                            [
                                115.228515,
                                38.304171
                            ],
                            [
                                115.23521,
                                38.304023
                            ],
                            [
                                115.238089,
                                38.303526
                            ],
                            [
                                115.239294,
                                38.301315
                            ],
                            [
                                115.239871,
                                38.298663
                            ],
                            [
                                115.239707,
                                38.296817
                            ],
                            [
                                115.242969,
                                38.296701
                            ],
                            [
                                115.243984,
                                38.295707
                            ],
                            [
                                115.244793,
                                38.293652
                            ],
                            [
                                115.244871,
                                38.291434
                            ],
                            [
                                115.24558,
                                38.29145
                            ],
                            [
                                115.245683,
                                38.286868
                            ],
                            [
                                115.248304,
                                38.286919
                            ],
                            [
                                115.248217,
                                38.288067
                            ],
                            [
                                115.250963,
                                38.287529
                            ],
                            [
                                115.252211,
                                38.290943
                            ],
                            [
                                115.258045,
                                38.288519
                            ],
                            [
                                115.26182,
                                38.286602
                            ],
                            [
                                115.264885,
                                38.287699
                            ],
                            [
                                115.265814,
                                38.287663
                            ],
                            [
                                115.265639,
                                38.282543
                            ],
                            [
                                115.265726,
                                38.279782
                            ],
                            [
                                115.265598,
                                38.277505
                            ],
                            [
                                115.266068,
                                38.275132
                            ],
                            [
                                115.268473,
                                38.275196
                            ],
                            [
                                115.268731,
                                38.272704
                            ],
                            [
                                115.263796,
                                38.272685
                            ],
                            [
                                115.261143,
                                38.272874
                            ],
                            [
                                115.261101,
                                38.269407
                            ],
                            [
                                115.261262,
                                38.265055
                            ],
                            [
                                115.263193,
                                38.261149
                            ],
                            [
                                115.264015,
                                38.260555
                            ],
                            [
                                115.266374,
                                38.260504
                            ],
                            [
                                115.268508,
                                38.259866
                            ],
                            [
                                115.273227,
                                38.257736
                            ],
                            [
                                115.274327,
                                38.256151
                            ],
                            [
                                115.273763,
                                38.25287
                            ],
                            [
                                115.271577,
                                38.244805
                            ],
                            [
                                115.271538,
                                38.242273
                            ],
                            [
                                115.273592,
                                38.240297
                            ],
                            [
                                115.278391,
                                38.23842
                            ],
                            [
                                115.292578,
                                38.23474
                            ],
                            [
                                115.302777,
                                38.235282
                            ],
                            [
                                115.30385,
                                38.235917
                            ],
                            [
                                115.303912,
                                38.237387
                            ],
                            [
                                115.303657,
                                38.240104
                            ],
                            [
                                115.304137,
                                38.241292
                            ],
                            [
                                115.306168,
                                38.243342
                            ],
                            [
                                115.309427,
                                38.245276
                            ],
                            [
                                115.312415,
                                38.246787
                            ],
                            [
                                115.318024,
                                38.246713
                            ],
                            [
                                115.324767,
                                38.248975
                            ],
                            [
                                115.324713,
                                38.248151
                            ]
                        ]
                    ]
                ]
            }
        }
    ]
}