{
    "type": "FeatureCollection",
    "features": [
        {
            "type": "Feature",
            "properties": {
                "adcode": 130708,
                "name": "万全区",
                "center": [
                    114.736131,
                    40.765136
                ],
                "centroid": [
                    114.606604,
                    40.838387
                ],
                "childrenNum": 0,
                "level": "district",
                "acroutes": [
                    100000,
                    130000,
                    130700
                ],
                "parent": {
                    "adcode": 130700
                }
            },
            "geometry": {
                "type": "MultiPolygon",
                "coordinates": [
                    [
                        [
                            [
                                114.806636,
                                40.964929
                            ],
                            [
                                114.805844,
                                40.970088
                            ],
                            [
                                114.803727,
                                40.97283
                            ],
                            [
                                114.801605,
                                40.976256
                            ],
                            [
                                114.800393,
                                40.978997
                            ],
                            [
                                114.799484,
                                40.982656
                            ],
                            [
                                114.796027,
                                40.986406
                            ],
                            [
                                114.789569,
                                40.990654
                            ],
                            [
                                114.785859,
                                40.993574
                            ],
                            [
                                114.782192,
                                40.995117
                            ],
                            [
                                114.772385,
                                41.000227
                            ],
                            [
                                114.764397,
                                41.004673
                            ],
                            [
                                114.76011,
                                41.006659
                            ],
                            [
                                114.755553,
                                41.007271
                            ],
                            [
                                114.751896,
                                41.008124
                            ],
                            [
                                114.747365,
                                41.008039
                            ],
                            [
                                114.736795,
                                41.00739
                            ],
                            [
                                114.726763,
                                41.008811
                            ],
                            [
                                114.718237,
                                41.010472
                            ],
                            [
                                114.71396,
                                41.011541
                            ],
                            [
                                114.709086,
                                41.012363
                            ],
                            [
                                114.702686,
                                41.013612
                            ],
                            [
                                114.684769,
                                41.01463
                            ],
                            [
                                114.680516,
                                41.015009
                            ],
                            [
                                114.673862,
                                41.014643
                            ],
                            [
                                114.668744,
                                41.013392
                            ],
                            [
                                114.665116,
                                41.013091
                            ],
                            [
                                114.660306,
                                41.011616
                            ],
                            [
                                114.657617,
                                41.010648
                            ],
                            [
                                114.65222,
                                41.008476
                            ],
                            [
                                114.645361,
                                41.005133
                            ],
                            [
                                114.640262,
                                41.003428
                            ],
                            [
                                114.632767,
                                41.000755
                            ],
                            [
                                114.624662,
                                40.998762
                            ],
                            [
                                114.618067,
                                40.997033
                            ],
                            [
                                114.611448,
                                40.995527
                            ],
                            [
                                114.600071,
                                40.992336
                            ],
                            [
                                114.591369,
                                40.990336
                            ],
                            [
                                114.586251,
                                40.990014
                            ],
                            [
                                114.569062,
                                40.989703
                            ],
                            [
                                114.562115,
                                40.990041
                            ],
                            [
                                114.555462,
                                40.99061
                            ],
                            [
                                114.551247,
                                40.990542
                            ],
                            [
                                114.539862,
                                40.988515
                            ],
                            [
                                114.535105,
                                40.986829
                            ],
                            [
                                114.531844,
                                40.985164
                            ],
                            [
                                114.529781,
                                40.98399
                            ],
                            [
                                114.527121,
                                40.982111
                            ],
                            [
                                114.52388,
                                40.979993
                            ],
                            [
                                114.518273,
                                40.976689
                            ],
                            [
                                114.515667,
                                40.973439
                            ],
                            [
                                114.508104,
                                40.965745
                            ],
                            [
                                114.504863,
                                40.963402
                            ],
                            [
                                114.500752,
                                40.960582
                            ],
                            [
                                114.495173,
                                40.956363
                            ],
                            [
                                114.491918,
                                40.954931
                            ],
                            [
                                114.487747,
                                40.953481
                            ],
                            [
                                114.480307,
                                40.951067
                            ],
                            [
                                114.46896,
                                40.948578
                            ],
                            [
                                114.46237,
                                40.947542
                            ],
                            [
                                114.453717,
                                40.945087
                            ],
                            [
                                114.449571,
                                40.94295
                            ],
                            [
                                114.443411,
                                40.938252
                            ],
                            [
                                114.440781,
                                40.935678
                            ],
                            [
                                114.437887,
                                40.932189
                            ],
                            [
                                114.435262,
                                40.929615
                            ],
                            [
                                114.432099,
                                40.924971
                            ],
                            [
                                114.430402,
                                40.921959
                            ],
                            [
                                114.429073,
                                40.916664
                            ],
                            [
                                114.426848,
                                40.911348
                            ],
                            [
                                114.424599,
                                40.906259
                            ],
                            [
                                114.421774,
                                40.901162
                            ],
                            [
                                114.420082,
                                40.897461
                            ],
                            [
                                114.417222,
                                40.893049
                            ],
                            [
                                114.41491,
                                40.890029
                            ],
                            [
                                114.410236,
                                40.885806
                            ],
                            [
                                114.406404,
                                40.883202
                            ],
                            [
                                114.402903,
                                40.879694
                            ],
                            [
                                114.397887,
                                40.876375
                            ],
                            [
                                114.394074,
                                40.873087
                            ],
                            [
                                114.38966,
                                40.869785
                            ],
                            [
                                114.383998,
                                40.867601
                            ],
                            [
                                114.379584,
                                40.864299
                            ],
                            [
                                114.37604,
                                40.862152
                            ],
                            [
                                114.373708,
                                40.859582
                            ],
                            [
                                114.37317,
                                40.857734
                            ],
                            [
                                114.371786,
                                40.854268
                            ],
                            [
                                114.371283,
                                40.851274
                            ],
                            [
                                114.370491,
                                40.848052
                            ],
                            [
                                114.370041,
                                40.843687
                            ],
                            [
                                114.370349,
                                40.834753
                            ],
                            [
                                114.371845,
                                40.82677
                            ],
                            [
                                114.372837,
                                40.82427
                            ],
                            [
                                114.375101,
                                40.819968
                            ],
                            [
                                114.380542,
                                40.811149
                            ],
                            [
                                114.383114,
                                40.806618
                            ],
                            [
                                114.386272,
                                40.802566
                            ],
                            [
                                114.387587,
                                40.799614
                            ],
                            [
                                114.388628,
                                40.795514
                            ],
                            [
                                114.389102,
                                40.790711
                            ],
                            [
                                114.388061,
                                40.786104
                            ],
                            [
                                114.386105,
                                40.781253
                            ],
                            [
                                114.385949,
                                40.777352
                            ],
                            [
                                114.384678,
                                40.770453
                            ],
                            [
                                114.38282,
                                40.763074
                            ],
                            [
                                114.382341,
                                40.759627
                            ],
                            [
                                114.382757,
                                40.756428
                            ],
                            [
                                114.382566,
                                40.753215
                            ],
                            [
                                114.380904,
                                40.749058
                            ],
                            [
                                114.37801,
                                40.745556
                            ],
                            [
                                114.373326,
                                40.741554
                            ],
                            [
                                114.359731,
                                40.73369
                            ],
                            [
                                114.356768,
                                40.732243
                            ],
                            [
                                114.352862,
                                40.731587
                            ],
                            [
                                114.355355,
                                40.729453
                            ],
                            [
                                114.353815,
                                40.718893
                            ],
                            [
                                114.361877,
                                40.715345
                            ],
                            [
                                114.379657,
                                40.715807
                            ],
                            [
                                114.401725,
                                40.707342
                            ],
                            [
                                114.433433,
                                40.703583
                            ],
                            [
                                114.462277,
                                40.695958
                            ],
                            [
                                114.492367,
                                40.68081
                            ],
                            [
                                114.50611,
                                40.681088
                            ],
                            [
                                114.529874,
                                40.676314
                            ],
                            [
                                114.543655,
                                40.675849
                            ],
                            [
                                114.556342,
                                40.678365
                            ],
                            [
                                114.563249,
                                40.677756
                            ],
                            [
                                114.588602,
                                40.684325
                            ],
                            [
                                114.596512,
                                40.68374
                            ],
                            [
                                114.603298,
                                40.686902
                            ],
                            [
                                114.618033,
                                40.688741
                            ],
                            [
                                114.619949,
                                40.690288
                            ],
                            [
                                114.651462,
                                40.693283
                            ],
                            [
                                114.669105,
                                40.697458
                            ],
                            [
                                114.682613,
                                40.706801
                            ],
                            [
                                114.688245,
                                40.715202
                            ],
                            [
                                114.698927,
                                40.720718
                            ],
                            [
                                114.718726,
                                40.720415
                            ],
                            [
                                114.735363,
                                40.725305
                            ],
                            [
                                114.746211,
                                40.725546
                            ],
                            [
                                114.751232,
                                40.723395
                            ],
                            [
                                114.760188,
                                40.721329
                            ],
                            [
                                114.764412,
                                40.71699
                            ],
                            [
                                114.764944,
                                40.716847
                            ],
                            [
                                114.767985,
                                40.715383
                            ],
                            [
                                114.771016,
                                40.713707
                            ],
                            [
                                114.773114,
                                40.711971
                            ],
                            [
                                114.776438,
                                40.709925
                            ],
                            [
                                114.782617,
                                40.70535
                            ],
                            [
                                114.785472,
                                40.703834
                            ],
                            [
                                114.789774,
                                40.702566
                            ],
                            [
                                114.795128,
                                40.704714
                            ],
                            [
                                114.796008,
                                40.704745
                            ],
                            [
                                114.796179,
                                40.708446
                            ],
                            [
                                114.794722,
                                40.70827
                            ],
                            [
                                114.795162,
                                40.70881
                            ],
                            [
                                114.796848,
                                40.711498
                            ],
                            [
                                114.797425,
                                40.712722
                            ],
                            [
                                114.796614,
                                40.713072
                            ],
                            [
                                114.794135,
                                40.713806
                            ],
                            [
                                114.795426,
                                40.713993
                            ],
                            [
                                114.796306,
                                40.715338
                            ],
                            [
                                114.799752,
                                40.714329
                            ],
                            [
                                114.804846,
                                40.712463
                            ],
                            [
                                114.805282,
                                40.713411
                            ],
                            [
                                114.806269,
                                40.714784
                            ],
                            [
                                114.806905,
                                40.716212
                            ],
                            [
                                114.807193,
                                40.717228
                            ],
                            [
                                114.803859,
                                40.717265
                            ],
                            [
                                114.803238,
                                40.718254
                            ],
                            [
                                114.803047,
                                40.7189
                            ],
                            [
                                114.804128,
                                40.719895
                            ],
                            [
                                114.805497,
                                40.721394
                            ],
                            [
                                114.806118,
                                40.722274
                            ],
                            [
                                114.803605,
                                40.723562
                            ],
                            [
                                114.808107,
                                40.726572
                            ],
                            [
                                114.808005,
                                40.727398
                            ],
                            [
                                114.806338,
                                40.729171
                            ],
                            [
                                114.806225,
                                40.729416
                            ],
                            [
                                114.805805,
                                40.734662
                            ],
                            [
                                114.801551,
                                40.74147
                            ],
                            [
                                114.79985,
                                40.741955
                            ],
                            [
                                114.79702,
                                40.742988
                            ],
                            [
                                114.801527,
                                40.74453
                            ],
                            [
                                114.801131,
                                40.74523
                            ],
                            [
                                114.80559,
                                40.746381
                            ],
                            [
                                114.806298,
                                40.746004
                            ],
                            [
                                114.808694,
                                40.750654
                            ],
                            [
                                114.810112,
                                40.749876
                            ],
                            [
                                114.812292,
                                40.7526
                            ],
                            [
                                114.812424,
                                40.753782
                            ],
                            [
                                114.817787,
                                40.753602
                            ],
                            [
                                114.817968,
                                40.75476
                            ],
                            [
                                114.817567,
                                40.755661
                            ],
                            [
                                114.818163,
                                40.755813
                            ],
                            [
                                114.818281,
                                40.756802
                            ],
                            [
                                114.826421,
                                40.75746
                            ],
                            [
                                114.825643,
                                40.758439
                            ],
                            [
                                114.824768,
                                40.75926
                            ],
                            [
                                114.824519,
                                40.759773
                            ],
                            [
                                114.826127,
                                40.759814
                            ],
                            [
                                114.825765,
                                40.761349
                            ],
                            [
                                114.830899,
                                40.762439
                            ],
                            [
                                114.82841,
                                40.766205
                            ],
                            [
                                114.827442,
                                40.766993
                            ],
                            [
                                114.826191,
                                40.768365
                            ],
                            [
                                114.824411,
                                40.770541
                            ],
                            [
                                114.823722,
                                40.771556
                            ],
                            [
                                114.82335,
                                40.772432
                            ],
                            [
                                114.823179,
                                40.774184
                            ],
                            [
                                114.823438,
                                40.774476
                            ],
                            [
                                114.821366,
                                40.777471
                            ],
                            [
                                114.820588,
                                40.778853
                            ],
                            [
                                114.821234,
                                40.779593
                            ],
                            [
                                114.822822,
                                40.779773
                            ],
                            [
                                114.823184,
                                40.780075
                            ],
                            [
                                114.823297,
                                40.780866
                            ],
                            [
                                114.824225,
                                40.781742
                            ],
                            [
                                114.825169,
                                40.781732
                            ],
                            [
                                114.827447,
                                40.780584
                            ],
                            [
                                114.829021,
                                40.780031
                            ],
                            [
                                114.829471,
                                40.780465
                            ],
                            [
                                114.82994,
                                40.780248
                            ],
                            [
                                114.830273,
                                40.780479
                            ],
                            [
                                114.830336,
                                40.781467
                            ],
                            [
                                114.830972,
                                40.781905
                            ],
                            [
                                114.833578,
                                40.783032
                            ],
                            [
                                114.833861,
                                40.783297
                            ],
                            [
                                114.834306,
                                40.784801
                            ],
                            [
                                114.835998,
                                40.786926
                            ],
                            [
                                114.836643,
                                40.788043
                            ],
                            [
                                114.836804,
                                40.789295
                            ],
                            [
                                114.83657,
                                40.791318
                            ],
                            [
                                114.836824,
                                40.792533
                            ],
                            [
                                114.83675,
                                40.793735
                            ],
                            [
                                114.836486,
                                40.795286
                            ],
                            [
                                114.837146,
                                40.795958
                            ],
                            [
                                114.838818,
                                40.796786
                            ],
                            [
                                114.840349,
                                40.798168
                            ],
                            [
                                114.840969,
                                40.799037
                            ],
                            [
                                114.841238,
                                40.799739
                            ],
                            [
                                114.841732,
                                40.802692
                            ],
                            [
                                114.841493,
                                40.8039
                            ],
                            [
                                114.840256,
                                40.805305
                            ],
                            [
                                114.839904,
                                40.807586
                            ],
                            [
                                114.838941,
                                40.809676
                            ],
                            [
                                114.837503,
                                40.810619
                            ],
                            [
                                114.837054,
                                40.811128
                            ],
                            [
                                114.837171,
                                40.812757
                            ],
                            [
                                114.836838,
                                40.814895
                            ],
                            [
                                114.835856,
                                40.816683
                            ],
                            [
                                114.835655,
                                40.817599
                            ],
                            [
                                114.835597,
                                40.818963
                            ],
                            [
                                114.835787,
                                40.819639
                            ],
                            [
                                114.835616,
                                40.82066
                            ],
                            [
                                114.835049,
                                40.821535
                            ],
                            [
                                114.833509,
                                40.82278
                            ],
                            [
                                114.832869,
                                40.823466
                            ],
                            [
                                114.831549,
                                40.825467
                            ],
                            [
                                114.830962,
                                40.827367
                            ],
                            [
                                114.83042,
                                40.828029
                            ],
                            [
                                114.829144,
                                40.829091
                            ],
                            [
                                114.829114,
                                40.831459
                            ],
                            [
                                114.828875,
                                40.832751
                            ],
                            [
                                114.828557,
                                40.833416
                            ],
                            [
                                114.827418,
                                40.834658
                            ],
                            [
                                114.826802,
                                40.835706
                            ],
                            [
                                114.826802,
                                40.836435
                            ],
                            [
                                114.825071,
                                40.83771
                            ],
                            [
                                114.823957,
                                40.838246
                            ],
                            [
                                114.822001,
                                40.838772
                            ],
                            [
                                114.819782,
                                40.838942
                            ],
                            [
                                114.818848,
                                40.83943
                            ],
                            [
                                114.818276,
                                40.840183
                            ],
                            [
                                114.817132,
                                40.842425
                            ],
                            [
                                114.817279,
                                40.84349
                            ],
                            [
                                114.816746,
                                40.844403
                            ],
                            [
                                114.815812,
                                40.845115
                            ],
                            [
                                114.815005,
                                40.846024
                            ],
                            [
                                114.814854,
                                40.846438
                            ],
                            [
                                114.81501,
                                40.847998
                            ],
                            [
                                114.814208,
                                40.849385
                            ],
                            [
                                114.81237,
                                40.851145
                            ],
                            [
                                114.811275,
                                40.851854
                            ],
                            [
                                114.809603,
                                40.852033
                            ],
                            [
                                114.808904,
                                40.852457
                            ],
                            [
                                114.807467,
                                40.853807
                            ],
                            [
                                114.806553,
                                40.854485
                            ],
                            [
                                114.805321,
                                40.855855
                            ],
                            [
                                114.805169,
                                40.856947
                            ],
                            [
                                114.805756,
                                40.857812
                            ],
                            [
                                114.806841,
                                40.858263
                            ],
                            [
                                114.80777,
                                40.85908
                            ],
                            [
                                114.808019,
                                40.859884
                            ],
                            [
                                114.809178,
                                40.860759
                            ],
                            [
                                114.811334,
                                40.861176
                            ],
                            [
                                114.811984,
                                40.861522
                            ],
                            [
                                114.814218,
                                40.862376
                            ],
                            [
                                114.817386,
                                40.862569
                            ],
                            [
                                114.817142,
                                40.863783
                            ],
                            [
                                114.815611,
                                40.865218
                            ],
                            [
                                114.814433,
                                40.867025
                            ],
                            [
                                114.813157,
                                40.867557
                            ],
                            [
                                114.812507,
                                40.868625
                            ],
                            [
                                114.811867,
                                40.869242
                            ],
                            [
                                114.810645,
                                40.869656
                            ],
                            [
                                114.810449,
                                40.869981
                            ],
                            [
                                114.810918,
                                40.87032
                            ],
                            [
                                114.811344,
                                40.869961
                            ],
                            [
                                114.811749,
                                40.870107
                            ],
                            [
                                114.811177,
                                40.870846
                            ],
                            [
                                114.809999,
                                40.870547
                            ],
                            [
                                114.80974,
                                40.8707
                            ],
                            [
                                114.809295,
                                40.871873
                            ],
                            [
                                114.808645,
                                40.874229
                            ],
                            [
                                114.808176,
                                40.874551
                            ],
                            [
                                114.807203,
                                40.874358
                            ],
                            [
                                114.807002,
                                40.874775
                            ],
                            [
                                114.808195,
                                40.875436
                            ],
                            [
                                114.807814,
                                40.876507
                            ],
                            [
                                114.805062,
                                40.878948
                            ],
                            [
                                114.803717,
                                40.879569
                            ],
                            [
                                114.802123,
                                40.880131
                            ],
                            [
                                114.801615,
                                40.880938
                            ],
                            [
                                114.802119,
                                40.881643
                            ],
                            [
                                114.801864,
                                40.882372
                            ],
                            [
                                114.800574,
                                40.88266
                            ],
                            [
                                114.799474,
                                40.883528
                            ],
                            [
                                114.797895,
                                40.88428
                            ],
                            [
                                114.796736,
                                40.885497
                            ],
                            [
                                114.795797,
                                40.886124
                            ],
                            [
                                114.795323,
                                40.887297
                            ],
                            [
                                114.794707,
                                40.888016
                            ],
                            [
                                114.793304,
                                40.889002
                            ],
                            [
                                114.792136,
                                40.889676
                            ],
                            [
                                114.7915,
                                40.890324
                            ],
                            [
                                114.79128,
                                40.891381
                            ],
                            [
                                114.789745,
                                40.89212
                            ],
                            [
                                114.789017,
                                40.892818
                            ],
                            [
                                114.78885,
                                40.893598
                            ],
                            [
                                114.788806,
                                40.896418
                            ],
                            [
                                114.788914,
                                40.897255
                            ],
                            [
                                114.790185,
                                40.897536
                            ],
                            [
                                114.791173,
                                40.898129
                            ],
                            [
                                114.791241,
                                40.900217
                            ],
                            [
                                114.791935,
                                40.900593
                            ],
                            [
                                114.792801,
                                40.901393
                            ],
                            [
                                114.793314,
                                40.902551
                            ],
                            [
                                114.793607,
                                40.902538
                            ],
                            [
                                114.794458,
                                40.901752
                            ],
                            [
                                114.795054,
                                40.901782
                            ],
                            [
                                114.795631,
                                40.902294
                            ],
                            [
                                114.79724,
                                40.902657
                            ],
                            [
                                114.798022,
                                40.903175
                            ],
                            [
                                114.797797,
                                40.903795
                            ],
                            [
                                114.797812,
                                40.904717
                            ],
                            [
                                114.798217,
                                40.905578
                            ],
                            [
                                114.798217,
                                40.906289
                            ],
                            [
                                114.79743,
                                40.907929
                            ],
                            [
                                114.797582,
                                40.908956
                            ],
                            [
                                114.798095,
                                40.91001
                            ],
                            [
                                114.797675,
                                40.911673
                            ],
                            [
                                114.798232,
                                40.91208
                            ],
                            [
                                114.800212,
                                40.912378
                            ],
                            [
                                114.800627,
                                40.912873
                            ],
                            [
                                114.800148,
                                40.914309
                            ],
                            [
                                114.799977,
                                40.916078
                            ],
                            [
                                114.799659,
                                40.916559
                            ],
                            [
                                114.798628,
                                40.917342
                            ],
                            [
                                114.798198,
                                40.917907
                            ],
                            [
                                114.79809,
                                40.919158
                            ],
                            [
                                114.798667,
                                40.921082
                            ],
                            [
                                114.799009,
                                40.923175
                            ],
                            [
                                114.799083,
                                40.924358
                            ],
                            [
                                114.798286,
                                40.926397
                            ],
                            [
                                114.797621,
                                40.928474
                            ],
                            [
                                114.797196,
                                40.930326
                            ],
                            [
                                114.797288,
                                40.932291
                            ],
                            [
                                114.79744,
                                40.932643
                            ],
                            [
                                114.798985,
                                40.934272
                            ],
                            [
                                114.799068,
                                40.936535
                            ],
                            [
                                114.798946,
                                40.939526
                            ],
                            [
                                114.799092,
                                40.941355
                            ],
                            [
                                114.798061,
                                40.941507
                            ],
                            [
                                114.794404,
                                40.940643
                            ],
                            [
                                114.79349,
                                40.939983
                            ],
                            [
                                114.792957,
                                40.940169
                            ],
                            [
                                114.791979,
                                40.939885
                            ],
                            [
                                114.791065,
                                40.939885
                            ],
                            [
                                114.790249,
                                40.940447
                            ],
                            [
                                114.790058,
                                40.941344
                            ],
                            [
                                114.790679,
                                40.941896
                            ],
                            [
                                114.790562,
                                40.944067
                            ],
                            [
                                114.790816,
                                40.94468
                            ],
                            [
                                114.79171,
                                40.945987
                            ],
                            [
                                114.791896,
                                40.947257
                            ],
                            [
                                114.791305,
                                40.949265
                            ],
                            [
                                114.791266,
                                40.950464
                            ],
                            [
                                114.792439,
                                40.951582
                            ],
                            [
                                114.793167,
                                40.951734
                            ],
                            [
                                114.796237,
                                40.951666
                            ],
                            [
                                114.797856,
                                40.951802
                            ],
                            [
                                114.798154,
                                40.952449
                            ],
                            [
                                114.799161,
                                40.952418
                            ],
                            [
                                114.800041,
                                40.952865
                            ],
                            [
                                114.800632,
                                40.953661
                            ],
                            [
                                114.80075,
                                40.954253
                            ],
                            [
                                114.801371,
                                40.955499
                            ],
                            [
                                114.801507,
                                40.956857
                            ],
                            [
                                114.801791,
                                40.957314
                            ],
                            [
                                114.803859,
                                40.959058
                            ],
                            [
                                114.805462,
                                40.959708
                            ],
                            [
                                114.805502,
                                40.961039
                            ],
                            [
                                114.805854,
                                40.96179
                            ],
                            [
                                114.806797,
                                40.962955
                            ],
                            [
                                114.806919,
                                40.963876
                            ],
                            [
                                114.806636,
                                40.964929
                            ]
                        ]
                    ]
                ]
            }
        }
    ]
}