{
    "type": "FeatureCollection",
    "features": [
        {
            "type": "Feature",
            "properties": {
                "adcode": 130802,
                "name": "双桥区",
                "center": [
                    117.939152,
                    40.976204
                ],
                "centroid": [
                    117.974692,
                    40.928457
                ],
                "childrenNum": 0,
                "level": "district",
                "acroutes": [
                    100000,
                    130000,
                    130800
                ],
                "parent": {
                    "adcode": 130800
                }
            },
            "geometry": {
                "type": "MultiPolygon",
                "coordinates": [
                    [
                        [
                            [
                                117.862839,
                                41.089826
                            ],
                            [
                                117.861963,
                                41.087236
                            ],
                            [
                                117.8609,
                                41.085769
                            ],
                            [
                                117.860801,
                                41.081981
                            ],
                            [
                                117.860305,
                                41.080324
                            ],
                            [
                                117.859047,
                                41.079013
                            ],
                            [
                                117.857984,
                                41.077167
                            ],
                            [
                                117.85797,
                                41.076266
                            ],
                            [
                                117.859568,
                                41.074665
                            ],
                            [
                                117.859444,
                                41.072502
                            ],
                            [
                                117.859804,
                                41.070909
                            ],
                            [
                                117.859109,
                                41.068677
                            ],
                            [
                                117.85776,
                                41.067305
                            ],
                            [
                                117.855808,
                                41.063331
                            ],
                            [
                                117.856437,
                                41.060475
                            ],
                            [
                                117.854269,
                                41.058078
                            ],
                            [
                                117.853725,
                                41.056493
                            ],
                            [
                                117.853764,
                                41.052341
                            ],
                            [
                                117.854643,
                                41.05016
                            ],
                            [
                                117.854266,
                                41.049062
                            ],
                            [
                                117.853124,
                                41.047988
                            ],
                            [
                                117.853098,
                                41.045988
                            ],
                            [
                                117.854552,
                                41.044845
                            ],
                            [
                                117.854453,
                                41.041852
                            ],
                            [
                                117.853373,
                                41.039248
                            ],
                            [
                                117.852432,
                                41.038033
                            ],
                            [
                                117.853299,
                                41.036653
                            ],
                            [
                                117.855113,
                                41.035305
                            ],
                            [
                                117.855592,
                                41.033651
                            ],
                            [
                                117.856567,
                                41.032649
                            ],
                            [
                                117.85545,
                                41.030431
                            ],
                            [
                                117.854456,
                                41.02963
                            ],
                            [
                                117.854096,
                                41.028105
                            ],
                            [
                                117.851497,
                                41.026217
                            ],
                            [
                                117.851262,
                                41.025179
                            ],
                            [
                                117.85231,
                                41.023766
                            ],
                            [
                                117.854087,
                                41.019826
                            ],
                            [
                                117.855235,
                                41.016759
                            ],
                            [
                                117.856196,
                                41.013434
                            ],
                            [
                                117.855819,
                                41.012045
                            ],
                            [
                                117.855887,
                                41.009617
                            ],
                            [
                                117.857392,
                                41.007939
                            ],
                            [
                                117.859163,
                                41.006501
                            ],
                            [
                                117.858574,
                                41.002979
                            ],
                            [
                                117.86325,
                                41.002355
                            ],
                            [
                                117.864579,
                                41.000905
                            ],
                            [
                                117.868481,
                                40.997515
                            ],
                            [
                                117.870057,
                                40.996669
                            ],
                            [
                                117.869096,
                                40.992981
                            ],
                            [
                                117.867549,
                                40.989703
                            ],
                            [
                                117.867419,
                                40.988584
                            ],
                            [
                                117.867954,
                                40.986808
                            ],
                            [
                                117.868966,
                                40.985253
                            ],
                            [
                                117.869822,
                                40.98307
                            ],
                            [
                                117.871242,
                                40.981334
                            ],
                            [
                                117.871874,
                                40.97781
                            ],
                            [
                                117.870083,
                                40.976058
                            ],
                            [
                                117.870777,
                                40.972892
                            ],
                            [
                                117.872058,
                                40.971648
                            ],
                            [
                                117.872154,
                                40.969899
                            ],
                            [
                                117.871358,
                                40.967644
                            ],
                            [
                                117.871607,
                                40.966431
                            ],
                            [
                                117.873483,
                                40.96339
                            ],
                            [
                                117.873634,
                                40.961464
                            ],
                            [
                                117.87227,
                                40.957387
                            ],
                            [
                                117.872293,
                                40.956029
                            ],
                            [
                                117.871585,
                                40.953507
                            ],
                            [
                                117.872191,
                                40.952604
                            ],
                            [
                                117.8749,
                                40.950404
                            ],
                            [
                                117.87723,
                                40.948212
                            ],
                            [
                                117.879044,
                                40.945037
                            ],
                            [
                                117.881818,
                                40.942256
                            ],
                            [
                                117.885052,
                                40.94037
                            ],
                            [
                                117.885338,
                                40.939742
                            ],
                            [
                                117.884788,
                                40.9384
                            ],
                            [
                                117.885741,
                                40.936691
                            ],
                            [
                                117.885163,
                                40.935397
                            ],
                            [
                                117.885231,
                                40.933761
                            ],
                            [
                                117.886622,
                                40.932157
                            ],
                            [
                                117.888915,
                                40.927389
                            ],
                            [
                                117.891193,
                                40.9258
                            ],
                            [
                                117.891987,
                                40.923398
                            ],
                            [
                                117.893152,
                                40.922354
                            ],
                            [
                                117.895728,
                                40.916779
                            ],
                            [
                                117.896989,
                                40.916251
                            ],
                            [
                                117.896465,
                                40.914441
                            ],
                            [
                                117.89653,
                                40.911913
                            ],
                            [
                                117.897298,
                                40.910659
                            ],
                            [
                                117.897309,
                                40.909328
                            ],
                            [
                                117.896482,
                                40.907159
                            ],
                            [
                                117.897825,
                                40.90605
                            ],
                            [
                                117.898293,
                                40.903607
                            ],
                            [
                                117.899032,
                                40.901716
                            ],
                            [
                                117.900393,
                                40.895433
                            ],
                            [
                                117.900177,
                                40.894808
                            ],
                            [
                                117.897655,
                                40.893574
                            ],
                            [
                                117.89717,
                                40.89257
                            ],
                            [
                                117.89844,
                                40.890654
                            ],
                            [
                                117.898806,
                                40.889307
                            ],
                            [
                                117.89827,
                                40.886645
                            ],
                            [
                                117.89912,
                                40.88431
                            ],
                            [
                                117.895682,
                                40.885008
                            ],
                            [
                                117.894708,
                                40.88475
                            ],
                            [
                                117.89271,
                                40.885125
                            ],
                            [
                                117.890043,
                                40.885226
                            ],
                            [
                                117.889207,
                                40.886883
                            ],
                            [
                                117.884919,
                                40.889279
                            ],
                            [
                                117.881515,
                                40.891658
                            ],
                            [
                                117.878174,
                                40.893255
                            ],
                            [
                                117.87642,
                                40.893647
                            ],
                            [
                                117.871837,
                                40.893215
                            ],
                            [
                                117.87046,
                                40.892832
                            ],
                            [
                                117.869128,
                                40.891554
                            ],
                            [
                                117.869436,
                                40.890041
                            ],
                            [
                                117.869521,
                                40.887299
                            ],
                            [
                                117.870882,
                                40.885685
                            ],
                            [
                                117.869856,
                                40.885326
                            ],
                            [
                                117.867793,
                                40.883858
                            ],
                            [
                                117.865659,
                                40.883717
                            ],
                            [
                                117.86132,
                                40.882479
                            ],
                            [
                                117.856006,
                                40.88026
                            ],
                            [
                                117.853509,
                                40.879736
                            ],
                            [
                                117.850618,
                                40.876787
                            ],
                            [
                                117.850845,
                                40.875621
                            ],
                            [
                                117.846509,
                                40.87114
                            ],
                            [
                                117.84603,
                                40.868808
                            ],
                            [
                                117.84645,
                                40.865955
                            ],
                            [
                                117.847869,
                                40.864511
                            ],
                            [
                                117.84802,
                                40.863527
                            ],
                            [
                                117.84726,
                                40.860493
                            ],
                            [
                                117.847884,
                                40.857628
                            ],
                            [
                                117.849386,
                                40.855489
                            ],
                            [
                                117.851503,
                                40.851902
                            ],
                            [
                                117.853152,
                                40.849509
                            ],
                            [
                                117.853246,
                                40.847406
                            ],
                            [
                                117.855215,
                                40.846587
                            ],
                            [
                                117.858358,
                                40.846147
                            ],
                            [
                                117.859843,
                                40.844827
                            ],
                            [
                                117.861643,
                                40.842539
                            ],
                            [
                                117.862796,
                                40.842119
                            ],
                            [
                                117.865185,
                                40.840275
                            ],
                            [
                                117.8679,
                                40.838947
                            ],
                            [
                                117.869706,
                                40.839254
                            ],
                            [
                                117.870805,
                                40.83858
                            ],
                            [
                                117.871213,
                                40.837659
                            ],
                            [
                                117.872953,
                                40.837555
                            ],
                            [
                                117.873543,
                                40.836634
                            ],
                            [
                                117.876278,
                                40.836884
                            ],
                            [
                                117.876553,
                                40.839625
                            ],
                            [
                                117.878154,
                                40.839944
                            ],
                            [
                                117.881756,
                                40.842394
                            ],
                            [
                                117.883561,
                                40.841599
                            ],
                            [
                                117.886358,
                                40.841562
                            ],
                            [
                                117.887787,
                                40.842648
                            ],
                            [
                                117.889119,
                                40.84314
                            ],
                            [
                                117.891046,
                                40.844731
                            ],
                            [
                                117.893469,
                                40.844501
                            ],
                            [
                                117.893877,
                                40.84354
                            ],
                            [
                                117.895121,
                                40.843181
                            ],
                            [
                                117.895544,
                                40.842406
                            ],
                            [
                                117.897363,
                                40.842483
                            ],
                            [
                                117.899117,
                                40.841873
                            ],
                            [
                                117.904425,
                                40.84172
                            ],
                            [
                                117.905395,
                                40.842943
                            ],
                            [
                                117.906406,
                                40.843068
                            ],
                            [
                                117.908195,
                                40.841696
                            ],
                            [
                                117.910428,
                                40.839411
                            ],
                            [
                                117.912684,
                                40.83755
                            ],
                            [
                                117.912947,
                                40.835617
                            ],
                            [
                                117.91424,
                                40.835036
                            ],
                            [
                                117.917726,
                                40.835326
                            ],
                            [
                                117.91965,
                                40.833429
                            ],
                            [
                                117.920897,
                                40.832888
                            ],
                            [
                                117.923589,
                                40.833599
                            ],
                            [
                                117.925392,
                                40.833054
                            ],
                            [
                                117.92748,
                                40.834394
                            ],
                            [
                                117.930193,
                                40.835153
                            ],
                            [
                                117.931082,
                                40.830168
                            ],
                            [
                                117.931082,
                                40.801194
                            ],
                            [
                                117.920166,
                                40.777755
                            ],
                            [
                                117.914948,
                                40.752578
                            ],
                            [
                                117.915461,
                                40.73658
                            ],
                            [
                                117.987216,
                                40.73567
                            ],
                            [
                                118.049185,
                                40.755827
                            ],
                            [
                                118.06721,
                                40.766357
                            ],
                            [
                                118.07922,
                                40.780789
                            ],
                            [
                                118.078019,
                                40.801323
                            ],
                            [
                                118.094757,
                                40.822243
                            ],
                            [
                                118.112781,
                                40.821202
                            ],
                            [
                                118.121878,
                                40.8377
                            ],
                            [
                                118.124599,
                                40.84327
                            ],
                            [
                                118.127226,
                                40.847999
                            ],
                            [
                                118.129431,
                                40.853153
                            ],
                            [
                                118.08789,
                                40.868602
                            ],
                            [
                                118.077418,
                                40.882491
                            ],
                            [
                                118.082052,
                                40.895727
                            ],
                            [
                                118.061281,
                                40.900659
                            ],
                            [
                                118.048805,
                                40.901901
                            ],
                            [
                                118.050781,
                                40.90528
                            ],
                            [
                                118.053147,
                                40.910485
                            ],
                            [
                                118.055706,
                                40.913167
                            ],
                            [
                                118.059178,
                                40.916053
                            ],
                            [
                                118.062057,
                                40.919415
                            ],
                            [
                                118.065458,
                                40.927102
                            ],
                            [
                                118.065869,
                                40.935558
                            ],
                            [
                                118.061139,
                                40.937969
                            ],
                            [
                                118.058042,
                                40.942845
                            ],
                            [
                                118.060677,
                                40.947128
                            ],
                            [
                                118.063027,
                                40.951875
                            ],
                            [
                                118.063219,
                                40.955763
                            ],
                            [
                                118.062644,
                                40.962636
                            ],
                            [
                                118.057506,
                                40.96917
                            ],
                            [
                                118.054156,
                                40.9752
                            ],
                            [
                                118.049313,
                                40.981496
                            ],
                            [
                                118.04611,
                                40.984097
                            ],
                            [
                                118.041533,
                                40.989929
                            ],
                            [
                                118.035718,
                                40.995099
                            ],
                            [
                                118.032156,
                                40.996782
                            ],
                            [
                                118.027046,
                                40.997825
                            ],
                            [
                                118.026326,
                                40.997756
                            ],
                            [
                                118.025005,
                                41.000659
                            ],
                            [
                                118.024852,
                                41.001815
                            ],
                            [
                                118.025697,
                                41.002069
                            ],
                            [
                                118.057455,
                                41.027908
                            ],
                            [
                                118.064149,
                                41.036194
                            ],
                            [
                                118.050262,
                                41.058737
                            ],
                            [
                                118.042673,
                                41.071778
                            ],
                            [
                                118.039907,
                                41.075542
                            ],
                            [
                                118.037841,
                                41.090686
                            ],
                            [
                                118.03372,
                                41.095732
                            ],
                            [
                                118.004878,
                                41.118882
                            ],
                            [
                                117.984983,
                                41.124524
                            ],
                            [
                                117.981953,
                                41.130681
                            ],
                            [
                                117.978272,
                                41.137696
                            ],
                            [
                                117.975282,
                                41.136612
                            ],
                            [
                                117.971677,
                                41.136676
                            ],
                            [
                                117.968846,
                                41.13797
                            ],
                            [
                                117.964898,
                                41.138681
                            ],
                            [
                                117.960862,
                                41.138424
                            ],
                            [
                                117.933984,
                                41.116816
                            ],
                            [
                                117.941194,
                                41.089263
                            ],
                            [
                                117.872443,
                                41.087872
                            ],
                            [
                                117.868904,
                                41.090742
                            ],
                            [
                                117.866656,
                                41.089733
                            ],
                            [
                                117.862839,
                                41.089826
                            ]
                        ]
                    ]
                ]
            }
        }
    ]
}