{
    "type": "FeatureCollection",
    "features": [
        {
            "type": "Feature",
            "properties": {
                "adcode": 130924,
                "name": "海兴县",
                "center": [
                    117.496606,
                    38.141582
                ],
                "centroid": [
                    117.561376,
                    38.137418
                ],
                "childrenNum": 0,
                "level": "district",
                "acroutes": [
                    100000,
                    130000,
                    130900
                ],
                "parent": {
                    "adcode": 130900
                }
            },
            "geometry": {
                "type": "MultiPolygon",
                "coordinates": [
                    [
                        [
                            [
                                117.343619,
                                38.15732
                            ],
                            [
                                117.346996,
                                38.155301
                            ],
                            [
                                117.346174,
                                38.153547
                            ],
                            [
                                117.349257,
                                38.149493
                            ],
                            [
                                117.349959,
                                38.149405
                            ],
                            [
                                117.349817,
                                38.15218
                            ],
                            [
                                117.352021,
                                38.152135
                            ],
                            [
                                117.352068,
                                38.149028
                            ],
                            [
                                117.351367,
                                38.148357
                            ],
                            [
                                117.350105,
                                38.142126
                            ],
                            [
                                117.349116,
                                38.140948
                            ],
                            [
                                117.348126,
                                38.135765
                            ],
                            [
                                117.339536,
                                38.127201
                            ],
                            [
                                117.333653,
                                38.124184
                            ],
                            [
                                117.333783,
                                38.122639
                            ],
                            [
                                117.333202,
                                38.121293
                            ],
                            [
                                117.329166,
                                38.121083
                            ],
                            [
                                117.328256,
                                38.120807
                            ],
                            [
                                117.328271,
                                38.119391
                            ],
                            [
                                117.330496,
                                38.117975
                            ],
                            [
                                117.332129,
                                38.117594
                            ],
                            [
                                117.325984,
                                38.113738
                            ],
                            [
                                117.325036,
                                38.109241
                            ],
                            [
                                117.325026,
                                38.108454
                            ],
                            [
                                117.328685,
                                38.106164
                            ],
                            [
                                117.329679,
                                38.105171
                            ],
                            [
                                117.329758,
                                38.104101
                            ],
                            [
                                117.327774,
                                38.101496
                            ],
                            [
                                117.329449,
                                38.10037
                            ],
                            [
                                117.332407,
                                38.101454
                            ],
                            [
                                117.336977,
                                38.104223
                            ],
                            [
                                117.338406,
                                38.1045
                            ],
                            [
                                117.338898,
                                38.104248
                            ],
                            [
                                117.338735,
                                38.102667
                            ],
                            [
                                117.339275,
                                38.10194
                            ],
                            [
                                117.34353,
                                38.099744
                            ],
                            [
                                117.34697,
                                38.10065
                            ],
                            [
                                117.347493,
                                38.098688
                            ],
                            [
                                117.35188,
                                38.099635
                            ],
                            [
                                117.352272,
                                38.097681
                            ],
                            [
                                117.353591,
                                38.097146
                            ],
                            [
                                117.354785,
                                38.09732
                            ],
                            [
                                117.355575,
                                38.096387
                            ],
                            [
                                117.355376,
                                38.094246
                            ],
                            [
                                117.354539,
                                38.093659
                            ],
                            [
                                117.355382,
                                38.091148
                            ],
                            [
                                117.356361,
                                38.090567
                            ],
                            [
                                117.35891,
                                38.090445
                            ],
                            [
                                117.349131,
                                38.081984
                            ],
                            [
                                117.34397,
                                38.077713
                            ],
                            [
                                117.340568,
                                38.074977
                            ],
                            [
                                117.356533,
                                38.076517
                            ],
                            [
                                117.357345,
                                38.059202
                            ],
                            [
                                117.372693,
                                38.057747
                            ],
                            [
                                117.392333,
                                38.059143
                            ],
                            [
                                117.392825,
                                38.055511
                            ],
                            [
                                117.398311,
                                38.047728
                            ],
                            [
                                117.394589,
                                38.046199
                            ],
                            [
                                117.386533,
                                38.044939
                            ],
                            [
                                117.385717,
                                38.039396
                            ],
                            [
                                117.37988,
                                38.039168
                            ],
                            [
                                117.379393,
                                38.03578
                            ],
                            [
                                117.378781,
                                38.035269
                            ],
                            [
                                117.371845,
                                38.035238
                            ],
                            [
                                117.373677,
                                38.028622
                            ],
                            [
                                117.375765,
                                38.019443
                            ],
                            [
                                117.388067,
                                38.018712
                            ],
                            [
                                117.39192,
                                38.020606
                            ],
                            [
                                117.391977,
                                38.022076
                            ],
                            [
                                117.392595,
                                38.024663
                            ],
                            [
                                117.395265,
                                38.024631
                            ],
                            [
                                117.394772,
                                38.020711
                            ],
                            [
                                117.395971,
                                38.017395
                            ],
                            [
                                117.396353,
                                38.010915
                            ],
                            [
                                117.397369,
                                38.009994
                            ],
                            [
                                117.400588,
                                38.010397
                            ],
                            [
                                117.401625,
                                38.010267
                            ],
                            [
                                117.403713,
                                38.004059
                            ],
                            [
                                117.398264,
                                38.00407
                            ],
                            [
                                117.39694,
                                38.001181
                            ],
                            [
                                117.399541,
                                37.999265
                            ],
                            [
                                117.400148,
                                37.996142
                            ],
                            [
                                117.399882,
                                37.994037
                            ],
                            [
                                117.401373,
                                37.989389
                            ],
                            [
                                117.409723,
                                37.98872
                            ],
                            [
                                117.43676,
                                37.987344
                            ],
                            [
                                117.432541,
                                37.981365
                            ],
                            [
                                117.431028,
                                37.979842
                            ],
                            [
                                117.432033,
                                37.978857
                            ],
                            [
                                117.436556,
                                37.977866
                            ],
                            [
                                117.437534,
                                37.978469
                            ],
                            [
                                117.438895,
                                37.98064
                            ],
                            [
                                117.440372,
                                37.977642
                            ],
                            [
                                117.441371,
                                37.977046
                            ],
                            [
                                117.444549,
                                37.976945
                            ],
                            [
                                117.455249,
                                37.977877
                            ],
                            [
                                117.456521,
                                37.974896
                            ],
                            [
                                117.458902,
                                37.973803
                            ],
                            [
                                117.466555,
                                37.97162
                            ],
                            [
                                117.470816,
                                37.971512
                            ],
                            [
                                117.470937,
                                37.970629
                            ],
                            [
                                117.47123,
                                37.970079
                            ],
                            [
                                117.471424,
                                37.967259
                            ],
                            [
                                117.471026,
                                37.965567
                            ],
                            [
                                117.469246,
                                37.962172
                            ],
                            [
                                117.467027,
                                37.959341
                            ],
                            [
                                117.465906,
                                37.958205
                            ],
                            [
                                117.46018,
                                37.953927
                            ],
                            [
                                117.459965,
                                37.953328
                            ],
                            [
                                117.462666,
                                37.950185
                            ],
                            [
                                117.462195,
                                37.949561
                            ],
                            [
                                117.459667,
                                37.948594
                            ],
                            [
                                117.460698,
                                37.942521
                            ],
                            [
                                117.462258,
                                37.938224
                            ],
                            [
                                117.463127,
                                37.937309
                            ],
                            [
                                117.463258,
                                37.935021
                            ],
                            [
                                117.463158,
                                37.934278
                            ],
                            [
                                117.464896,
                                37.934208
                            ],
                            [
                                117.464708,
                                37.93589
                            ],
                            [
                                117.467335,
                                37.936556
                            ],
                            [
                                117.474842,
                                37.934758
                            ],
                            [
                                117.475685,
                                37.935834
                            ],
                            [
                                117.476967,
                                37.9397
                            ],
                            [
                                117.477894,
                                37.940288
                            ],
                            [
                                117.477653,
                                37.939356
                            ],
                            [
                                117.480485,
                                37.93881
                            ],
                            [
                                117.481071,
                                37.940895
                            ],
                            [
                                117.481977,
                                37.942447
                            ],
                            [
                                117.482783,
                                37.942651
                            ],
                            [
                                117.489714,
                                37.940026
                            ],
                            [
                                117.492776,
                                37.939405
                            ],
                            [
                                117.495283,
                                37.940583
                            ],
                            [
                                117.496042,
                                37.941301
                            ],
                            [
                                117.509747,
                                37.939244
                            ],
                            [
                                117.510846,
                                37.940369
                            ],
                            [
                                117.511694,
                                37.941487
                            ],
                            [
                                117.512809,
                                37.943453
                            ],
                            [
                                117.513751,
                                37.946597
                            ],
                            [
                                117.515149,
                                37.950244
                            ],
                            [
                                117.517007,
                                37.955458
                            ],
                            [
                                117.519337,
                                37.961481
                            ],
                            [
                                117.520452,
                                37.96481
                            ],
                            [
                                117.520876,
                                37.966712
                            ],
                            [
                                117.521635,
                                37.971918
                            ],
                            [
                                117.522702,
                                37.978647
                            ],
                            [
                                117.523713,
                                37.986076
                            ],
                            [
                                117.524362,
                                37.989473
                            ],
                            [
                                117.525498,
                                37.99252
                            ],
                            [
                                117.527995,
                                37.996271
                            ],
                            [
                                117.530036,
                                37.998463
                            ],
                            [
                                117.532915,
                                38.002042
                            ],
                            [
                                117.538967,
                                38.008684
                            ],
                            [
                                117.54127,
                                38.011479
                            ],
                            [
                                117.543358,
                                38.014115
                            ],
                            [
                                117.543924,
                                38.015631
                            ],
                            [
                                117.543924,
                                38.018621
                            ],
                            [
                                117.544065,
                                38.021981
                            ],
                            [
                                117.544725,
                                38.024575
                            ],
                            [
                                117.545944,
                                38.026837
                            ],
                            [
                                117.547096,
                                38.02816
                            ],
                            [
                                117.549138,
                                38.02963
                            ],
                            [
                                117.552765,
                                38.032462
                            ],
                            [
                                117.555571,
                                38.034835
                            ],
                            [
                                117.557157,
                                38.036365
                            ],
                            [
                                117.55846,
                                38.0378
                            ],
                            [
                                117.56035,
                                38.040967
                            ],
                            [
                                117.559183,
                                38.041516
                            ],
                            [
                                117.559387,
                                38.043354
                            ],
                            [
                                117.558408,
                                38.043641
                            ],
                            [
                                117.557382,
                                38.043543
                            ],
                            [
                                117.557283,
                                38.04461
                            ],
                            [
                                117.557455,
                                38.04593
                            ],
                            [
                                117.556942,
                                38.046461
                            ],
                            [
                                117.557785,
                                38.046335
                            ],
                            [
                                117.557811,
                                38.0477
                            ],
                            [
                                117.557319,
                                38.047854
                            ],
                            [
                                117.556597,
                                38.047599
                            ],
                            [
                                117.55611,
                                38.048316
                            ],
                            [
                                117.554979,
                                38.048477
                            ],
                            [
                                117.554932,
                                38.0491
                            ],
                            [
                                117.556299,
                                38.049289
                            ],
                            [
                                117.556299,
                                38.051137
                            ],
                            [
                                117.557953,
                                38.051816
                            ],
                            [
                                117.557911,
                                38.053408
                            ],
                            [
                                117.557482,
                                38.05437
                            ],
                            [
                                117.556691,
                                38.055014
                            ],
                            [
                                117.557325,
                                38.055574
                            ],
                            [
                                117.556131,
                                38.05663
                            ],
                            [
                                117.556503,
                                38.057201
                            ],
                            [
                                117.557393,
                                38.05704
                            ],
                            [
                                117.559052,
                                38.056522
                            ],
                            [
                                117.560261,
                                38.056417
                            ],
                            [
                                117.562025,
                                38.056711
                            ],
                            [
                                117.563151,
                                38.057285
                            ],
                            [
                                117.56358,
                                38.057995
                            ],
                            [
                                117.563564,
                                38.059857
                            ],
                            [
                                117.563125,
                                38.061491
                            ],
                            [
                                117.563391,
                                38.062407
                            ],
                            [
                                117.564041,
                                38.063149
                            ],
                            [
                                117.564862,
                                38.063663
                            ],
                            [
                                117.56638,
                                38.064108
                            ],
                            [
                                117.567935,
                                38.064206
                            ],
                            [
                                117.571076,
                                38.064153
                            ],
                            [
                                117.573248,
                                38.064454
                            ],
                            [
                                117.576211,
                                38.06514
                            ],
                            [
                                117.580938,
                                38.068764
                            ],
                            [
                                117.583781,
                                38.070657
                            ],
                            [
                                117.58712,
                                38.071451
                            ],
                            [
                                117.592753,
                                38.071878
                            ],
                            [
                                117.599814,
                                38.072952
                            ],
                            [
                                117.605096,
                                38.073025
                            ],
                            [
                                117.60831,
                                38.072137
                            ],
                            [
                                117.613969,
                                38.070034
                            ],
                            [
                                117.616743,
                                38.069037
                            ],
                            [
                                117.620072,
                                38.068929
                            ],
                            [
                                117.626951,
                                38.070374
                            ],
                            [
                                117.63317,
                                38.071157
                            ],
                            [
                                117.644942,
                                38.072392
                            ],
                            [
                                117.651606,
                                38.072515
                            ],
                            [
                                117.657605,
                                38.072081
                            ],
                            [
                                117.661604,
                                38.071976
                            ],
                            [
                                117.664054,
                                38.072091
                            ],
                            [
                                117.666054,
                                38.072539
                            ],
                            [
                                117.668163,
                                38.074316
                            ],
                            [
                                117.670498,
                                38.076649
                            ],
                            [
                                117.673607,
                                38.07821
                            ],
                            [
                                117.676832,
                                38.079322
                            ],
                            [
                                117.679496,
                                38.079549
                            ],
                            [
                                117.683721,
                                38.078447
                            ],
                            [
                                117.696724,
                                38.075813
                            ],
                            [
                                117.702053,
                                38.075712
                            ],
                            [
                                117.704497,
                                38.076048
                            ],
                            [
                                117.708057,
                                38.077937
                            ],
                            [
                                117.711941,
                                38.081158
                            ],
                            [
                                117.715385,
                                38.084432
                            ],
                            [
                                117.717055,
                                38.085821
                            ],
                            [
                                117.723902,
                                38.089861
                            ],
                            [
                                117.727367,
                                38.091735
                            ],
                            [
                                117.729241,
                                38.093795
                            ],
                            [
                                117.729901,
                                38.097726
                            ],
                            [
                                117.729901,
                                38.103062
                            ],
                            [
                                117.730178,
                                38.10587
                            ],
                            [
                                117.73065,
                                38.108304
                            ],
                            [
                                117.731681,
                                38.110175
                            ],
                            [
                                117.735706,
                                38.113828
                            ],
                            [
                                117.738611,
                                38.117104
                            ],
                            [
                                117.741046,
                                38.120947
                            ],
                            [
                                117.743202,
                                38.12338
                            ],
                            [
                                117.746573,
                                38.125344
                            ],
                            [
                                117.754305,
                                38.127977
                            ],
                            [
                                117.757692,
                                38.129686
                            ],
                            [
                                117.760963,
                                38.130857
                            ],
                            [
                                117.764602,
                                38.130857
                            ],
                            [
                                117.768795,
                                38.131906
                            ],
                            [
                                117.771014,
                                38.134496
                            ],
                            [
                                117.772066,
                                38.138816
                            ],
                            [
                                117.771941,
                                38.144373
                            ],
                            [
                                117.770339,
                                38.151715
                            ],
                            [
                                117.768182,
                                38.15542
                            ],
                            [
                                117.766947,
                                38.158694
                            ],
                            [
                                117.767041,
                                38.161066
                            ],
                            [
                                117.767596,
                                38.162796
                            ],
                            [
                                117.769967,
                                38.165241
                            ],
                            [
                                117.771695,
                                38.166083
                            ],
                            [
                                117.772344,
                                38.165786
                            ],
                            [
                                117.773794,
                                38.164784
                            ],
                            [
                                117.774752,
                                38.164567
                            ],
                            [
                                117.776631,
                                38.164924
                            ],
                            [
                                117.777819,
                                38.16565
                            ],
                            [
                                117.778343,
                                38.166552
                            ],
                            [
                                117.778463,
                                38.167645
                            ],
                            [
                                117.779714,
                                38.168756
                            ],
                            [
                                117.78119,
                                38.169277
                            ],
                            [
                                117.782279,
                                38.169245
                            ],
                            [
                                117.784436,
                                38.168529
                            ],
                            [
                                117.785938,
                                38.168529
                            ],
                            [
                                117.788466,
                                38.16913
                            ],
                            [
                                117.789382,
                                38.169102
                            ],
                            [
                                117.790319,
                                38.168823
                            ],
                            [
                                117.792288,
                                38.167764
                            ],
                            [
                                117.793518,
                                38.167642
                            ],
                            [
                                117.794235,
                                38.167862
                            ],
                            [
                                117.794554,
                                38.168246
                            ],
                            [
                                117.79569,
                                38.170196
                            ],
                            [
                                117.796905,
                                38.171261
                            ],
                            [
                                117.798287,
                                38.171873
                            ],
                            [
                                117.800428,
                                38.172634
                            ],
                            [
                                117.801119,
                                38.173106
                            ],
                            [
                                117.801616,
                                38.173815
                            ],
                            [
                                117.801653,
                                38.174594
                            ],
                            [
                                117.801317,
                                38.175223
                            ],
                            [
                                117.799805,
                                38.175824
                            ],
                            [
                                117.797747,
                                38.176068
                            ],
                            [
                                117.795554,
                                38.176721
                            ],
                            [
                                117.792063,
                                38.178541
                            ],
                            [
                                117.791099,
                                38.179244
                            ],
                            [
                                117.790283,
                                38.18026
                            ],
                            [
                                117.78922,
                                38.180756
                            ],
                            [
                                117.79167,
                                38.182971
                            ],
                            [
                                117.793026,
                                38.18521
                            ],
                            [
                                117.794502,
                                38.188912
                            ],
                            [
                                117.796104,
                                38.193599
                            ],
                            [
                                117.796229,
                                38.196006
                            ],
                            [
                                117.79512,
                                38.198289
                            ],
                            [
                                117.794842,
                                38.200238
                            ],
                            [
                                117.795277,
                                38.203199
                            ],
                            [
                                117.797863,
                                38.207701
                            ],
                            [
                                117.800203,
                                38.210906
                            ],
                            [
                                117.803715,
                                38.215962
                            ],
                            [
                                117.805934,
                                38.217749
                            ],
                            [
                                117.806243,
                                38.218612
                            ],
                            [
                                117.806243,
                                38.220403
                            ],
                            [
                                117.805751,
                                38.224599
                            ],
                            [
                                117.806029,
                                38.225678
                            ],
                            [
                                117.806767,
                                38.226973
                            ],
                            [
                                117.808552,
                                38.22839
                            ],
                            [
                                117.814587,
                                38.231221
                            ],
                            [
                                117.823554,
                                38.23564
                            ],
                            [
                                117.827402,
                                38.238335
                            ],
                            [
                                117.847524,
                                38.253921
                            ],
                            [
                                117.848487,
                                38.255247
                            ],
                            [
                                117.848,
                                38.255317
                            ],
                            [
                                117.816168,
                                38.260377
                            ],
                            [
                                117.811206,
                                38.259672
                            ],
                            [
                                117.804558,
                                38.255422
                            ],
                            [
                                117.802438,
                                38.253649
                            ],
                            [
                                117.799595,
                                38.253478
                            ],
                            [
                                117.796591,
                                38.254187
                            ],
                            [
                                117.791712,
                                38.256238
                            ],
                            [
                                117.788168,
                                38.25784
                            ],
                            [
                                117.785242,
                                38.258018
                            ],
                            [
                                117.782227,
                                38.257139
                            ],
                            [
                                117.775626,
                                38.253164
                            ],
                            [
                                117.770087,
                                38.253443
                            ],
                            [
                                117.766313,
                                38.255387
                            ],
                            [
                                117.761571,
                                38.261643
                            ],
                            [
                                117.753912,
                                38.264124
                            ],
                            [
                                117.749274,
                                38.267142
                            ],
                            [
                                117.717887,
                                38.274151
                            ],
                            [
                                117.708936,
                                38.274908
                            ],
                            [
                                117.703974,
                                38.276956
                            ],
                            [
                                117.671461,
                                38.283853
                            ],
                            [
                                117.671069,
                                38.28386
                            ],
                            [
                                117.650303,
                                38.282918
                            ],
                            [
                                117.64579,
                                38.282562
                            ],
                            [
                                117.638875,
                                38.282503
                            ],
                            [
                                117.626867,
                                38.281917
                            ],
                            [
                                117.621554,
                                38.281564
                            ],
                            [
                                117.620826,
                                38.281683
                            ],
                            [
                                117.612922,
                                38.281407
                            ],
                            [
                                117.614063,
                                38.264065
                            ],
                            [
                                117.610734,
                                38.263999
                            ],
                            [
                                117.610776,
                                38.263664
                            ],
                            [
                                117.612069,
                                38.260534
                            ],
                            [
                                117.614492,
                                38.258095
                            ],
                            [
                                117.61589,
                                38.255321
                            ],
                            [
                                117.608488,
                                38.255764
                            ],
                            [
                                117.606227,
                                38.255492
                            ],
                            [
                                117.605018,
                                38.254201
                            ],
                            [
                                117.60496,
                                38.251276
                            ],
                            [
                                117.605421,
                                38.244593
                            ],
                            [
                                117.605944,
                                38.244188
                            ],
                            [
                                117.608399,
                                38.24504
                            ],
                            [
                                117.609163,
                                38.244757
                            ],
                            [
                                117.609802,
                                38.24297
                            ],
                            [
                                117.609896,
                                38.240761
                            ],
                            [
                                117.603855,
                                38.240977
                            ],
                            [
                                117.595736,
                                38.241333
                            ],
                            [
                                117.589282,
                                38.239155
                            ],
                            [
                                117.583121,
                                38.236736
                            ],
                            [
                                117.576007,
                                38.23067
                            ],
                            [
                                117.571024,
                                38.228467
                            ],
                            [
                                117.562559,
                                38.226554
                            ],
                            [
                                117.548708,
                                38.228858
                            ],
                            [
                                117.540244,
                                38.226484
                            ],
                            [
                                117.53202,
                                38.222285
                            ],
                            [
                                117.521504,
                                38.218126
                            ],
                            [
                                117.508391,
                                38.215159
                            ],
                            [
                                117.498524,
                                38.213965
                            ],
                            [
                                117.487499,
                                38.213015
                            ],
                            [
                                117.473387,
                                38.212729
                            ],
                            [
                                117.471104,
                                38.214279
                            ],
                            [
                                117.47111,
                                38.217055
                            ],
                            [
                                117.467456,
                                38.218193
                            ],
                            [
                                117.463928,
                                38.218224
                            ],
                            [
                                117.461022,
                                38.218755
                            ],
                            [
                                117.45606,
                                38.220197
                            ],
                            [
                                117.454526,
                                38.221956
                            ],
                            [
                                117.454955,
                                38.22417
                            ],
                            [
                                117.454615,
                                38.22462
                            ],
                            [
                                117.448192,
                                38.224096
                            ],
                            [
                                117.446674,
                                38.223566
                            ],
                            [
                                117.445947,
                                38.221928
                            ],
                            [
                                117.443193,
                                38.222525
                            ],
                            [
                                117.442099,
                                38.222965
                            ],
                            [
                                117.441827,
                                38.22389
                            ],
                            [
                                117.442366,
                                38.226774
                            ],
                            [
                                117.438796,
                                38.226893
                            ],
                            [
                                117.435498,
                                38.228376
                            ],
                            [
                                117.432897,
                                38.228146
                            ],
                            [
                                117.431912,
                                38.227612
                            ],
                            [
                                117.432064,
                                38.226778
                            ],
                            [
                                117.435095,
                                38.225629
                            ],
                            [
                                117.435226,
                                38.224547
                            ],
                            [
                                117.431923,
                                38.224599
                            ],
                            [
                                117.431954,
                                38.224086
                            ],
                            [
                                117.428212,
                                38.223978
                            ],
                            [
                                117.42706,
                                38.224055
                            ],
                            [
                                117.427091,
                                38.224662
                            ],
                            [
                                117.426767,
                                38.225067
                            ],
                            [
                                117.423856,
                                38.225713
                            ],
                            [
                                117.421019,
                                38.225587
                            ],
                            [
                                117.418972,
                                38.225056
                            ],
                            [
                                117.41936,
                                38.226226
                            ],
                            [
                                117.416376,
                                38.226418
                            ],
                            [
                                117.415931,
                                38.226086
                            ],
                            [
                                117.416397,
                                38.223957
                            ],
                            [
                                117.415727,
                                38.22381
                            ],
                            [
                                117.400044,
                                38.223437
                            ],
                            [
                                117.400285,
                                38.224515
                            ],
                            [
                                117.401787,
                                38.226226
                            ],
                            [
                                117.401232,
                                38.226474
                            ],
                            [
                                117.398683,
                                38.225231
                            ],
                            [
                                117.39874,
                                38.224533
                            ],
                            [
                                117.398311,
                                38.223423
                            ],
                            [
                                117.397432,
                                38.223161
                            ],
                            [
                                117.39672,
                                38.223342
                            ],
                            [
                                117.396662,
                                38.22587
                            ],
                            [
                                117.395725,
                                38.226942
                            ],
                            [
                                117.388632,
                                38.224948
                            ],
                            [
                                117.38657,
                                38.224802
                            ],
                            [
                                117.386533,
                                38.223255
                            ],
                            [
                                117.385518,
                                38.221761
                            ],
                            [
                                117.383617,
                                38.221523
                            ],
                            [
                                117.383487,
                                38.21945
                            ],
                            [
                                117.382581,
                                38.218807
                            ],
                            [
                                117.378571,
                                38.218521
                            ],
                            [
                                117.376765,
                                38.217805
                            ],
                            [
                                117.378514,
                                38.214635
                            ],
                            [
                                117.376472,
                                38.205389
                            ],
                            [
                                117.379916,
                                38.204397
                            ],
                            [
                                117.380686,
                                38.206908
                            ],
                            [
                                117.383617,
                                38.207222
                            ],
                            [
                                117.383439,
                                38.204596
                            ],
                            [
                                117.383842,
                                38.204149
                            ],
                            [
                                117.384188,
                                38.20218
                            ],
                            [
                                117.387481,
                                38.202079
                            ],
                            [
                                117.387758,
                                38.199934
                            ],
                            [
                                117.389417,
                                38.198143
                            ],
                            [
                                117.390674,
                                38.197895
                            ],
                            [
                                117.391433,
                                38.197189
                            ],
                            [
                                117.393307,
                                38.192695
                            ],
                            [
                                117.391496,
                                38.1893
                            ],
                            [
                                117.388711,
                                38.192716
                            ],
                            [
                                117.387413,
                                38.192688
                            ],
                            [
                                117.384225,
                                38.191273
                            ],
                            [
                                117.382979,
                                38.191353
                            ],
                            [
                                117.383099,
                                38.194423
                            ],
                            [
                                117.378587,
                                38.193945
                            ],
                            [
                                117.37564,
                                38.193875
                            ],
                            [
                                117.374656,
                                38.19296
                            ],
                            [
                                117.373928,
                                38.1893
                            ],
                            [
                                117.374609,
                                38.18645
                            ],
                            [
                                117.37409,
                                38.185276
                            ],
                            [
                                117.370526,
                                38.18302
                            ],
                            [
                                117.367107,
                                38.183103
                            ],
                            [
                                117.367578,
                                38.179981
                            ],
                            [
                                117.365401,
                                38.17968
                            ],
                            [
                                117.363726,
                                38.179656
                            ],
                            [
                                117.363029,
                                38.179097
                            ],
                            [
                                117.362145,
                                38.173015
                            ],
                            [
                                117.361538,
                                38.17196
                            ],
                            [
                                117.359789,
                                38.172012
                            ],
                            [
                                117.359794,
                                38.168595
                            ],
                            [
                                117.362391,
                                38.168683
                            ],
                            [
                                117.363506,
                                38.167526
                            ],
                            [
                                117.36372,
                                38.166433
                            ],
                            [
                                117.360098,
                                38.167034
                            ],
                            [
                                117.359925,
                                38.166052
                            ],
                            [
                                117.360595,
                                38.165608
                            ],
                            [
                                117.364694,
                                38.164965
                            ],
                            [
                                117.363438,
                                38.161737
                            ],
                            [
                                117.360271,
                                38.161636
                            ],
                            [
                                117.360218,
                                38.159518
                            ],
                            [
                                117.358847,
                                38.158872
                            ],
                            [
                                117.357554,
                                38.158662
                            ],
                            [
                                117.357182,
                                38.159955
                            ],
                            [
                                117.355774,
                                38.160336
                            ],
                            [
                                117.354445,
                                38.159759
                            ],
                            [
                                117.353052,
                                38.157946
                            ],
                            [
                                117.343619,
                                38.15732
                            ]
                        ]
                    ]
                ]
            }
        }
    ]
}