{
    "type": "FeatureCollection",
    "features": [
        {
            "type": "Feature",
            "properties": {
                "adcode": 130902,
                "name": "新华区",
                "center": [
                    116.873049,
                    38.308273
                ],
                "centroid": [
                    116.906141,
                    38.309747
                ],
                "childrenNum": 0,
                "level": "district",
                "acroutes": [
                    100000,
                    130000,
                    130900
                ],
                "parent": {
                    "adcode": 130900
                }
            },
            "geometry": {
                "type": "MultiPolygon",
                "coordinates": [
                    [
                        [
                            [
                                116.874304,
                                38.351898
                            ],
                            [
                                116.874029,
                                38.351377
                            ],
                            [
                                116.873719,
                                38.351113
                            ],
                            [
                                116.871714,
                                38.350571
                            ],
                            [
                                116.870824,
                                38.350478
                            ],
                            [
                                116.870443,
                                38.34956
                            ],
                            [
                                116.871673,
                                38.349019
                            ],
                            [
                                116.876124,
                                38.349577
                            ],
                            [
                                116.876512,
                                38.348217
                            ],
                            [
                                116.875578,
                                38.345797
                            ],
                            [
                                116.87583,
                                38.345351
                            ],
                            [
                                116.87579,
                                38.345231
                            ],
                            [
                                116.876227,
                                38.344752
                            ],
                            [
                                116.875767,
                                38.343239
                            ],
                            [
                                116.874344,
                                38.338986
                            ],
                            [
                                116.872791,
                                38.334799
                            ],
                            [
                                116.87253,
                                38.334162
                            ],
                            [
                                116.87161,
                                38.332314
                            ],
                            [
                                116.869677,
                                38.328906
                            ],
                            [
                                116.868913,
                                38.32733
                            ],
                            [
                                116.868308,
                                38.325895
                            ],
                            [
                                116.867232,
                                38.323579
                            ],
                            [
                                116.866495,
                                38.322426
                            ],
                            [
                                116.864899,
                                38.319343
                            ],
                            [
                                116.863269,
                                38.316002
                            ],
                            [
                                116.862698,
                                38.314212
                            ],
                            [
                                116.862636,
                                38.313917
                            ],
                            [
                                116.86236,
                                38.311782
                            ],
                            [
                                116.862263,
                                38.311231
                            ],
                            [
                                116.86177,
                                38.306476
                            ],
                            [
                                116.861634,
                                38.30547
                            ],
                            [
                                116.861014,
                                38.302179
                            ],
                            [
                                116.860972,
                                38.30142
                            ],
                            [
                                116.86104,
                                38.30066
                            ],
                            [
                                116.86143,
                                38.299344
                            ],
                            [
                                116.862107,
                                38.297334
                            ],
                            [
                                116.862536,
                                38.292479
                            ],
                            [
                                116.862954,
                                38.290688
                            ],
                            [
                                116.863586,
                                38.288331
                            ],
                            [
                                116.864063,
                                38.287097
                            ],
                            [
                                116.86415,
                                38.286711
                            ],
                            [
                                116.864593,
                                38.283741
                            ],
                            [
                                116.864573,
                                38.282822
                            ],
                            [
                                116.864444,
                                38.282006
                            ],
                            [
                                116.863794,
                                38.281641
                            ],
                            [
                                116.862356,
                                38.281532
                            ],
                            [
                                116.861736,
                                38.2816
                            ],
                            [
                                116.860267,
                                38.282479
                            ],
                            [
                                116.858905,
                                38.283478
                            ],
                            [
                                116.858185,
                                38.283586
                            ],
                            [
                                116.85759,
                                38.283381
                            ],
                            [
                                116.85739,
                                38.28294
                            ],
                            [
                                116.857245,
                                38.281882
                            ],
                            [
                                116.857559,
                                38.280107
                            ],
                            [
                                116.858119,
                                38.279019
                            ],
                            [
                                116.860154,
                                38.276093
                            ],
                            [
                                116.860941,
                                38.2746
                            ],
                            [
                                116.864153,
                                38.274828
                            ],
                            [
                                116.863599,
                                38.275795
                            ],
                            [
                                116.866309,
                                38.276019
                            ],
                            [
                                116.867693,
                                38.27605
                            ],
                            [
                                116.867854,
                                38.277677
                            ],
                            [
                                116.866197,
                                38.278041
                            ],
                            [
                                116.866687,
                                38.280684
                            ],
                            [
                                116.867697,
                                38.281665
                            ],
                            [
                                116.870431,
                                38.281535
                            ],
                            [
                                116.870258,
                                38.275924
                            ],
                            [
                                116.87011,
                                38.274696
                            ],
                            [
                                116.875592,
                                38.27478
                            ],
                            [
                                116.875758,
                                38.274338
                            ],
                            [
                                116.876334,
                                38.273902
                            ],
                            [
                                116.878851,
                                38.273927
                            ],
                            [
                                116.878465,
                                38.270559
                            ],
                            [
                                116.881965,
                                38.27037
                            ],
                            [
                                116.882003,
                                38.268568
                            ],
                            [
                                116.878351,
                                38.268516
                            ],
                            [
                                116.877583,
                                38.263609
                            ],
                            [
                                116.872565,
                                38.262475
                            ],
                            [
                                116.872038,
                                38.261356
                            ],
                            [
                                116.872525,
                                38.258468
                            ],
                            [
                                116.882753,
                                38.25787
                            ],
                            [
                                116.886297,
                                38.257192
                            ],
                            [
                                116.884043,
                                38.24938
                            ],
                            [
                                116.886377,
                                38.249437
                            ],
                            [
                                116.888065,
                                38.249609
                            ],
                            [
                                116.888427,
                                38.248382
                            ],
                            [
                                116.889457,
                                38.248585
                            ],
                            [
                                116.890277,
                                38.248969
                            ],
                            [
                                116.891918,
                                38.250023
                            ],
                            [
                                116.892818,
                                38.250023
                            ],
                            [
                                116.896646,
                                38.249618
                            ],
                            [
                                116.897648,
                                38.24968
                            ],
                            [
                                116.900269,
                                38.249561
                            ],
                            [
                                116.901682,
                                38.249643
                            ],
                            [
                                116.902247,
                                38.249805
                            ],
                            [
                                116.902427,
                                38.25019
                            ],
                            [
                                116.902477,
                                38.250939
                            ],
                            [
                                116.902372,
                                38.251892
                            ],
                            [
                                116.902526,
                                38.252297
                            ],
                            [
                                116.903426,
                                38.252561
                            ],
                            [
                                116.904839,
                                38.252562
                            ],
                            [
                                116.906304,
                                38.252421
                            ],
                            [
                                116.907589,
                                38.252458
                            ],
                            [
                                116.909733,
                                38.253878
                            ],
                            [
                                116.913938,
                                38.2544
                            ],
                            [
                                116.915213,
                                38.255175
                            ],
                            [
                                116.915228,
                                38.265774
                            ],
                            [
                                116.907732,
                                38.26731
                            ],
                            [
                                116.907263,
                                38.267796
                            ],
                            [
                                116.907449,
                                38.26882
                            ],
                            [
                                116.912447,
                                38.26866
                            ],
                            [
                                116.919704,
                                38.26811
                            ],
                            [
                                116.920112,
                                38.269597
                            ],
                            [
                                116.921226,
                                38.270988
                            ],
                            [
                                116.922774,
                                38.272158
                            ],
                            [
                                116.923691,
                                38.272309
                            ],
                            [
                                116.929391,
                                38.269041
                            ],
                            [
                                116.930969,
                                38.272993
                            ],
                            [
                                116.932854,
                                38.273176
                            ],
                            [
                                116.938101,
                                38.272169
                            ],
                            [
                                116.938874,
                                38.275495
                            ],
                            [
                                116.939301,
                                38.28166
                            ],
                            [
                                116.940219,
                                38.283978
                            ],
                            [
                                116.941361,
                                38.284233
                            ],
                            [
                                116.946222,
                                38.283136
                            ],
                            [
                                116.947677,
                                38.285195
                            ],
                            [
                                116.947356,
                                38.286272
                            ],
                            [
                                116.945084,
                                38.286366
                            ],
                            [
                                116.944422,
                                38.286837
                            ],
                            [
                                116.944245,
                                38.288593
                            ],
                            [
                                116.945106,
                                38.289931
                            ],
                            [
                                116.945367,
                                38.291121
                            ],
                            [
                                116.943805,
                                38.293565
                            ],
                            [
                                116.944192,
                                38.29425
                            ],
                            [
                                116.945335,
                                38.294937
                            ],
                            [
                                116.944638,
                                38.295949
                            ],
                            [
                                116.94842,
                                38.297802
                            ],
                            [
                                116.949029,
                                38.300159
                            ],
                            [
                                116.948458,
                                38.301517
                            ],
                            [
                                116.948183,
                                38.301841
                            ],
                            [
                                116.945264,
                                38.300639
                            ],
                            [
                                116.944674,
                                38.301124
                            ],
                            [
                                116.944369,
                                38.311506
                            ],
                            [
                                116.949382,
                                38.311419
                            ],
                            [
                                116.949014,
                                38.315812
                            ],
                            [
                                116.948846,
                                38.316126
                            ],
                            [
                                116.948669,
                                38.317308
                            ],
                            [
                                116.951248,
                                38.323374
                            ],
                            [
                                116.952623,
                                38.324527
                            ],
                            [
                                116.955131,
                                38.3249
                            ],
                            [
                                116.954887,
                                38.338782
                            ],
                            [
                                116.958299,
                                38.340312
                            ],
                            [
                                116.960581,
                                38.341176
                            ],
                            [
                                116.960007,
                                38.341644
                            ],
                            [
                                116.940724,
                                38.346558
                            ],
                            [
                                116.935992,
                                38.347426
                            ],
                            [
                                116.934306,
                                38.34822
                            ],
                            [
                                116.933903,
                                38.349421
                            ],
                            [
                                116.934385,
                                38.352519
                            ],
                            [
                                116.93446,
                                38.35748
                            ],
                            [
                                116.930247,
                                38.358546
                            ],
                            [
                                116.930877,
                                38.362838
                            ],
                            [
                                116.926741,
                                38.36309
                            ],
                            [
                                116.924432,
                                38.359919
                            ],
                            [
                                116.918887,
                                38.361221
                            ],
                            [
                                116.915068,
                                38.362446
                            ],
                            [
                                116.910963,
                                38.361972
                            ],
                            [
                                116.910949,
                                38.362435
                            ],
                            [
                                116.908904,
                                38.363356
                            ],
                            [
                                116.903865,
                                38.364178
                            ],
                            [
                                116.902008,
                                38.365782
                            ],
                            [
                                116.898348,
                                38.366026
                            ],
                            [
                                116.898398,
                                38.367271
                            ],
                            [
                                116.896722,
                                38.367378
                            ],
                            [
                                116.896191,
                                38.36467
                            ],
                            [
                                116.894642,
                                38.36479
                            ],
                            [
                                116.893377,
                                38.364654
                            ],
                            [
                                116.893773,
                                38.362018
                            ],
                            [
                                116.893124,
                                38.359863
                            ],
                            [
                                116.889517,
                                38.361007
                            ],
                            [
                                116.886795,
                                38.361356
                            ],
                            [
                                116.888393,
                                38.358066
                            ],
                            [
                                116.892602,
                                38.357041
                            ],
                            [
                                116.892191,
                                38.355685
                            ],
                            [
                                116.888842,
                                38.356067
                            ],
                            [
                                116.887396,
                                38.35023
                            ],
                            [
                                116.88432,
                                38.350929
                            ],
                            [
                                116.882413,
                                38.351828
                            ],
                            [
                                116.883118,
                                38.35373
                            ],
                            [
                                116.881351,
                                38.353966
                            ],
                            [
                                116.881032,
                                38.352664
                            ],
                            [
                                116.880722,
                                38.352572
                            ],
                            [
                                116.878497,
                                38.352857
                            ],
                            [
                                116.878346,
                                38.352313
                            ],
                            [
                                116.877642,
                                38.352445
                            ],
                            [
                                116.87742,
                                38.351552
                            ],
                            [
                                116.874304,
                                38.351898
                            ]
                        ]
                    ]
                ]
            }
        }
    ]
}