{
    "type": "FeatureCollection",
    "features": [
        {
            "type": "Feature",
            "properties": {
                "adcode": 131102,
                "name": "桃城区",
                "center": [
                    115.694945,
                    37.732237
                ],
                "centroid": [
                    115.663275,
                    37.718614
                ],
                "childrenNum": 0,
                "level": "district",
                "acroutes": [
                    100000,
                    130000,
                    131100
                ],
                "parent": {
                    "adcode": 131100
                }
            },
            "geometry": {
                "type": "MultiPolygon",
                "coordinates": [
                    [
                        [
                            [
                                115.437698,
                                37.722241
                            ],
                            [
                                115.436636,
                                37.722358
                            ],
                            [
                                115.43265,
                                37.718201
                            ],
                            [
                                115.431245,
                                37.716157
                            ],
                            [
                                115.430501,
                                37.713275
                            ],
                            [
                                115.429663,
                                37.710601
                            ],
                            [
                                115.432718,
                                37.708104
                            ],
                            [
                                115.433932,
                                37.708409
                            ],
                            [
                                115.437228,
                                37.707083
                            ],
                            [
                                115.4406,
                                37.709194
                            ],
                            [
                                115.442851,
                                37.708974
                            ],
                            [
                                115.442957,
                                37.707455
                            ],
                            [
                                115.444264,
                                37.706706
                            ],
                            [
                                115.443744,
                                37.70386
                            ],
                            [
                                115.444078,
                                37.702917
                            ],
                            [
                                115.445576,
                                37.702259
                            ],
                            [
                                115.448148,
                                37.70192
                            ],
                            [
                                115.449773,
                                37.702698
                            ],
                            [
                                115.450513,
                                37.703719
                            ],
                            [
                                115.453327,
                                37.703941
                            ],
                            [
                                115.453945,
                                37.702245
                            ],
                            [
                                115.453805,
                                37.697674
                            ],
                            [
                                115.455404,
                                37.697819
                            ],
                            [
                                115.457088,
                                37.697304
                            ],
                            [
                                115.464002,
                                37.692802
                            ],
                            [
                                115.464772,
                                37.692095
                            ],
                            [
                                115.464192,
                                37.691131
                            ],
                            [
                                115.468322,
                                37.690308
                            ],
                            [
                                115.467666,
                                37.689001
                            ],
                            [
                                115.469125,
                                37.687901
                            ],
                            [
                                115.472117,
                                37.687192
                            ],
                            [
                                115.472925,
                                37.689203
                            ],
                            [
                                115.472096,
                                37.689537
                            ],
                            [
                                115.471156,
                                37.689619
                            ],
                            [
                                115.471478,
                                37.690707
                            ],
                            [
                                115.475849,
                                37.699036
                            ],
                            [
                                115.475358,
                                37.702037
                            ],
                            [
                                115.475904,
                                37.705248
                            ],
                            [
                                115.479242,
                                37.705284
                            ],
                            [
                                115.482047,
                                37.706706
                            ],
                            [
                                115.485136,
                                37.710298
                            ],
                            [
                                115.490721,
                                37.709659
                            ],
                            [
                                115.493014,
                                37.708096
                            ],
                            [
                                115.492933,
                                37.705911
                            ],
                            [
                                115.496982,
                                37.705336
                            ],
                            [
                                115.496356,
                                37.700377
                            ],
                            [
                                115.502,
                                37.699282
                            ],
                            [
                                115.510065,
                                37.693777
                            ],
                            [
                                115.516111,
                                37.689189
                            ],
                            [
                                115.524746,
                                37.678873
                            ],
                            [
                                115.531084,
                                37.671081
                            ],
                            [
                                115.536568,
                                37.660085
                            ],
                            [
                                115.53859,
                                37.651152
                            ],
                            [
                                115.538903,
                                37.642223
                            ],
                            [
                                115.541218,
                                37.633749
                            ],
                            [
                                115.557317,
                                37.62343
                            ],
                            [
                                115.56968,
                                37.621594
                            ],
                            [
                                115.588097,
                                37.621596
                            ],
                            [
                                115.595087,
                                37.6206
                            ],
                            [
                                115.595413,
                                37.620646
                            ],
                            [
                                115.607623,
                                37.620459
                            ],
                            [
                                115.616153,
                                37.619943
                            ],
                            [
                                115.626697,
                                37.620662
                            ],
                            [
                                115.635218,
                                37.620132
                            ],
                            [
                                115.636052,
                                37.625331
                            ],
                            [
                                115.637317,
                                37.627693
                            ],
                            [
                                115.639254,
                                37.628035
                            ],
                            [
                                115.641467,
                                37.627669
                            ],
                            [
                                115.641658,
                                37.62717
                            ],
                            [
                                115.640532,
                                37.625238
                            ],
                            [
                                115.641971,
                                37.625272
                            ],
                            [
                                115.642292,
                                37.623535
                            ],
                            [
                                115.644408,
                                37.622465
                            ],
                            [
                                115.642275,
                                37.620414
                            ],
                            [
                                115.646891,
                                37.618298
                            ],
                            [
                                115.646282,
                                37.616877
                            ],
                            [
                                115.64874,
                                37.61617
                            ],
                            [
                                115.649054,
                                37.615995
                            ],
                            [
                                115.648474,
                                37.615095
                            ],
                            [
                                115.646333,
                                37.613332
                            ],
                            [
                                115.65906,
                                37.61274
                            ],
                            [
                                115.659762,
                                37.612468
                            ],
                            [
                                115.659462,
                                37.611429
                            ],
                            [
                                115.663359,
                                37.612563
                            ],
                            [
                                115.67144,
                                37.618993
                            ],
                            [
                                115.680964,
                                37.626112
                            ],
                            [
                                115.687027,
                                37.625897
                            ],
                            [
                                115.691072,
                                37.621097
                            ],
                            [
                                115.691931,
                                37.616294
                            ],
                            [
                                115.690784,
                                37.610566
                            ],
                            [
                                115.687886,
                                37.604604
                            ],
                            [
                                115.685703,
                                37.599379
                            ],
                            [
                                115.697706,
                                37.601644
                            ],
                            [
                                115.710687,
                                37.604879
                            ],
                            [
                                115.723672,
                                37.609702
                            ],
                            [
                                115.732624,
                                37.613839
                            ],
                            [
                                115.738963,
                                37.618417
                            ],
                            [
                                115.746743,
                                37.622539
                            ],
                            [
                                115.754232,
                                37.624834
                            ],
                            [
                                115.763172,
                                37.623688
                            ],
                            [
                                115.785618,
                                37.62504
                            ],
                            [
                                115.803443,
                                37.627753
                            ],
                            [
                                115.815815,
                                37.6307
                            ],
                            [
                                115.825876,
                                37.636397
                            ],
                            [
                                115.829007,
                                37.639697
                            ],
                            [
                                115.826832,
                                37.644541
                            ],
                            [
                                115.823291,
                                37.646626
                            ],
                            [
                                115.819703,
                                37.651307
                            ],
                            [
                                115.819174,
                                37.654179
                            ],
                            [
                                115.819483,
                                37.656013
                            ],
                            [
                                115.820456,
                                37.656118
                            ],
                            [
                                115.823033,
                                37.65522
                            ],
                            [
                                115.831474,
                                37.655211
                            ],
                            [
                                115.832104,
                                37.65549
                            ],
                            [
                                115.832024,
                                37.657123
                            ],
                            [
                                115.837367,
                                37.657242
                            ],
                            [
                                115.837342,
                                37.659371
                            ],
                            [
                                115.839568,
                                37.659579
                            ],
                            [
                                115.838814,
                                37.663892
                            ],
                            [
                                115.837042,
                                37.66394
                            ],
                            [
                                115.836394,
                                37.664515
                            ],
                            [
                                115.835205,
                                37.669917
                            ],
                            [
                                115.83422,
                                37.67032
                            ],
                            [
                                115.831161,
                                37.670401
                            ],
                            [
                                115.831093,
                                37.671107
                            ],
                            [
                                115.828766,
                                37.671229
                            ],
                            [
                                115.826968,
                                37.670628
                            ],
                            [
                                115.825961,
                                37.669883
                            ],
                            [
                                115.825876,
                                37.668425
                            ],
                            [
                                115.825377,
                                37.668138
                            ],
                            [
                                115.818425,
                                37.668119
                            ],
                            [
                                115.818472,
                                37.673971
                            ],
                            [
                                115.818616,
                                37.676659
                            ],
                            [
                                115.818861,
                                37.677544
                            ],
                            [
                                115.820291,
                                37.679828
                            ],
                            [
                                115.822487,
                                37.680608
                            ],
                            [
                                115.823435,
                                37.680169
                            ],
                            [
                                115.822698,
                                37.678632
                            ],
                            [
                                115.827196,
                                37.678878
                            ],
                            [
                                115.829299,
                                37.679534
                            ],
                            [
                                115.829883,
                                37.681601
                            ],
                            [
                                115.829938,
                                37.682656
                            ],
                            [
                                115.83361,
                                37.68131
                            ],
                            [
                                115.83526,
                                37.681594
                            ],
                            [
                                115.836411,
                                37.682534
                            ],
                            [
                                115.837824,
                                37.685798
                            ],
                            [
                                115.838501,
                                37.685775
                            ],
                            [
                                115.839276,
                                37.687848
                            ],
                            [
                                115.839026,
                                37.690623
                            ],
                            [
                                115.837816,
                                37.690351
                            ],
                            [
                                115.837283,
                                37.688939
                            ],
                            [
                                115.836052,
                                37.688497
                            ],
                            [
                                115.834275,
                                37.68839
                            ],
                            [
                                115.832624,
                                37.688941
                            ],
                            [
                                115.831029,
                                37.690086
                            ],
                            [
                                115.831004,
                                37.690969
                            ],
                            [
                                115.831863,
                                37.692126
                            ],
                            [
                                115.833136,
                                37.692837
                            ],
                            [
                                115.838434,
                                37.69952
                            ],
                            [
                                115.847801,
                                37.706928
                            ],
                            [
                                115.84921,
                                37.709874
                            ],
                            [
                                115.846214,
                                37.710792
                            ],
                            [
                                115.847725,
                                37.712426
                            ],
                            [
                                115.844907,
                                37.712829
                            ],
                            [
                                115.845368,
                                37.71525
                            ],
                            [
                                115.839656,
                                37.714983
                            ],
                            [
                                115.839529,
                                37.71635
                            ],
                            [
                                115.840498,
                                37.718299
                            ],
                            [
                                115.840177,
                                37.718656
                            ],
                            [
                                115.835882,
                                37.719796
                            ],
                            [
                                115.83521,
                                37.719613
                            ],
                            [
                                115.834867,
                                37.718375
                            ],
                            [
                                115.83372,
                                37.718654
                            ],
                            [
                                115.83411,
                                37.722017
                            ],
                            [
                                115.833255,
                                37.730035
                            ],
                            [
                                115.832121,
                                37.737816
                            ],
                            [
                                115.828965,
                                37.743782
                            ],
                            [
                                115.824945,
                                37.748148
                            ],
                            [
                                115.817181,
                                37.751597
                            ],
                            [
                                115.80338,
                                37.758501
                            ],
                            [
                                115.797338,
                                37.763326
                            ],
                            [
                                115.791871,
                                37.769972
                            ],
                            [
                                115.786985,
                                37.779369
                            ],
                            [
                                115.787568,
                                37.786695
                            ],
                            [
                                115.790759,
                                37.797675
                            ],
                            [
                                115.792206,
                                37.804315
                            ],
                            [
                                115.793661,
                                37.811638
                            ],
                            [
                                115.793382,
                                37.81805
                            ],
                            [
                                115.789358,
                                37.823781
                            ],
                            [
                                115.779843,
                                37.827001
                            ],
                            [
                                115.768588,
                                37.82953
                            ],
                            [
                                115.760321,
                                37.834219
                            ],
                            [
                                115.726451,
                                37.837384
                            ],
                            [
                                115.706925,
                                37.837891
                            ],
                            [
                                115.704611,
                                37.830164
                            ],
                            [
                                115.697837,
                                37.830828
                            ],
                            [
                                115.696284,
                                37.825079
                            ],
                            [
                                115.697152,
                                37.81754
                            ],
                            [
                                115.685884,
                                37.812741
                            ],
                            [
                                115.67749,
                                37.810435
                            ],
                            [
                                115.664459,
                                37.808798
                            ],
                            [
                                115.643621,
                                37.80875
                            ],
                            [
                                115.633496,
                                37.813081
                            ],
                            [
                                115.629151,
                                37.817419
                            ],
                            [
                                115.627001,
                                37.818734
                            ],
                            [
                                115.627996,
                                37.820687
                            ],
                            [
                                115.625787,
                                37.821304
                            ],
                            [
                                115.621421,
                                37.822883
                            ],
                            [
                                115.622952,
                                37.826994
                            ],
                            [
                                115.622969,
                                37.830592
                            ],
                            [
                                115.620769,
                                37.831524
                            ],
                            [
                                115.616949,
                                37.831947
                            ],
                            [
                                115.61507,
                                37.831776
                            ],
                            [
                                115.61433,
                                37.828523
                            ],
                            [
                                115.613191,
                                37.826737
                            ],
                            [
                                115.6121,
                                37.826143
                            ],
                            [
                                115.587839,
                                37.82913
                            ],
                            [
                                115.587678,
                                37.828537
                            ],
                            [
                                115.58646,
                                37.828096
                            ],
                            [
                                115.586007,
                                37.8312
                            ],
                            [
                                115.579576,
                                37.830411
                            ],
                            [
                                115.577664,
                                37.830854
                            ],
                            [
                                115.577418,
                                37.827227
                            ],
                            [
                                115.578582,
                                37.826053
                            ],
                            [
                                115.576526,
                                37.82545
                            ],
                            [
                                115.57598,
                                37.824441
                            ],
                            [
                                115.575142,
                                37.817886
                            ],
                            [
                                115.576301,
                                37.815873
                            ],
                            [
                                115.576386,
                                37.814313
                            ],
                            [
                                115.57422,
                                37.812324
                            ],
                            [
                                115.573534,
                                37.811037
                            ],
                            [
                                115.57411,
                                37.810904
                            ],
                            [
                                115.573894,
                                37.808017
                            ],
                            [
                                115.572578,
                                37.805923
                            ],
                            [
                                115.57229,
                                37.798594
                            ],
                            [
                                115.57548,
                                37.791725
                            ],
                            [
                                115.579238,
                                37.782796
                            ],
                            [
                                115.579542,
                                37.774095
                            ],
                            [
                                115.574359,
                                37.767223
                            ],
                            [
                                115.552768,
                                37.761965
                            ],
                            [
                                115.541823,
                                37.764725
                            ],
                            [
                                115.540799,
                                37.7652
                            ],
                            [
                                115.540503,
                                37.762644
                            ],
                            [
                                115.538857,
                                37.762771
                            ],
                            [
                                115.53796,
                                37.754117
                            ],
                            [
                                115.537236,
                                37.751223
                            ],
                            [
                                115.535798,
                                37.750227
                            ],
                            [
                                115.53309,
                                37.75083
                            ],
                            [
                                115.5299,
                                37.753297
                            ],
                            [
                                115.529434,
                                37.757457
                            ],
                            [
                                115.530302,
                                37.763045
                            ],
                            [
                                115.530691,
                                37.764039
                            ],
                            [
                                115.532646,
                                37.763908
                            ],
                            [
                                115.53254,
                                37.765655
                            ],
                            [
                                115.532798,
                                37.766992
                            ],
                            [
                                115.530319,
                                37.767705
                            ],
                            [
                                115.52965,
                                37.767467
                            ],
                            [
                                115.529316,
                                37.765979
                            ],
                            [
                                115.529011,
                                37.765774
                            ],
                            [
                                115.525461,
                                37.765874
                            ],
                            [
                                115.525512,
                                37.768694
                            ],
                            [
                                115.524937,
                                37.769404
                            ],
                            [
                                115.520566,
                                37.769876
                            ],
                            [
                                115.519576,
                                37.769748
                            ],
                            [
                                115.519022,
                                37.769078
                            ],
                            [
                                115.518328,
                                37.764775
                            ],
                            [
                                115.516124,
                                37.764845
                            ],
                            [
                                115.516111,
                                37.769073
                            ],
                            [
                                115.514279,
                                37.769195
                            ],
                            [
                                115.513995,
                                37.770129
                            ],
                            [
                                115.514473,
                                37.775994
                            ],
                            [
                                115.511017,
                                37.777119
                            ],
                            [
                                115.500088,
                                37.778962
                            ],
                            [
                                115.492904,
                                37.778054
                            ],
                            [
                                115.486519,
                                37.777853
                            ],
                            [
                                115.485453,
                                37.776957
                            ],
                            [
                                115.480892,
                                37.769476
                            ],
                            [
                                115.475049,
                                37.77011
                            ],
                            [
                                115.473538,
                                37.780213
                            ],
                            [
                                115.472341,
                                37.780909
                            ],
                            [
                                115.467585,
                                37.781326
                            ],
                            [
                                115.467856,
                                37.783025
                            ],
                            [
                                115.46731,
                                37.783087
                            ],
                            [
                                115.466587,
                                37.781905
                            ],
                            [
                                115.465918,
                                37.781695
                            ],
                            [
                                115.452235,
                                37.783358
                            ],
                            [
                                115.449866,
                                37.782815
                            ],
                            [
                                115.447793,
                                37.780961
                            ],
                            [
                                115.447839,
                                37.777544
                            ],
                            [
                                115.444395,
                                37.777672
                            ],
                            [
                                115.444158,
                                37.773049
                            ],
                            [
                                115.439339,
                                37.773461
                            ],
                            [
                                115.439284,
                                37.769135
                            ],
                            [
                                115.438176,
                                37.768639
                            ],
                            [
                                115.434698,
                                37.768894
                            ],
                            [
                                115.434355,
                                37.766177
                            ],
                            [
                                115.431499,
                                37.766263
                            ],
                            [
                                115.431237,
                                37.763245
                            ],
                            [
                                115.42814,
                                37.76257
                            ],
                            [
                                115.426113,
                                37.760897
                            ],
                            [
                                115.426506,
                                37.759858
                            ],
                            [
                                115.431101,
                                37.7617
                            ],
                            [
                                115.433014,
                                37.761884
                            ],
                            [
                                115.435108,
                                37.761321
                            ],
                            [
                                115.43895,
                                37.758907
                            ],
                            [
                                115.440063,
                                37.756756
                            ],
                            [
                                115.440587,
                                37.749976
                            ],
                            [
                                115.445694,
                                37.748374
                            ],
                            [
                                115.446773,
                                37.747234
                            ],
                            [
                                115.457452,
                                37.747091
                            ],
                            [
                                115.459483,
                                37.746002
                            ],
                            [
                                115.461852,
                                37.745742
                            ],
                            [
                                115.473746,
                                37.74546
                            ],
                            [
                                115.476957,
                                37.745005
                            ],
                            [
                                115.477858,
                                37.744101
                            ],
                            [
                                115.477651,
                                37.741562
                            ],
                            [
                                115.480355,
                                37.741018
                            ],
                            [
                                115.480968,
                                37.730605
                            ],
                            [
                                115.481197,
                                37.723224
                            ],
                            [
                                115.480223,
                                37.717426
                            ],
                            [
                                115.478971,
                                37.716691
                            ],
                            [
                                115.475671,
                                37.716371
                            ],
                            [
                                115.475489,
                                37.718427
                            ],
                            [
                                115.474939,
                                37.718671
                            ],
                            [
                                115.471833,
                                37.717523
                            ],
                            [
                                115.466295,
                                37.7152
                            ],
                            [
                                115.462991,
                                37.71785
                            ],
                            [
                                115.463295,
                                37.721945
                            ],
                            [
                                115.461222,
                                37.721969
                            ],
                            [
                                115.462064,
                                37.727932
                            ],
                            [
                                115.461861,
                                37.728976
                            ],
                            [
                                115.461175,
                                37.729305
                            ],
                            [
                                115.456669,
                                37.728864
                            ],
                            [
                                115.452493,
                                37.727617
                            ],
                            [
                                115.452811,
                                37.723448
                            ],
                            [
                                115.455011,
                                37.721681
                            ],
                            [
                                115.455963,
                                37.720176
                            ],
                            [
                                115.453801,
                                37.713039
                            ],
                            [
                                115.45251,
                                37.711381
                            ],
                            [
                                115.447915,
                                37.71105
                            ],
                            [
                                115.447196,
                                37.711348
                            ],
                            [
                                115.447183,
                                37.713227
                            ],
                            [
                                115.439352,
                                37.715296
                            ],
                            [
                                115.437681,
                                37.716698
                            ],
                            [
                                115.436767,
                                37.718234
                            ],
                            [
                                115.436762,
                                37.719818
                            ],
                            [
                                115.437698,
                                37.722241
                            ]
                        ]
                    ]
                ]
            }
        }
    ]
}