{
    "type": "FeatureCollection",
    "features": [
        {
            "type": "Feature",
            "properties": {
                "adcode": 131182,
                "name": "深州市",
                "center": [
                    115.554596,
                    38.00347
                ],
                "centroid": [
                    115.581623,
                    37.952239
                ],
                "childrenNum": 0,
                "level": "district",
                "acroutes": [
                    100000,
                    130000,
                    131100
                ],
                "parent": {
                    "adcode": 131100
                }
            },
            "geometry": {
                "type": "MultiPolygon",
                "coordinates": [
                    [
                        [
                            [
                                115.454493,
                                38.091338
                            ],
                            [
                                115.458814,
                                38.091488
                            ],
                            [
                                115.459997,
                                38.093058
                            ],
                            [
                                115.462137,
                                38.094101
                            ],
                            [
                                115.463582,
                                38.094038
                            ],
                            [
                                115.464317,
                                38.093353
                            ],
                            [
                                115.465914,
                                38.093512
                            ],
                            [
                                115.465798,
                                38.09514
                            ],
                            [
                                115.468084,
                                38.095149
                            ],
                            [
                                115.468456,
                                38.091266
                            ],
                            [
                                115.471211,
                                38.091768
                            ],
                            [
                                115.473325,
                                38.090493
                            ],
                            [
                                115.474363,
                                38.089179
                            ],
                            [
                                115.474504,
                                38.08601
                            ],
                            [
                                115.478633,
                                38.085812
                            ],
                            [
                                115.480949,
                                38.085078
                            ],
                            [
                                115.482978,
                                38.083986
                            ],
                            [
                                115.483613,
                                38.082783
                            ],
                            [
                                115.483406,
                                38.080368
                            ],
                            [
                                115.481664,
                                38.074676
                            ],
                            [
                                115.47757,
                                38.074918
                            ],
                            [
                                115.476342,
                                38.072961
                            ],
                            [
                                115.475209,
                                38.068555
                            ],
                            [
                                115.474474,
                                38.067574
                            ],
                            [
                                115.468889,
                                38.067849
                            ],
                            [
                                115.463305,
                                38.066337
                            ],
                            [
                                115.46261,
                                38.063969
                            ],
                            [
                                115.466754,
                                38.063544
                            ],
                            [
                                115.465304,
                                38.05514
                            ],
                            [
                                115.464559,
                                38.053086
                            ],
                            [
                                115.46257,
                                38.053555
                            ],
                            [
                                115.462092,
                                38.052912
                            ],
                            [
                                115.461649,
                                38.04935
                            ],
                            [
                                115.45898,
                                38.042521
                            ],
                            [
                                115.459972,
                                38.037769
                            ],
                            [
                                115.458537,
                                38.032167
                            ],
                            [
                                115.457525,
                                38.030827
                            ],
                            [
                                115.451946,
                                38.030083
                            ],
                            [
                                115.447852,
                                38.03118
                            ],
                            [
                                115.447212,
                                38.028299
                            ],
                            [
                                115.447233,
                                38.025843
                            ],
                            [
                                115.450027,
                                38.02579
                            ],
                            [
                                115.450485,
                                38.025384
                            ],
                            [
                                115.451361,
                                38.017304
                            ],
                            [
                                115.449654,
                                38.014959
                            ],
                            [
                                115.448119,
                                38.014055
                            ],
                            [
                                115.445943,
                                38.013557
                            ],
                            [
                                115.442107,
                                38.013949
                            ],
                            [
                                115.441266,
                                38.011217
                            ],
                            [
                                115.437464,
                                38.011381
                            ],
                            [
                                115.437122,
                                38.009756
                            ],
                            [
                                115.437575,
                                38.004354
                            ],
                            [
                                115.436422,
                                38.004509
                            ],
                            [
                                115.436115,
                                38.003445
                            ],
                            [
                                115.43836,
                                38.00317
                            ],
                            [
                                115.438184,
                                38.001221
                            ],
                            [
                                115.439241,
                                38.00093
                            ],
                            [
                                115.440037,
                                38.002125
                            ],
                            [
                                115.445213,
                                38.001675
                            ],
                            [
                                115.445571,
                                38.003049
                            ],
                            [
                                115.450531,
                                38.00272
                            ],
                            [
                                115.454363,
                                38.002309
                            ],
                            [
                                115.454388,
                                37.999712
                            ],
                            [
                                115.458522,
                                37.999692
                            ],
                            [
                                115.459544,
                                37.998778
                            ],
                            [
                                115.463285,
                                37.998396
                            ],
                            [
                                115.462298,
                                37.995267
                            ],
                            [
                                115.464191,
                                37.992994
                            ],
                            [
                                115.460088,
                                37.993395
                            ],
                            [
                                115.45398,
                                37.99252
                            ],
                            [
                                115.448622,
                                37.991383
                            ],
                            [
                                115.446422,
                                37.990488
                            ],
                            [
                                115.445017,
                                37.989192
                            ],
                            [
                                115.444367,
                                37.986952
                            ],
                            [
                                115.444131,
                                37.984911
                            ],
                            [
                                115.445692,
                                37.985003
                            ],
                            [
                                115.444816,
                                37.97941
                            ],
                            [
                                115.445042,
                                37.977775
                            ],
                            [
                                115.447771,
                                37.976672
                            ],
                            [
                                115.456004,
                                37.974553
                            ],
                            [
                                115.458139,
                                37.972028
                            ],
                            [
                                115.457444,
                                37.969425
                            ],
                            [
                                115.456407,
                                37.966821
                            ],
                            [
                                115.456165,
                                37.962583
                            ],
                            [
                                115.45687,
                                37.957676
                            ],
                            [
                                115.460214,
                                37.955431
                            ],
                            [
                                115.463794,
                                37.954777
                            ],
                            [
                                115.464181,
                                37.954105
                            ],
                            [
                                115.462892,
                                37.95198
                            ],
                            [
                                115.460712,
                                37.950107
                            ],
                            [
                                115.457585,
                                37.950751
                            ],
                            [
                                115.453924,
                                37.943239
                            ],
                            [
                                115.451226,
                                37.943656
                            ],
                            [
                                115.449972,
                                37.938418
                            ],
                            [
                                115.448587,
                                37.936574
                            ],
                            [
                                115.446387,
                                37.935993
                            ],
                            [
                                115.44256,
                                37.936109
                            ],
                            [
                                115.442207,
                                37.934362
                            ],
                            [
                                115.434831,
                                37.935853
                            ],
                            [
                                115.432242,
                                37.93685
                            ],
                            [
                                115.431935,
                                37.939299
                            ],
                            [
                                115.425802,
                                37.94262
                            ],
                            [
                                115.422212,
                                37.943786
                            ],
                            [
                                115.418038,
                                37.943191
                            ],
                            [
                                115.412796,
                                37.943263
                            ],
                            [
                                115.41339,
                                37.9358
                            ],
                            [
                                115.411482,
                                37.935587
                            ],
                            [
                                115.412051,
                                37.928867
                            ],
                            [
                                115.413607,
                                37.929831
                            ],
                            [
                                115.412569,
                                37.923808
                            ],
                            [
                                115.410183,
                                37.920177
                            ],
                            [
                                115.408667,
                                37.918909
                            ],
                            [
                                115.405198,
                                37.918531
                            ],
                            [
                                115.393692,
                                37.919698
                            ],
                            [
                                115.392756,
                                37.920947
                            ],
                            [
                                115.391426,
                                37.924999
                            ],
                            [
                                115.390429,
                                37.918318
                            ],
                            [
                                115.389513,
                                37.917437
                            ],
                            [
                                115.386809,
                                37.91766
                            ],
                            [
                                115.385817,
                                37.917224
                            ],
                            [
                                115.384326,
                                37.911491
                            ],
                            [
                                115.38631,
                                37.911069
                            ],
                            [
                                115.385147,
                                37.910145
                            ],
                            [
                                115.383611,
                                37.907728
                            ],
                            [
                                115.380152,
                                37.90646
                            ],
                            [
                                115.376114,
                                37.905515
                            ],
                            [
                                115.371486,
                                37.905225
                            ],
                            [
                                115.367725,
                                37.906271
                            ],
                            [
                                115.365479,
                                37.90629
                            ],
                            [
                                115.365953,
                                37.904968
                            ],
                            [
                                115.365283,
                                37.895844
                            ],
                            [
                                115.362972,
                                37.896352
                            ],
                            [
                                115.362619,
                                37.888908
                            ],
                            [
                                115.362322,
                                37.888307
                            ],
                            [
                                115.360389,
                                37.888487
                            ],
                            [
                                115.359885,
                                37.883648
                            ],
                            [
                                115.360323,
                                37.880058
                            ],
                            [
                                115.362503,
                                37.879835
                            ],
                            [
                                115.363234,
                                37.878978
                            ],
                            [
                                115.374996,
                                37.878237
                            ],
                            [
                                115.374487,
                                37.876294
                            ],
                            [
                                115.376199,
                                37.875577
                            ],
                            [
                                115.389805,
                                37.874618
                            ],
                            [
                                115.390142,
                                37.873944
                            ],
                            [
                                115.389513,
                                37.871338
                            ],
                            [
                                115.391648,
                                37.866812
                            ],
                            [
                                115.392015,
                                37.862219
                            ],
                            [
                                115.391185,
                                37.857664
                            ],
                            [
                                115.387866,
                                37.857727
                            ],
                            [
                                115.389629,
                                37.855086
                            ],
                            [
                                115.390132,
                                37.853569
                            ],
                            [
                                115.388642,
                                37.852998
                            ],
                            [
                                115.375082,
                                37.853361
                            ],
                            [
                                115.374608,
                                37.85261
                            ],
                            [
                                115.375182,
                                37.848495
                            ],
                            [
                                115.372549,
                                37.848185
                            ],
                            [
                                115.371391,
                                37.849053
                            ],
                            [
                                115.371698,
                                37.852557
                            ],
                            [
                                115.367357,
                                37.852372
                            ],
                            [
                                115.366501,
                                37.851733
                            ],
                            [
                                115.366214,
                                37.849741
                            ],
                            [
                                115.363777,
                                37.850095
                            ],
                            [
                                115.363032,
                                37.849843
                            ],
                            [
                                115.362005,
                                37.846911
                            ],
                            [
                                115.361889,
                                37.840949
                            ],
                            [
                                115.361124,
                                37.839592
                            ],
                            [
                                115.359996,
                                37.839301
                            ],
                            [
                                115.35986,
                                37.838584
                            ],
                            [
                                115.361426,
                                37.833087
                            ],
                            [
                                115.361204,
                                37.826141
                            ],
                            [
                                115.360172,
                                37.820245
                            ],
                            [
                                115.359215,
                                37.817647
                            ],
                            [
                                115.358198,
                                37.816784
                            ],
                            [
                                115.354895,
                                37.817957
                            ],
                            [
                                115.353989,
                                37.817836
                            ],
                            [
                                115.352619,
                                37.815392
                            ],
                            [
                                115.350862,
                                37.808972
                            ],
                            [
                                115.349739,
                                37.805753
                            ],
                            [
                                115.351365,
                                37.804419
                            ],
                            [
                                115.351577,
                                37.803633
                            ],
                            [
                                115.349769,
                                37.794511
                            ],
                            [
                                115.34983,
                                37.791873
                            ],
                            [
                                115.351219,
                                37.791315
                            ],
                            [
                                115.352347,
                                37.78404
                            ],
                            [
                                115.364674,
                                37.782793
                            ],
                            [
                                115.365499,
                                37.780882
                            ],
                            [
                                115.366501,
                                37.779761
                            ],
                            [
                                115.370384,
                                37.776244
                            ],
                            [
                                115.371748,
                                37.773848
                            ],
                            [
                                115.371637,
                                37.770355
                            ],
                            [
                                115.367801,
                                37.770821
                            ],
                            [
                                115.366602,
                                37.767973
                            ],
                            [
                                115.364502,
                                37.76824
                            ],
                            [
                                115.364331,
                                37.764382
                            ],
                            [
                                115.363505,
                                37.762141
                            ],
                            [
                                115.362931,
                                37.761728
                            ],
                            [
                                115.360691,
                                37.76168
                            ],
                            [
                                115.361194,
                                37.75922
                            ],
                            [
                                115.359835,
                                37.759564
                            ],
                            [
                                115.35776,
                                37.762141
                            ],
                            [
                                115.356345,
                                37.762607
                            ],
                            [
                                115.355248,
                                37.760869
                            ],
                            [
                                115.351255,
                                37.762539
                            ],
                            [
                                115.349603,
                                37.76035
                            ],
                            [
                                115.347352,
                                37.757842
                            ],
                            [
                                115.345534,
                                37.759074
                            ],
                            [
                                115.344452,
                                37.748161
                            ],
                            [
                                115.345202,
                                37.747176
                            ],
                            [
                                115.349442,
                                37.747277
                            ],
                            [
                                115.349814,
                                37.745589
                            ],
                            [
                                115.348838,
                                37.741653
                            ],
                            [
                                115.349306,
                                37.739978
                            ],
                            [
                                115.355716,
                                37.737634
                            ],
                            [
                                115.355137,
                                37.735401
                            ],
                            [
                                115.357226,
                                37.733387
                            ],
                            [
                                115.360313,
                                37.732023
                            ],
                            [
                                115.368516,
                                37.729746
                            ],
                            [
                                115.36921,
                                37.732367
                            ],
                            [
                                115.370394,
                                37.732086
                            ],
                            [
                                115.371683,
                                37.734969
                            ],
                            [
                                115.37486,
                                37.734872
                            ],
                            [
                                115.377861,
                                37.742017
                            ],
                            [
                                115.384603,
                                37.741036
                            ],
                            [
                                115.384558,
                                37.739808
                            ],
                            [
                                115.389583,
                                37.739352
                            ],
                            [
                                115.391124,
                                37.738838
                            ],
                            [
                                115.391547,
                                37.73794
                            ],
                            [
                                115.391411,
                                37.735095
                            ],
                            [
                                115.39192,
                                37.734435
                            ],
                            [
                                115.398017,
                                37.734979
                            ],
                            [
                                115.397514,
                                37.729601
                            ],
                            [
                                115.398375,
                                37.729004
                            ],
                            [
                                115.402871,
                                37.72761
                            ],
                            [
                                115.41331,
                                37.725523
                            ],
                            [
                                115.415248,
                                37.72446
                            ],
                            [
                                115.416734,
                                37.729062
                            ],
                            [
                                115.417957,
                                37.73061
                            ],
                            [
                                115.420117,
                                37.73061
                            ],
                            [
                                115.423758,
                                37.729838
                            ],
                            [
                                115.42405,
                                37.728455
                            ],
                            [
                                115.429795,
                                37.727693
                            ],
                            [
                                115.429146,
                                37.726072
                            ],
                            [
                                115.433491,
                                37.725169
                            ],
                            [
                                115.433239,
                                37.723334
                            ],
                            [
                                115.440223,
                                37.723164
                            ],
                            [
                                115.440168,
                                37.721969
                            ],
                            [
                                115.437696,
                                37.722241
                            ],
                            [
                                115.436759,
                                37.719819
                            ],
                            [
                                115.436769,
                                37.718236
                            ],
                            [
                                115.437681,
                                37.716697
                            ],
                            [
                                115.439352,
                                37.715294
                            ],
                            [
                                115.447182,
                                37.713231
                            ],
                            [
                                115.447197,
                                37.711347
                            ],
                            [
                                115.447917,
                                37.711051
                            ],
                            [
                                115.45251,
                                37.711381
                            ],
                            [
                                115.453804,
                                37.713036
                            ],
                            [
                                115.455964,
                                37.720178
                            ],
                            [
                                115.455012,
                                37.721678
                            ],
                            [
                                115.452812,
                                37.72345
                            ],
                            [
                                115.452494,
                                37.727615
                            ],
                            [
                                115.456669,
                                37.728863
                            ],
                            [
                                115.461175,
                                37.729305
                            ],
                            [
                                115.462061,
                                37.727931
                            ],
                            [
                                115.461226,
                                37.721969
                            ],
                            [
                                115.463295,
                                37.721945
                            ],
                            [
                                115.462988,
                                37.717853
                            ],
                            [
                                115.466296,
                                37.715202
                            ],
                            [
                                115.471835,
                                37.717522
                            ],
                            [
                                115.474937,
                                37.718668
                            ],
                            [
                                115.475486,
                                37.718425
                            ],
                            [
                                115.475672,
                                37.716372
                            ],
                            [
                                115.47897,
                                37.716692
                            ],
                            [
                                115.480224,
                                37.717425
                            ],
                            [
                                115.481196,
                                37.723222
                            ],
                            [
                                115.480969,
                                37.730605
                            ],
                            [
                                115.480355,
                                37.741017
                            ],
                            [
                                115.477651,
                                37.74156
                            ],
                            [
                                115.477857,
                                37.744103
                            ],
                            [
                                115.476956,
                                37.745006
                            ],
                            [
                                115.473748,
                                37.745458
                            ],
                            [
                                115.46185,
                                37.745744
                            ],
                            [
                                115.459483,
                                37.746001
                            ],
                            [
                                115.457449,
                                37.747093
                            ],
                            [
                                115.446769,
                                37.747234
                            ],
                            [
                                115.445692,
                                37.748374
                            ],
                            [
                                115.440586,
                                37.749976
                            ],
                            [
                                115.440062,
                                37.756755
                            ],
                            [
                                115.438949,
                                37.758904
                            ],
                            [
                                115.435107,
                                37.761321
                            ],
                            [
                                115.433018,
                                37.761884
                            ],
                            [
                                115.431104,
                                37.761699
                            ],
                            [
                                115.426507,
                                37.75986
                            ],
                            [
                                115.426114,
                                37.760899
                            ],
                            [
                                115.428139,
                                37.762573
                            ],
                            [
                                115.431235,
                                37.763247
                            ],
                            [
                                115.431497,
                                37.766265
                            ],
                            [
                                115.434352,
                                37.766178
                            ],
                            [
                                115.434695,
                                37.768894
                            ],
                            [
                                115.438174,
                                37.768642
                            ],
                            [
                                115.439282,
                                37.769132
                            ],
                            [
                                115.439337,
                                37.77346
                            ],
                            [
                                115.444156,
                                37.773047
                            ],
                            [
                                115.444393,
                                37.777671
                            ],
                            [
                                115.447842,
                                37.777544
                            ],
                            [
                                115.447791,
                                37.780964
                            ],
                            [
                                115.449866,
                                37.782817
                            ],
                            [
                                115.452238,
                                37.783356
                            ],
                            [
                                115.465919,
                                37.781697
                            ],
                            [
                                115.467308,
                                37.783084
                            ],
                            [
                                115.467857,
                                37.783026
                            ],
                            [
                                115.467585,
                                37.781323
                            ],
                            [
                                115.472339,
                                37.780911
                            ],
                            [
                                115.473537,
                                37.780212
                            ],
                            [
                                115.475048,
                                37.770112
                            ],
                            [
                                115.480889,
                                37.769477
                            ],
                            [
                                115.485456,
                                37.776957
                            ],
                            [
                                115.486518,
                                37.777855
                            ],
                            [
                                115.492903,
                                37.778054
                            ],
                            [
                                115.500088,
                                37.778961
                            ],
                            [
                                115.51102,
                                37.777117
                            ],
                            [
                                115.514474,
                                37.775997
                            ],
                            [
                                115.513996,
                                37.770127
                            ],
                            [
                                115.514278,
                                37.769195
                            ],
                            [
                                115.51611,
                                37.769074
                            ],
                            [
                                115.516126,
                                37.764843
                            ],
                            [
                                115.518331,
                                37.764775
                            ],
                            [
                                115.519021,
                                37.769079
                            ],
                            [
                                115.520567,
                                37.769874
                            ],
                            [
                                115.524937,
                                37.769404
                            ],
                            [
                                115.525511,
                                37.768696
                            ],
                            [
                                115.525461,
                                37.765872
                            ],
                            [
                                115.529011,
                                37.765775
                            ],
                            [
                                115.52965,
                                37.767468
                            ],
                            [
                                115.53032,
                                37.767706
                            ],
                            [
                                115.532797,
                                37.766993
                            ],
                            [
                                115.532646,
                                37.763907
                            ],
                            [
                                115.530693,
                                37.764038
                            ],
                            [
                                115.5303,
                                37.763043
                            ],
                            [
                                115.529434,
                                37.757458
                            ],
                            [
                                115.529902,
                                37.753295
                            ],
                            [
                                115.53309,
                                37.75083
                            ],
                            [
                                115.535799,
                                37.750228
                            ],
                            [
                                115.537234,
                                37.751223
                            ],
                            [
                                115.537959,
                                37.754115
                            ],
                            [
                                115.53886,
                                37.762772
                            ],
                            [
                                115.540502,
                                37.762645
                            ],
                            [
                                115.540799,
                                37.765197
                            ],
                            [
                                115.541821,
                                37.764727
                            ],
                            [
                                115.552768,
                                37.761966
                            ],
                            [
                                115.574359,
                                37.767221
                            ],
                            [
                                115.57954,
                                37.774095
                            ],
                            [
                                115.579238,
                                37.782798
                            ],
                            [
                                115.575477,
                                37.791723
                            ],
                            [
                                115.572289,
                                37.798595
                            ],
                            [
                                115.572576,
                                37.805922
                            ],
                            [
                                115.573896,
                                37.808017
                            ],
                            [
                                115.574107,
                                37.810902
                            ],
                            [
                                115.573533,
                                37.811038
                            ],
                            [
                                115.574223,
                                37.812323
                            ],
                            [
                                115.576383,
                                37.814311
                            ],
                            [
                                115.576303,
                                37.815872
                            ],
                            [
                                115.575139,
                                37.817884
                            ],
                            [
                                115.57598,
                                37.824439
                            ],
                            [
                                115.576529,
                                37.825452
                            ],
                            [
                                115.578584,
                                37.826053
                            ],
                            [
                                115.577415,
                                37.827227
                            ],
                            [
                                115.577662,
                                37.830853
                            ],
                            [
                                115.579576,
                                37.830411
                            ],
                            [
                                115.586006,
                                37.831202
                            ],
                            [
                                115.586459,
                                37.828099
                            ],
                            [
                                115.587838,
                                37.829132
                            ],
                            [
                                115.612099,
                                37.826145
                            ],
                            [
                                115.613191,
                                37.826737
                            ],
                            [
                                115.614329,
                                37.828526
                            ],
                            [
                                115.615074,
                                37.831774
                            ],
                            [
                                115.616948,
                                37.831948
                            ],
                            [
                                115.620769,
                                37.831522
                            ],
                            [
                                115.62297,
                                37.830591
                            ],
                            [
                                115.622955,
                                37.826994
                            ],
                            [
                                115.621419,
                                37.822883
                            ],
                            [
                                115.62579,
                                37.821302
                            ],
                            [
                                115.627995,
                                37.820687
                            ],
                            [
                                115.627003,
                                37.818733
                            ],
                            [
                                115.629153,
                                37.817419
                            ],
                            [
                                115.633494,
                                37.813079
                            ],
                            [
                                115.643625,
                                37.808749
                            ],
                            [
                                115.664456,
                                37.808798
                            ],
                            [
                                115.677492,
                                37.810432
                            ],
                            [
                                115.685886,
                                37.81274
                            ],
                            [
                                115.69715,
                                37.81754
                            ],
                            [
                                115.696284,
                                37.825079
                            ],
                            [
                                115.697835,
                                37.830828
                            ],
                            [
                                115.704607,
                                37.830164
                            ],
                            [
                                115.706929,
                                37.837891
                            ],
                            [
                                115.726455,
                                37.837382
                            ],
                            [
                                115.760323,
                                37.834222
                            ],
                            [
                                115.756461,
                                37.83824
                            ],
                            [
                                115.753581,
                                37.846024
                            ],
                            [
                                115.753309,
                                37.85404
                            ],
                            [
                                115.755051,
                                37.863193
                            ],
                            [
                                115.756214,
                                37.873721
                            ],
                            [
                                115.759981,
                                37.88311
                            ],
                            [
                                115.765197,
                                37.892269
                            ],
                            [
                                115.774442,
                                37.896837
                            ],
                            [
                                115.782529,
                                37.900033
                            ],
                            [
                                115.787735,
                                37.902309
                            ],
                            [
                                115.792937,
                                37.907336
                            ],
                            [
                                115.795258,
                                37.91306
                            ],
                            [
                                115.797166,
                                37.921688
                            ],
                            [
                                115.79123,
                                37.925425
                            ],
                            [
                                115.788067,
                                37.929327
                            ],
                            [
                                115.788365,
                                37.935969
                            ],
                            [
                                115.789986,
                                37.939958
                            ],
                            [
                                115.79205,
                                37.940045
                            ],
                            [
                                115.792076,
                                37.941531
                            ],
                            [
                                115.794155,
                                37.941744
                            ],
                            [
                                115.794049,
                                37.944357
                            ],
                            [
                                115.799412,
                                37.944759
                            ],
                            [
                                115.799865,
                                37.945117
                            ],
                            [
                                115.79982,
                                37.946956
                            ],
                            [
                                115.803873,
                                37.947058
                            ],
                            [
                                115.807338,
                                37.948646
                            ],
                            [
                                115.807176,
                                37.950068
                            ],
                            [
                                115.803022,
                                37.950068
                            ],
                            [
                                115.80347,
                                37.952725
                            ],
                            [
                                115.801708,
                                37.952711
                            ],
                            [
                                115.801628,
                                37.953843
                            ],
                            [
                                115.797171,
                                37.953538
                            ],
                            [
                                115.796789,
                                37.954772
                            ],
                            [
                                115.798873,
                                37.955876
                            ],
                            [
                                115.800963,
                                37.955856
                            ],
                            [
                                115.806179,
                                37.958213
                            ],
                            [
                                115.80627,
                                37.959491
                            ],
                            [
                                115.800711,
                                37.962365
                            ],
                            [
                                115.799961,
                                37.964407
                            ],
                            [
                                115.800651,
                                37.96851
                            ],
                            [
                                115.804185,
                                37.968912
                            ],
                            [
                                115.806482,
                                37.968757
                            ],
                            [
                                115.808556,
                                37.971568
                            ],
                            [
                                115.808909,
                                37.975443
                            ],
                            [
                                115.80982,
                                37.975797
                            ],
                            [
                                115.809503,
                                37.97778
                            ],
                            [
                                115.809714,
                                37.979981
                            ],
                            [
                                115.808415,
                                37.979962
                            ],
                            [
                                115.806431,
                                37.981587
                            ],
                            [
                                115.805862,
                                37.984238
                            ],
                            [
                                115.803873,
                                37.98479
                            ],
                            [
                                115.802942,
                                37.983392
                            ],
                            [
                                115.801054,
                                37.982981
                            ],
                            [
                                115.800082,
                                37.984383
                            ],
                            [
                                115.797383,
                                37.983353
                            ],
                            [
                                115.797307,
                                37.983029
                            ],
                            [
                                115.794246,
                                37.982579
                            ],
                            [
                                115.793445,
                                37.983251
                            ],
                            [
                                115.791396,
                                37.982797
                            ],
                            [
                                115.791512,
                                37.981752
                            ],
                            [
                                115.781642,
                                37.980992
                            ],
                            [
                                115.78058,
                                37.981258
                            ],
                            [
                                115.7792,
                                37.983208
                            ],
                            [
                                115.779412,
                                37.984059
                            ],
                            [
                                115.77419,
                                37.983764
                            ],
                            [
                                115.773581,
                                37.985694
                            ],
                            [
                                115.769799,
                                37.985748
                            ],
                            [
                                115.769326,
                                37.987552
                            ],
                            [
                                115.770167,
                                37.988771
                            ],
                            [
                                115.770031,
                                37.992916
                            ],
                            [
                                115.770852,
                                37.994585
                            ],
                            [
                                115.773309,
                                37.99665
                            ],
                            [
                                115.779769,
                                37.997869
                            ],
                            [
                                115.781632,
                                38.005771
                            ],
                            [
                                115.78337,
                                38.005588
                            ],
                            [
                                115.783218,
                                38.007672
                            ],
                            [
                                115.783667,
                                38.008209
                            ],
                            [
                                115.796225,
                                38.006714
                            ],
                            [
                                115.798536,
                                38.011807
                            ],
                            [
                                115.802217,
                                38.009819
                            ],
                            [
                                115.803168,
                                38.016719
                            ],
                            [
                                115.802066,
                                38.017479
                            ],
                            [
                                115.797348,
                                38.018731
                            ],
                            [
                                115.795721,
                                38.021516
                            ],
                            [
                                115.793979,
                                38.021738
                            ],
                            [
                                115.795087,
                                38.026302
                            ],
                            [
                                115.794739,
                                38.028434
                            ],
                            [
                                115.793279,
                                38.030189
                            ],
                            [
                                115.791567,
                                38.031345
                            ],
                            [
                                115.785011,
                                38.032399
                            ],
                            [
                                115.786184,
                                38.034555
                            ],
                            [
                                115.785882,
                                38.035024
                            ],
                            [
                                115.777473,
                                38.036537
                            ],
                            [
                                115.777297,
                                38.037953
                            ],
                            [
                                115.780066,
                                38.037711
                            ],
                            [
                                115.780414,
                                38.041564
                            ],
                            [
                                115.78134,
                                38.041573
                            ],
                            [
                                115.781809,
                                38.04573
                            ],
                            [
                                115.784442,
                                38.045411
                            ],
                            [
                                115.78552,
                                38.04575
                            ],
                            [
                                115.785525,
                                38.048181
                            ],
                            [
                                115.785837,
                                38.048964
                            ],
                            [
                                115.788178,
                                38.049244
                            ],
                            [
                                115.791899,
                                38.048563
                            ],
                            [
                                115.793662,
                                38.0469
                            ],
                            [
                                115.795213,
                                38.048103
                            ],
                            [
                                115.799135,
                                38.058286
                            ],
                            [
                                115.800359,
                                38.058426
                            ],
                            [
                                115.803637,
                                38.057547
                            ],
                            [
                                115.805943,
                                38.062534
                            ],
                            [
                                115.810419,
                                38.071338
                            ],
                            [
                                115.809619,
                                38.071884
                            ],
                            [
                                115.806819,
                                38.072324
                            ],
                            [
                                115.805731,
                                38.069671
                            ],
                            [
                                115.804573,
                                38.069652
                            ],
                            [
                                115.804452,
                                38.072174
                            ],
                            [
                                115.805137,
                                38.075788
                            ],
                            [
                                115.8041,
                                38.076561
                            ],
                            [
                                115.804719,
                                38.077189
                            ],
                            [
                                115.819357,
                                38.081175
                            ],
                            [
                                115.82049,
                                38.083571
                            ],
                            [
                                115.822267,
                                38.085377
                            ],
                            [
                                115.826935,
                                38.084735
                            ],
                            [
                                115.82764,
                                38.086194
                            ],
                            [
                                115.830238,
                                38.085687
                            ],
                            [
                                115.831371,
                                38.087261
                            ],
                            [
                                115.83475,
                                38.087595
                            ],
                            [
                                115.836094,
                                38.091493
                            ],
                            [
                                115.837021,
                                38.091807
                            ],
                            [
                                115.845777,
                                38.091609
                            ],
                            [
                                115.846467,
                                38.101583
                            ],
                            [
                                115.847978,
                                38.101699
                            ],
                            [
                                115.847373,
                                38.105123
                            ],
                            [
                                115.84622,
                                38.108185
                            ],
                            [
                                115.845853,
                                38.112647
                            ],
                            [
                                115.838884,
                                38.11271
                            ],
                            [
                                115.838849,
                                38.11398
                            ],
                            [
                                115.832846,
                                38.114013
                            ],
                            [
                                115.833682,
                                38.117133
                            ],
                            [
                                115.829639,
                                38.11694
                            ],
                            [
                                115.828763,
                                38.116109
                            ],
                            [
                                115.828018,
                                38.116814
                            ],
                            [
                                115.82839,
                                38.118485
                            ],
                            [
                                115.826779,
                                38.118572
                            ],
                            [
                                115.826542,
                                38.122797
                            ],
                            [
                                115.821537,
                                38.122589
                            ],
                            [
                                115.820409,
                                38.125665
                            ],
                            [
                                115.816688,
                                38.125298
                            ],
                            [
                                115.813596,
                                38.126326
                            ],
                            [
                                115.81271,
                                38.127176
                            ],
                            [
                                115.812836,
                                38.128431
                            ],
                            [
                                115.806013,
                                38.127774
                            ],
                            [
                                115.797896,
                                38.128252
                            ],
                            [
                                115.790087,
                                38.127808
                            ],
                            [
                                115.772992,
                                38.125544
                            ],
                            [
                                115.765449,
                                38.12074
                            ],
                            [
                                115.75849,
                                38.116621
                            ],
                            [
                                115.754135,
                                38.111584
                            ],
                            [
                                115.748329,
                                38.109754
                            ],
                            [
                                115.740499,
                                38.107692
                            ],
                            [
                                115.731501,
                                38.10677
                            ],
                            [
                                115.724245,
                                38.107451
                            ],
                            [
                                115.710302,
                                38.109262
                            ],
                            [
                                115.703328,
                                38.107649
                            ],
                            [
                                115.698389,
                                38.102829
                            ],
                            [
                                115.687638,
                                38.092734
                            ],
                            [
                                115.681817,
                                38.089744
                            ],
                            [
                                115.676007,
                                38.090189
                            ],
                            [
                                115.668459,
                                38.093609
                            ],
                            [
                                115.662064,
                                38.09725
                            ],
                            [
                                115.654793,
                                38.097463
                            ],
                            [
                                115.644637,
                                38.098357
                            ],
                            [
                                115.637371,
                                38.098569
                            ],
                            [
                                115.627794,
                                38.099699
                            ],
                            [
                                115.607481,
                                38.098289
                            ],
                            [
                                115.596469,
                                38.098506
                            ],
                            [
                                115.580522,
                                38.101254
                            ],
                            [
                                115.575593,
                                38.106287
                            ],
                            [
                                115.57385,
                                38.113613
                            ],
                            [
                                115.573548,
                                38.121396
                            ],
                            [
                                115.574399,
                                38.130319
                            ],
                            [
                                115.575265,
                                38.136508
                            ],
                            [
                                115.573518,
                                38.144974
                            ],
                            [
                                115.569162,
                                38.153677
                            ],
                            [
                                115.559958,
                                38.161384
                            ],
                            [
                                115.54813,
                                38.158474
                            ],
                            [
                                115.549374,
                                38.161577
                            ],
                            [
                                115.548991,
                                38.16286
                            ],
                            [
                                115.547445,
                                38.162827
                            ],
                            [
                                115.54594,
                                38.166605
                            ],
                            [
                                115.545386,
                                38.169273
                            ],
                            [
                                115.540763,
                                38.172004
                            ],
                            [
                                115.53381,
                                38.177278
                            ],
                            [
                                115.524832,
                                38.181181
                            ],
                            [
                                115.523935,
                                38.194992
                            ],
                            [
                                115.51397,
                                38.194486
                            ],
                            [
                                115.514026,
                                38.193738
                            ],
                            [
                                115.51175,
                                38.193661
                            ],
                            [
                                115.511659,
                                38.194394
                            ],
                            [
                                115.50684,
                                38.194076
                            ],
                            [
                                115.495526,
                                38.193005
                            ],
                            [
                                115.493895,
                                38.190207
                            ],
                            [
                                115.492822,
                                38.185349
                            ],
                            [
                                115.484917,
                                38.183053
                            ],
                            [
                                115.474559,
                                38.177514
                            ],
                            [
                                115.473809,
                                38.174349
                            ],
                            [
                                115.471835,
                                38.171517
                            ],
                            [
                                115.464191,
                                38.171382
                            ],
                            [
                                115.458013,
                                38.173133
                            ],
                            [
                                115.454498,
                                38.17462
                            ],
                            [
                                115.448401,
                                38.173269
                            ],
                            [
                                115.447389,
                                38.169732
                            ],
                            [
                                115.441543,
                                38.167261
                            ],
                            [
                                115.43837,
                                38.16107
                            ],
                            [
                                115.445646,
                                38.151693
                            ],
                            [
                                115.451175,
                                38.144825
                            ],
                            [
                                115.453214,
                                38.138192
                            ],
                            [
                                115.453844,
                                38.120788
                            ],
                            [
                                115.452721,
                                38.111401
                            ],
                            [
                                115.450153,
                                38.09996
                            ],
                            [
                                115.449096,
                                38.096444
                            ],
                            [
                                115.451226,
                                38.095864
                            ],
                            [
                                115.451457,
                                38.092488
                            ],
                            [
                                115.454493,
                                38.091338
                            ]
                        ]
                    ]
                ]
            }
        }
    ]
}