{
    "type": "FeatureCollection",
    "features": [
        {
            "type": "Feature",
            "properties": {
                "adcode": 131125,
                "name": "安平县",
                "center": [
                    115.519627,
                    38.233511
                ],
                "centroid": [
                    115.483403,
                    38.237875
                ],
                "childrenNum": 0,
                "level": "district",
                "acroutes": [
                    100000,
                    130000,
                    131100
                ],
                "parent": {
                    "adcode": 131100
                }
            },
            "geometry": {
                "type": "MultiPolygon",
                "coordinates": [
                    [
                        [
                            [
                                115.559958,
                                38.161384
                            ],
                            [
                                115.561307,
                                38.165156
                            ],
                            [
                                115.563495,
                                38.166097
                            ],
                            [
                                115.562981,
                                38.171162
                            ],
                            [
                                115.565297,
                                38.171159
                            ],
                            [
                                115.572592,
                                38.174964
                            ],
                            [
                                115.579839,
                                38.177024
                            ],
                            [
                                115.5817,
                                38.177633
                            ],
                            [
                                115.584716,
                                38.176408
                            ],
                            [
                                115.587612,
                                38.175489
                            ],
                            [
                                115.599327,
                                38.175352
                            ],
                            [
                                115.599327,
                                38.17935
                            ],
                            [
                                115.601213,
                                38.179258
                            ],
                            [
                                115.601144,
                                38.18243
                            ],
                            [
                                115.603343,
                                38.182318
                            ],
                            [
                                115.604062,
                                38.18454
                            ],
                            [
                                115.606174,
                                38.18252
                            ],
                            [
                                115.607552,
                                38.186333
                            ],
                            [
                                115.611181,
                                38.186563
                            ],
                            [
                                115.611229,
                                38.190283
                            ],
                            [
                                115.614446,
                                38.190421
                            ],
                            [
                                115.614201,
                                38.193539
                            ],
                            [
                                115.61109,
                                38.19341
                            ],
                            [
                                115.611156,
                                38.198573
                            ],
                            [
                                115.61318,
                                38.206354
                            ],
                            [
                                115.613468,
                                38.213685
                            ],
                            [
                                115.615489,
                                38.220325
                            ],
                            [
                                115.620431,
                                38.225826
                            ],
                            [
                                115.624203,
                                38.234301
                            ],
                            [
                                115.625351,
                                38.244147
                            ],
                            [
                                115.624188,
                                38.249641
                            ],
                            [
                                115.623958,
                                38.251786
                            ],
                            [
                                115.610135,
                                38.25498
                            ],
                            [
                                115.608708,
                                38.255859
                            ],
                            [
                                115.609091,
                                38.257318
                            ],
                            [
                                115.611433,
                                38.258157
                            ],
                            [
                                115.611699,
                                38.261773
                            ],
                            [
                                115.612524,
                                38.262458
                            ],
                            [
                                115.612797,
                                38.264742
                            ],
                            [
                                115.613348,
                                38.265385
                            ],
                            [
                                115.618615,
                                38.264442
                            ],
                            [
                                115.619972,
                                38.26463
                            ],
                            [
                                115.621379,
                                38.269306
                            ],
                            [
                                115.622667,
                                38.269772
                            ],
                            [
                                115.624527,
                                38.268913
                            ],
                            [
                                115.624965,
                                38.271772
                            ],
                            [
                                115.628536,
                                38.272401
                            ],
                            [
                                115.628729,
                                38.271991
                            ],
                            [
                                115.628926,
                                38.270543
                            ],
                            [
                                115.63013,
                                38.270417
                            ],
                            [
                                115.630527,
                                38.271402
                            ],
                            [
                                115.630662,
                                38.273476
                            ],
                            [
                                115.633978,
                                38.274635
                            ],
                            [
                                115.633514,
                                38.279866
                            ],
                            [
                                115.635867,
                                38.280225
                            ],
                            [
                                115.637344,
                                38.280256
                            ],
                            [
                                115.637804,
                                38.276852
                            ],
                            [
                                115.646878,
                                38.28105
                            ],
                            [
                                115.660939,
                                38.286002
                            ],
                            [
                                115.66157,
                                38.286058
                            ],
                            [
                                115.661534,
                                38.285433
                            ],
                            [
                                115.663354,
                                38.285298
                            ],
                            [
                                115.671775,
                                38.285598
                            ],
                            [
                                115.672881,
                                38.285194
                            ],
                            [
                                115.673639,
                                38.284077
                            ],
                            [
                                115.674201,
                                38.282138
                            ],
                            [
                                115.673935,
                                38.279361
                            ],
                            [
                                115.679573,
                                38.278681
                            ],
                            [
                                115.680675,
                                38.279405
                            ],
                            [
                                115.680394,
                                38.283149
                            ],
                            [
                                115.684994,
                                38.282587
                            ],
                            [
                                115.686442,
                                38.282798
                            ],
                            [
                                115.687886,
                                38.284111
                            ],
                            [
                                115.686992,
                                38.285943
                            ],
                            [
                                115.68495,
                                38.286241
                            ],
                            [
                                115.684388,
                                38.285957
                            ],
                            [
                                115.682444,
                                38.286692
                            ],
                            [
                                115.682783,
                                38.289647
                            ],
                            [
                                115.680992,
                                38.289366
                            ],
                            [
                                115.678527,
                                38.289243
                            ],
                            [
                                115.67872,
                                38.295165
                            ],
                            [
                                115.675357,
                                38.295121
                            ],
                            [
                                115.675394,
                                38.297561
                            ],
                            [
                                115.674733,
                                38.298653
                            ],
                            [
                                115.671629,
                                38.299051
                            ],
                            [
                                115.669175,
                                38.300013
                            ],
                            [
                                115.667256,
                                38.301158
                            ],
                            [
                                115.667223,
                                38.302263
                            ],
                            [
                                115.664882,
                                38.303444
                            ],
                            [
                                115.662737,
                                38.304013
                            ],
                            [
                                115.661989,
                                38.304858
                            ],
                            [
                                115.660717,
                                38.307304
                            ],
                            [
                                115.660848,
                                38.30955
                            ],
                            [
                                115.662143,
                                38.309943
                            ],
                            [
                                115.666457,
                                38.309797
                            ],
                            [
                                115.670783,
                                38.309848
                            ],
                            [
                                115.672815,
                                38.312139
                            ],
                            [
                                115.671133,
                                38.312521
                            ],
                            [
                                115.674285,
                                38.316792
                            ],
                            [
                                115.678162,
                                38.319448
                            ],
                            [
                                115.679118,
                                38.321238
                            ],
                            [
                                115.679676,
                                38.325352
                            ],
                            [
                                115.676021,
                                38.325834
                            ],
                            [
                                115.676521,
                                38.327402
                            ],
                            [
                                115.672118,
                                38.327724
                            ],
                            [
                                115.673807,
                                38.331759
                            ],
                            [
                                115.669499,
                                38.332528
                            ],
                            [
                                115.669437,
                                38.337286
                            ],
                            [
                                115.666111,
                                38.337045
                            ],
                            [
                                115.66502,
                                38.33742
                            ],
                            [
                                115.66482,
                                38.341643
                            ],
                            [
                                115.65917,
                                38.342024
                            ],
                            [
                                115.658444,
                                38.341895
                            ],
                            [
                                115.658543,
                                38.340771
                            ],
                            [
                                115.658039,
                                38.340608
                            ],
                            [
                                115.650125,
                                38.34081
                            ],
                            [
                                115.650661,
                                38.333871
                            ],
                            [
                                115.651598,
                                38.331288
                            ],
                            [
                                115.650584,
                                38.330001
                            ],
                            [
                                115.649052,
                                38.32932
                            ],
                            [
                                115.645941,
                                38.329547
                            ],
                            [
                                115.64601,
                                38.326586
                            ],
                            [
                                115.644982,
                                38.326098
                            ],
                            [
                                115.637753,
                                38.327424
                            ],
                            [
                                115.621671,
                                38.330091
                            ],
                            [
                                115.621861,
                                38.332914
                            ],
                            [
                                115.618808,
                                38.333526
                            ],
                            [
                                115.61693,
                                38.333192
                            ],
                            [
                                115.616828,
                                38.330887
                            ],
                            [
                                115.612859,
                                38.331305
                            ],
                            [
                                115.610653,
                                38.330399
                            ],
                            [
                                115.60973,
                                38.329522
                            ],
                            [
                                115.608905,
                                38.329325
                            ],
                            [
                                115.605783,
                                38.330472
                            ],
                            [
                                115.604879,
                                38.329109
                            ],
                            [
                                115.604824,
                                38.327752
                            ],
                            [
                                115.601851,
                                38.327486
                            ],
                            [
                                115.601275,
                                38.327974
                            ],
                            [
                                115.601377,
                                38.330528
                            ],
                            [
                                115.598744,
                                38.330256
                            ],
                            [
                                115.596906,
                                38.331664
                            ],
                            [
                                115.590924,
                                38.332421
                            ],
                            [
                                115.590519,
                                38.332788
                            ],
                            [
                                115.59096,
                                38.334143
                            ],
                            [
                                115.591748,
                                38.337045
                            ],
                            [
                                115.591234,
                                38.33811
                            ],
                            [
                                115.585971,
                                38.338876
                            ],
                            [
                                115.585715,
                                38.34039
                            ],
                            [
                                115.579405,
                                38.342871
                            ],
                            [
                                115.578676,
                                38.342809
                            ],
                            [
                                115.578869,
                                38.340953
                            ],
                            [
                                115.57837,
                                38.340549
                            ],
                            [
                                115.576334,
                                38.340841
                            ],
                            [
                                115.576451,
                                38.34192
                            ],
                            [
                                115.574945,
                                38.342206
                            ],
                            [
                                115.573617,
                                38.341906
                            ],
                            [
                                115.573318,
                                38.340269
                            ],
                            [
                                115.573617,
                                38.33949
                            ],
                            [
                                115.57536,
                                38.339501
                            ],
                            [
                                115.576214,
                                38.338895
                            ],
                            [
                                115.576863,
                                38.327898
                            ],
                            [
                                115.576819,
                                38.327489
                            ],
                            [
                                115.575773,
                                38.326364
                            ],
                            [
                                115.565181,
                                38.325812
                            ],
                            [
                                115.563627,
                                38.3264
                            ],
                            [
                                115.562981,
                                38.327034
                            ],
                            [
                                115.563032,
                                38.329614
                            ],
                            [
                                115.561654,
                                38.331125
                            ],
                            [
                                115.55999,
                                38.331883
                            ],
                            [
                                115.555781,
                                38.332211
                            ],
                            [
                                115.556657,
                                38.334619
                            ],
                            [
                                115.55627,
                                38.334928
                            ],
                            [
                                115.55523,
                                38.334922
                            ],
                            [
                                115.553589,
                                38.333576
                            ],
                            [
                                115.551835,
                                38.333862
                            ],
                            [
                                115.550919,
                                38.332898
                            ],
                            [
                                115.550274,
                                38.325573
                            ],
                            [
                                115.548293,
                                38.325352
                            ],
                            [
                                115.548486,
                                38.321294
                            ],
                            [
                                115.548362,
                                38.318899
                            ],
                            [
                                115.547706,
                                38.318192
                            ],
                            [
                                115.539259,
                                38.317777
                            ],
                            [
                                115.538898,
                                38.319793
                            ],
                            [
                                115.537862,
                                38.320085
                            ],
                            [
                                115.536932,
                                38.319709
                            ],
                            [
                                115.537924,
                                38.317022
                            ],
                            [
                                115.53738,
                                38.316192
                            ],
                            [
                                115.535684,
                                38.315858
                            ],
                            [
                                115.531406,
                                38.316002
                            ],
                            [
                                115.519734,
                                38.315917
                            ],
                            [
                                115.517385,
                                38.316431
                            ],
                            [
                                115.516087,
                                38.31769
                            ],
                            [
                                115.516426,
                                38.318164
                            ],
                            [
                                115.518665,
                                38.317861
                            ],
                            [
                                115.519369,
                                38.319162
                            ],
                            [
                                115.519224,
                                38.319356
                            ],
                            [
                                115.516652,
                                38.319036
                            ],
                            [
                                115.516368,
                                38.320486
                            ],
                            [
                                115.517469,
                                38.326095
                            ],
                            [
                                115.519679,
                                38.32621
                            ],
                            [
                                115.519183,
                                38.330032
                            ],
                            [
                                115.518611,
                                38.329805
                            ],
                            [
                                115.516236,
                                38.329342
                            ],
                            [
                                115.515244,
                                38.330562
                            ],
                            [
                                115.51539,
                                38.334712
                            ],
                            [
                                115.516061,
                                38.339877
                            ],
                            [
                                115.515529,
                                38.341825
                            ],
                            [
                                115.515441,
                                38.343502
                            ],
                            [
                                115.516346,
                                38.346403
                            ],
                            [
                                115.516988,
                                38.350014
                            ],
                            [
                                115.517247,
                                38.355144
                            ],
                            [
                                115.516834,
                                38.357342
                            ],
                            [
                                115.516079,
                                38.357765
                            ],
                            [
                                115.513435,
                                38.357936
                            ],
                            [
                                115.506746,
                                38.359133
                            ],
                            [
                                115.500388,
                                38.36033
                            ],
                            [
                                115.501505,
                                38.361428
                            ],
                            [
                                115.49925,
                                38.362267
                            ],
                            [
                                115.496044,
                                38.362844
                            ],
                            [
                                115.494775,
                                38.362028
                            ],
                            [
                                115.494542,
                                38.354749
                            ],
                            [
                                115.496285,
                                38.354564
                            ],
                            [
                                115.496537,
                                38.354163
                            ],
                            [
                                115.495114,
                                38.348001
                            ],
                            [
                                115.4951,
                                38.343025
                            ],
                            [
                                115.493491,
                                38.341124
                            ],
                            [
                                115.490789,
                                38.339052
                            ],
                            [
                                115.485215,
                                38.339719
                            ],
                            [
                                115.483982,
                                38.338688
                            ],
                            [
                                115.482662,
                                38.339005
                            ],
                            [
                                115.4831,
                                38.34046
                            ],
                            [
                                115.48059,
                                38.341419
                            ],
                            [
                                115.478121,
                                38.341662
                            ],
                            [
                                115.476483,
                                38.338475
                            ],
                            [
                                115.474941,
                                38.334499
                            ],
                            [
                                115.476673,
                                38.33509
                            ],
                            [
                                115.478409,
                                38.335421
                            ],
                            [
                                115.481634,
                                38.334939
                            ],
                            [
                                115.482531,
                                38.334922
                            ],
                            [
                                115.483942,
                                38.330584
                            ],
                            [
                                115.483833,
                                38.328815
                            ],
                            [
                                115.483151,
                                38.328027
                            ],
                            [
                                115.477902,
                                38.328927
                            ],
                            [
                                115.475677,
                                38.330018
                            ],
                            [
                                115.470527,
                                38.331271
                            ],
                            [
                                115.467711,
                                38.331058
                            ],
                            [
                                115.464593,
                                38.330234
                            ],
                            [
                                115.463003,
                                38.329308
                            ],
                            [
                                115.462678,
                                38.327525
                            ],
                            [
                                115.462084,
                                38.327331
                            ],
                            [
                                115.44656,
                                38.330307
                            ],
                            [
                                115.438963,
                                38.330988
                            ],
                            [
                                115.436428,
                                38.331117
                            ],
                            [
                                115.426715,
                                38.334272
                            ],
                            [
                                115.422371,
                                38.335435
                            ],
                            [
                                115.420897,
                                38.337945
                            ],
                            [
                                115.418946,
                                38.337793
                            ],
                            [
                                115.414533,
                                38.336523
                            ],
                            [
                                115.410196,
                                38.335542
                            ],
                            [
                                115.407555,
                                38.334305
                            ],
                            [
                                115.407431,
                                38.330985
                            ],
                            [
                                115.406837,
                                38.33064
                            ],
                            [
                                115.406421,
                                38.323703
                            ],
                            [
                                115.40537,
                                38.322284
                            ],
                            [
                                115.402478,
                                38.320124
                            ],
                            [
                                115.398331,
                                38.321268
                            ],
                            [
                                115.39236,
                                38.32428
                            ],
                            [
                                115.393126,
                                38.325082
                            ],
                            [
                                115.39085,
                                38.328333
                            ],
                            [
                                115.388954,
                                38.327864
                            ],
                            [
                                115.381801,
                                38.327545
                            ],
                            [
                                115.380889,
                                38.325938
                            ],
                            [
                                115.381075,
                                38.324878
                            ],
                            [
                                115.377151,
                                38.320977
                            ],
                            [
                                115.377322,
                                38.319709
                            ],
                            [
                                115.377862,
                                38.318094
                            ],
                            [
                                115.381039,
                                38.31836
                            ],
                            [
                                115.381506,
                                38.3179
                            ],
                            [
                                115.383081,
                                38.299071
                            ],
                            [
                                115.384413,
                                38.298958
                            ],
                            [
                                115.385769,
                                38.299749
                            ],
                            [
                                115.389537,
                                38.299522
                            ],
                            [
                                115.389632,
                                38.299172
                            ],
                            [
                                115.389329,
                                38.294203
                            ],
                            [
                                115.389789,
                                38.292242
                            ],
                            [
                                115.390617,
                                38.291967
                            ],
                            [
                                115.39395,
                                38.292399
                            ],
                            [
                                115.394468,
                                38.291473
                            ],
                            [
                                115.393619,
                                38.285587
                            ],
                            [
                                115.392025,
                                38.283822
                            ],
                            [
                                115.38764,
                                38.282795
                            ],
                            [
                                115.373572,
                                38.281734
                            ],
                            [
                                115.372179,
                                38.283396
                            ],
                            [
                                115.370425,
                                38.283682
                            ],
                            [
                                115.369097,
                                38.283424
                            ],
                            [
                                115.36778,
                                38.281308
                            ],
                            [
                                115.367004,
                                38.277424
                            ],
                            [
                                115.364644,
                                38.277702
                            ],
                            [
                                115.363517,
                                38.27594
                            ],
                            [
                                115.361675,
                                38.275732
                            ],
                            [
                                115.36185,
                                38.271871
                            ],
                            [
                                115.356189,
                                38.271772
                            ],
                            [
                                115.356488,
                                38.262971
                            ],
                            [
                                115.356871,
                                38.262213
                            ],
                            [
                                115.359333,
                                38.262017
                            ],
                            [
                                115.360052,
                                38.258932
                            ],
                            [
                                115.359614,
                                38.256448
                            ],
                            [
                                115.358666,
                                38.255842
                            ],
                            [
                                115.35512,
                                38.255213
                            ],
                            [
                                115.352892,
                                38.253978
                            ],
                            [
                                115.351236,
                                38.252024
                            ],
                            [
                                115.349562,
                                38.248097
                            ],
                            [
                                115.347643,
                                38.247328
                            ],
                            [
                                115.340385,
                                38.24527
                            ],
                            [
                                115.329983,
                                38.244588
                            ],
                            [
                                115.329468,
                                38.244703
                            ],
                            [
                                115.330431,
                                38.246421
                            ],
                            [
                                115.329862,
                                38.248139
                            ],
                            [
                                115.324712,
                                38.248153
                            ],
                            [
                                115.323698,
                                38.235615
                            ],
                            [
                                115.323388,
                                38.230718
                            ],
                            [
                                115.323151,
                                38.22363
                            ],
                            [
                                115.323676,
                                38.220594
                            ],
                            [
                                115.324552,
                                38.220226
                            ],
                            [
                                115.327561,
                                38.220521
                            ],
                            [
                                115.334356,
                                38.220417
                            ],
                            [
                                115.333925,
                                38.218027
                            ],
                            [
                                115.337062,
                                38.217539
                            ],
                            [
                                115.336869,
                                38.214885
                            ],
                            [
                                115.34354,
                                38.214298
                            ],
                            [
                                115.347348,
                                38.212896
                            ],
                            [
                                115.350933,
                                38.210483
                            ],
                            [
                                115.352385,
                                38.207265
                            ],
                            [
                                115.352133,
                                38.203015
                            ],
                            [
                                115.350609,
                                38.200888
                            ],
                            [
                                115.348438,
                                38.199433
                            ],
                            [
                                115.344857,
                                38.198427
                            ],
                            [
                                115.342417,
                                38.196281
                            ],
                            [
                                115.341683,
                                38.193166
                            ],
                            [
                                115.343164,
                                38.178063
                            ],
                            [
                                115.342661,
                                38.165462
                            ],
                            [
                                115.344532,
                                38.161946
                            ],
                            [
                                115.344598,
                                38.158902
                            ],
                            [
                                115.345801,
                                38.158767
                            ],
                            [
                                115.346881,
                                38.157719
                            ],
                            [
                                115.345218,
                                38.147695
                            ],
                            [
                                115.347625,
                                38.14722
                            ],
                            [
                                115.346896,
                                38.139688
                            ],
                            [
                                115.348949,
                                38.13898
                            ],
                            [
                                115.356182,
                                38.138907
                            ],
                            [
                                115.364863,
                                38.137903
                            ],
                            [
                                115.36541,
                                38.133219
                            ],
                            [
                                115.365829,
                                38.126752
                            ],
                            [
                                115.368225,
                                38.126726
                            ],
                            [
                                115.368528,
                                38.120484
                            ],
                            [
                                115.373755,
                                38.120202
                            ],
                            [
                                115.375969,
                                38.117626
                            ],
                            [
                                115.375276,
                                38.112373
                            ],
                            [
                                115.373941,
                                38.11226
                            ],
                            [
                                115.373675,
                                38.11154
                            ],
                            [
                                115.37296,
                                38.105875
                            ],
                            [
                                115.379328,
                                38.104196
                            ],
                            [
                                115.379773,
                                38.103375
                            ],
                            [
                                115.378934,
                                38.10057
                            ],
                            [
                                115.38241,
                                38.100025
                            ],
                            [
                                115.382075,
                                38.098154
                            ],
                            [
                                115.384595,
                                38.097563
                            ],
                            [
                                115.383081,
                                38.089993
                            ],
                            [
                                115.383223,
                                38.088578
                            ],
                            [
                                115.384259,
                                38.088237
                            ],
                            [
                                115.391364,
                                38.086811
                            ],
                            [
                                115.391507,
                                38.090086
                            ],
                            [
                                115.392535,
                                38.090935
                            ],
                            [
                                115.399476,
                                38.092049
                            ],
                            [
                                115.407304,
                                38.090578
                            ],
                            [
                                115.408839,
                                38.095563
                            ],
                            [
                                115.416878,
                                38.095009
                            ],
                            [
                                115.416148,
                                38.09259
                            ],
                            [
                                115.417498,
                                38.09109
                            ],
                            [
                                115.42054,
                                38.089683
                            ],
                            [
                                115.42631,
                                38.089211
                            ],
                            [
                                115.426883,
                                38.087013
                            ],
                            [
                                115.429407,
                                38.085182
                            ],
                            [
                                115.439897,
                                38.082045
                            ],
                            [
                                115.444226,
                                38.082019
                            ],
                            [
                                115.447337,
                                38.082509
                            ],
                            [
                                115.449048,
                                38.08407
                            ],
                            [
                                115.449365,
                                38.086459
                            ],
                            [
                                115.452243,
                                38.086242
                            ],
                            [
                                115.452659,
                                38.088746
                            ],
                            [
                                115.454158,
                                38.088625
                            ],
                            [
                                115.454493,
                                38.091338
                            ],
                            [
                                115.451459,
                                38.092485
                            ],
                            [
                                115.451225,
                                38.095864
                            ],
                            [
                                115.449095,
                                38.096444
                            ],
                            [
                                115.450153,
                                38.099957
                            ],
                            [
                                115.452721,
                                38.1114
                            ],
                            [
                                115.453844,
                                38.12079
                            ],
                            [
                                115.453527,
                                38.129946
                            ],
                            [
                                115.453217,
                                38.138193
                            ],
                            [
                                115.451174,
                                38.144825
                            ],
                            [
                                115.445648,
                                38.151692
                            ],
                            [
                                115.438372,
                                38.161072
                            ],
                            [
                                115.441545,
                                38.167258
                            ],
                            [
                                115.447388,
                                38.169731
                            ],
                            [
                                115.448402,
                                38.173269
                            ],
                            [
                                115.454497,
                                38.174618
                            ],
                            [
                                115.458017,
                                38.173134
                            ],
                            [
                                115.464195,
                                38.171381
                            ],
                            [
                                115.471833,
                                38.171516
                            ],
                            [
                                115.473806,
                                38.174348
                            ],
                            [
                                115.474561,
                                38.177513
                            ],
                            [
                                115.483745,
                                38.18236
                            ],
                            [
                                115.484916,
                                38.183051
                            ],
                            [
                                115.49282,
                                38.185349
                            ],
                            [
                                115.493892,
                                38.190204
                            ],
                            [
                                115.495523,
                                38.193005
                            ],
                            [
                                115.506841,
                                38.194073
                            ],
                            [
                                115.511659,
                                38.194393
                            ],
                            [
                                115.51175,
                                38.193663
                            ],
                            [
                                115.514026,
                                38.193736
                            ],
                            [
                                115.513971,
                                38.194486
                            ],
                            [
                                115.523932,
                                38.194992
                            ],
                            [
                                115.524458,
                                38.18694
                            ],
                            [
                                115.524702,
                                38.184436
                            ],
                            [
                                115.524662,
                                38.183517
                            ],
                            [
                                115.52483,
                                38.18118
                            ],
                            [
                                115.533809,
                                38.177279
                            ],
                            [
                                115.540761,
                                38.172008
                            ],
                            [
                                115.545383,
                                38.16927
                            ],
                            [
                                115.545941,
                                38.166606
                            ],
                            [
                                115.547443,
                                38.162826
                            ],
                            [
                                115.54899,
                                38.16286
                            ],
                            [
                                115.549376,
                                38.161578
                            ],
                            [
                                115.548129,
                                38.158475
                            ],
                            [
                                115.559958,
                                38.161384
                            ]
                        ]
                    ]
                ]
            }
        }
    ]
}