{
    "type": "FeatureCollection",
    "features": [
        {
            "type": "Feature",
            "properties": {
                "adcode": 140213,
                "name": "平城区",
                "center": [
                    113.298027,
                    40.075667
                ],
                "centroid": [
                    113.313703,
                    40.085893
                ],
                "childrenNum": 0,
                "level": "district",
                "acroutes": [
                    100000,
                    140000,
                    140200
                ],
                "parent": {
                    "adcode": 140200
                }
            },
            "geometry": {
                "type": "MultiPolygon",
                "coordinates": [
                    [
                        [
                            [
                                113.374383,
                                39.984722
                            ],
                            [
                                113.374659,
                                39.986498
                            ],
                            [
                                113.374958,
                                39.987365
                            ],
                            [
                                113.376257,
                                39.989879
                            ],
                            [
                                113.37736,
                                39.991471
                            ],
                            [
                                113.378235,
                                39.993146
                            ],
                            [
                                113.378993,
                                39.996699
                            ],
                            [
                                113.379744,
                                39.998402
                            ],
                            [
                                113.379941,
                                39.999291
                            ],
                            [
                                113.380692,
                                40.001678
                            ],
                            [
                                113.382343,
                                40.004097
                            ],
                            [
                                113.383203,
                                40.005727
                            ],
                            [
                                113.383592,
                                40.006813
                            ],
                            [
                                113.384344,
                                40.007686
                            ],
                            [
                                113.385462,
                                40.008553
                            ],
                            [
                                113.387133,
                                40.009395
                            ],
                            [
                                113.389357,
                                40.010779
                            ],
                            [
                                113.393642,
                                40.013073
                            ],
                            [
                                113.394414,
                                40.013625
                            ],
                            [
                                113.397095,
                                40.016556
                            ],
                            [
                                113.397635,
                                40.017613
                            ],
                            [
                                113.398111,
                                40.019277
                            ],
                            [
                                113.399186,
                                40.024606
                            ],
                            [
                                113.39945,
                                40.026415
                            ],
                            [
                                113.400158,
                                40.027971
                            ],
                            [
                                113.401264,
                                40.029442
                            ],
                            [
                                113.402202,
                                40.031391
                            ],
                            [
                                113.402383,
                                40.032237
                            ],
                            [
                                113.402168,
                                40.03376
                            ],
                            [
                                113.401799,
                                40.034681
                            ],
                            [
                                113.40072,
                                40.036413
                            ],
                            [
                                113.397633,
                                40.039538
                            ],
                            [
                                113.395544,
                                40.04205
                            ],
                            [
                                113.393511,
                                40.044755
                            ],
                            [
                                113.390269,
                                40.049797
                            ],
                            [
                                113.38928,
                                40.052171
                            ],
                            [
                                113.388676,
                                40.054049
                            ],
                            [
                                113.388452,
                                40.055326
                            ],
                            [
                                113.388284,
                                40.057183
                            ],
                            [
                                113.388286,
                                40.058727
                            ],
                            [
                                113.388737,
                                40.061986
                            ],
                            [
                                113.389276,
                                40.063557
                            ],
                            [
                                113.390289,
                                40.064733
                            ],
                            [
                                113.391278,
                                40.06553
                            ],
                            [
                                113.391471,
                                40.067664
                            ],
                            [
                                113.392008,
                                40.068402
                            ],
                            [
                                113.39252,
                                40.071424
                            ],
                            [
                                113.392347,
                                40.072835
                            ],
                            [
                                113.396296,
                                40.07277
                            ],
                            [
                                113.396253,
                                40.074477
                            ],
                            [
                                113.397111,
                                40.074477
                            ],
                            [
                                113.396982,
                                40.076023
                            ],
                            [
                                113.397928,
                                40.076021
                            ],
                            [
                                113.399556,
                                40.076286
                            ],
                            [
                                113.399642,
                                40.077007
                            ],
                            [
                                113.401232,
                                40.077926
                            ],
                            [
                                113.402583,
                                40.07851
                            ],
                            [
                                113.401608,
                                40.080732
                            ],
                            [
                                113.399997,
                                40.084006
                            ],
                            [
                                113.397512,
                                40.087595
                            ],
                            [
                                113.396632,
                                40.089337
                            ],
                            [
                                113.396398,
                                40.091234
                            ],
                            [
                                113.396607,
                                40.092916
                            ],
                            [
                                113.398188,
                                40.09682
                            ],
                            [
                                113.399413,
                                40.098817
                            ],
                            [
                                113.400627,
                                40.10045
                            ],
                            [
                                113.400986,
                                40.101589
                            ],
                            [
                                113.401445,
                                40.103689
                            ],
                            [
                                113.403237,
                                40.10647
                            ],
                            [
                                113.40365,
                                40.107259
                            ],
                            [
                                113.403859,
                                40.108941
                            ],
                            [
                                113.403601,
                                40.110644
                            ],
                            [
                                113.402507,
                                40.114798
                            ],
                            [
                                113.401672,
                                40.116344
                            ],
                            [
                                113.400742,
                                40.117523
                            ],
                            [
                                113.399005,
                                40.119114
                            ],
                            [
                                113.398082,
                                40.119556
                            ],
                            [
                                113.396001,
                                40.120024
                            ],
                            [
                                113.393718,
                                40.121858
                            ],
                            [
                                113.392925,
                                40.122684
                            ],
                            [
                                113.389403,
                                40.125598
                            ],
                            [
                                113.387324,
                                40.127492
                            ],
                            [
                                113.386163,
                                40.128389
                            ],
                            [
                                113.385663,
                                40.128932
                            ],
                            [
                                113.385266,
                                40.13103
                            ],
                            [
                                113.385159,
                                40.133251
                            ],
                            [
                                113.384278,
                                40.135312
                            ],
                            [
                                113.383771,
                                40.135938
                            ],
                            [
                                113.383873,
                                40.136748
                            ],
                            [
                                113.383508,
                                40.137757
                            ],
                            [
                                113.383902,
                                40.140039
                            ],
                            [
                                113.385255,
                                40.141712
                            ],
                            [
                                113.385446,
                                40.143829
                            ],
                            [
                                113.385382,
                                40.14444
                            ],
                            [
                                113.383594,
                                40.146756
                            ],
                            [
                                113.383039,
                                40.147125
                            ],
                            [
                                113.382239,
                                40.147011
                            ],
                            [
                                113.38125,
                                40.145899
                            ],
                            [
                                113.380316,
                                40.145547
                            ],
                            [
                                113.379382,
                                40.145566
                            ],
                            [
                                113.378022,
                                40.146028
                            ],
                            [
                                113.375216,
                                40.147657
                            ],
                            [
                                113.374321,
                                40.148066
                            ],
                            [
                                113.372134,
                                40.148791
                            ],
                            [
                                113.370371,
                                40.149129
                            ],
                            [
                                113.367577,
                                40.149519
                            ],
                            [
                                113.360024,
                                40.150236
                            ],
                            [
                                113.358064,
                                40.150533
                            ],
                            [
                                113.355554,
                                40.151047
                            ],
                            [
                                113.354759,
                                40.15103
                            ],
                            [
                                113.353883,
                                40.150338
                            ],
                            [
                                113.352699,
                                40.148545
                            ],
                            [
                                113.351531,
                                40.147133
                            ],
                            [
                                113.350194,
                                40.145897
                            ],
                            [
                                113.349381,
                                40.144488
                            ],
                            [
                                113.34916,
                                40.143482
                            ],
                            [
                                113.348681,
                                40.14273
                            ],
                            [
                                113.348205,
                                40.142498
                            ],
                            [
                                113.346284,
                                40.142371
                            ],
                            [
                                113.343071,
                                40.142603
                            ],
                            [
                                113.341863,
                                40.143006
                            ],
                            [
                                113.341199,
                                40.143497
                            ],
                            [
                                113.340974,
                                40.144011
                            ],
                            [
                                113.340947,
                                40.146457
                            ],
                            [
                                113.340612,
                                40.147887
                            ],
                            [
                                113.340212,
                                40.148263
                            ],
                            [
                                113.338965,
                                40.148721
                            ],
                            [
                                113.337947,
                                40.150021
                            ],
                            [
                                113.335869,
                                40.150321
                            ],
                            [
                                113.333728,
                                40.150402
                            ],
                            [
                                113.333094,
                                40.150522
                            ],
                            [
                                113.332549,
                                40.151184
                            ],
                            [
                                113.33168,
                                40.153995
                            ],
                            [
                                113.330702,
                                40.154748
                            ],
                            [
                                113.330714,
                                40.155272
                            ],
                            [
                                113.331259,
                                40.159195
                            ],
                            [
                                113.331504,
                                40.160209
                            ],
                            [
                                113.318281,
                                40.163702
                            ],
                            [
                                113.317252,
                                40.16121
                            ],
                            [
                                113.31622,
                                40.158453
                            ],
                            [
                                113.316052,
                                40.153336
                            ],
                            [
                                113.317252,
                                40.149138
                            ],
                            [
                                113.316566,
                                40.145989
                            ],
                            [
                                113.311416,
                                40.14284
                            ],
                            [
                                113.304891,
                                40.142183
                            ],
                            [
                                113.304549,
                                40.143232
                            ],
                            [
                                113.304033,
                                40.158453
                            ],
                            [
                                113.301801,
                                40.160422
                            ],
                            [
                                113.295622,
                                40.161602
                            ],
                            [
                                113.281204,
                                40.166587
                            ],
                            [
                                113.27966,
                                40.162784
                            ],
                            [
                                113.274853,
                                40.163964
                            ],
                            [
                                113.276053,
                                40.167113
                            ],
                            [
                                113.270731,
                                40.168687
                            ],
                            [
                                113.250104,
                                40.175684
                            ],
                            [
                                113.24542,
                                40.172798
                            ],
                            [
                                113.244017,
                                40.171647
                            ],
                            [
                                113.24373,
                                40.17111
                            ],
                            [
                                113.243912,
                                40.170471
                            ],
                            [
                                113.244418,
                                40.169996
                            ],
                            [
                                113.247331,
                                40.168812
                            ],
                            [
                                113.247767,
                                40.168273
                            ],
                            [
                                113.248565,
                                40.167816
                            ],
                            [
                                113.249215,
                                40.166626
                            ],
                            [
                                113.250589,
                                40.164969
                            ],
                            [
                                113.250484,
                                40.164293
                            ],
                            [
                                113.249643,
                                40.163862
                            ],
                            [
                                113.248164,
                                40.163785
                            ],
                            [
                                113.247081,
                                40.164014
                            ],
                            [
                                113.242573,
                                40.165467
                            ],
                            [
                                113.241183,
                                40.165515
                            ],
                            [
                                113.240056,
                                40.165256
                            ],
                            [
                                113.238678,
                                40.164766
                            ],
                            [
                                113.237011,
                                40.164329
                            ],
                            [
                                113.236161,
                                40.164215
                            ],
                            [
                                113.234455,
                                40.16425
                            ],
                            [
                                113.231739,
                                40.164536
                            ],
                            [
                                113.230892,
                                40.164488
                            ],
                            [
                                113.227893,
                                40.163777
                            ],
                            [
                                113.224035,
                                40.16317
                            ],
                            [
                                113.222857,
                                40.163072
                            ],
                            [
                                113.221346,
                                40.162473
                            ],
                            [
                                113.220439,
                                40.161432
                            ],
                            [
                                113.219925,
                                40.160381
                            ],
                            [
                                113.219613,
                                40.158846
                            ],
                            [
                                113.21975,
                                40.156433
                            ],
                            [
                                113.219615,
                                40.155767
                            ],
                            [
                                113.21896,
                                40.155231
                            ],
                            [
                                113.218653,
                                40.155287
                            ],
                            [
                                113.21648,
                                40.156926
                            ],
                            [
                                113.215732,
                                40.157237
                            ],
                            [
                                113.214891,
                                40.157082
                            ],
                            [
                                113.212835,
                                40.155935
                            ],
                            [
                                113.21084,
                                40.155145
                            ],
                            [
                                113.209296,
                                40.154694
                            ],
                            [
                                113.209083,
                                40.154503
                            ],
                            [
                                113.209115,
                                40.153443
                            ],
                            [
                                113.209769,
                                40.151648
                            ],
                            [
                                113.20983,
                                40.150912
                            ],
                            [
                                113.209312,
                                40.149954
                            ],
                            [
                                113.208438,
                                40.149345
                            ],
                            [
                                113.210443,
                                40.118517
                            ],
                            [
                                113.237392,
                                40.111651
                            ],
                            [
                                113.249647,
                                40.100184
                            ],
                            [
                                113.243958,
                                40.095039
                            ],
                            [
                                113.24364,
                                40.094685
                            ],
                            [
                                113.240845,
                                40.089615
                            ],
                            [
                                113.241457,
                                40.085187
                            ],
                            [
                                113.235256,
                                40.085091
                            ],
                            [
                                113.218991,
                                40.0833
                            ],
                            [
                                113.227308,
                                40.068429
                            ],
                            [
                                113.231225,
                                40.062232
                            ],
                            [
                                113.232894,
                                40.060178
                            ],
                            [
                                113.234465,
                                40.058506
                            ],
                            [
                                113.24814,
                                40.048853
                            ],
                            [
                                113.257325,
                                40.042239
                            ],
                            [
                                113.260182,
                                40.040765
                            ],
                            [
                                113.268591,
                                40.037481
                            ],
                            [
                                113.278034,
                                40.033011
                            ],
                            [
                                113.284901,
                                40.02657
                            ],
                            [
                                113.29709,
                                40.011712
                            ],
                            [
                                113.300521,
                                40.00895
                            ],
                            [
                                113.301551,
                                40.003955
                            ],
                            [
                                113.306359,
                                40.004219
                            ],
                            [
                                113.308588,
                                40.002377
                            ],
                            [
                                113.31082,
                                40.002114
                            ],
                            [
                                113.313912,
                                39.999616
                            ],
                            [
                                113.32627,
                                39.998038
                            ],
                            [
                                113.336399,
                                39.995934
                            ],
                            [
                                113.346946,
                                39.999394
                            ],
                            [
                                113.354671,
                                39.993211
                            ],
                            [
                                113.364456,
                                39.986242
                            ],
                            [
                                113.366344,
                                39.982295
                            ],
                            [
                                113.374383,
                                39.984722
                            ]
                        ]
                    ]
                ]
            }
        }
    ]
}