{
    "type": "FeatureCollection",
    "features": [
        {
            "type": "Feature",
            "properties": {
                "adcode": 140214,
                "name": "云冈区",
                "center": [
                    113.149693,
                    40.005405
                ],
                "centroid": [
                    113.114195,
                    40.021423
                ],
                "childrenNum": 0,
                "level": "district",
                "acroutes": [
                    100000,
                    140000,
                    140200
                ],
                "parent": {
                    "adcode": 140200
                }
            },
            "geometry": {
                "type": "MultiPolygon",
                "coordinates": [
                    [
                        [
                            [
                                113.208436,
                                40.149346
                            ],
                            [
                                113.207165,
                                40.148814
                            ],
                            [
                                113.205854,
                                40.148583
                            ],
                            [
                                113.204879,
                                40.148704
                            ],
                            [
                                113.204333,
                                40.149128
                            ],
                            [
                                113.203919,
                                40.15034
                            ],
                            [
                                113.203414,
                                40.15097
                            ],
                            [
                                113.200566,
                                40.151592
                            ],
                            [
                                113.199791,
                                40.152004
                            ],
                            [
                                113.198168,
                                40.15312
                            ],
                            [
                                113.196647,
                                40.15375
                            ],
                            [
                                113.193243,
                                40.154281
                            ],
                            [
                                113.192783,
                                40.154502
                            ],
                            [
                                113.192048,
                                40.155411
                            ],
                            [
                                113.192089,
                                40.156671
                            ],
                            [
                                113.191553,
                                40.157731
                            ],
                            [
                                113.191293,
                                40.159033
                            ],
                            [
                                113.190767,
                                40.160126
                            ],
                            [
                                113.189966,
                                40.160581
                            ],
                            [
                                113.188899,
                                40.160632
                            ],
                            [
                                113.187588,
                                40.160394
                            ],
                            [
                                113.185771,
                                40.159313
                            ],
                            [
                                113.184424,
                                40.159137
                            ],
                            [
                                113.182913,
                                40.15829
                            ],
                            [
                                113.181836,
                                40.15803
                            ],
                            [
                                113.181331,
                                40.158301
                            ],
                            [
                                113.180101,
                                40.158346
                            ],
                            [
                                113.179442,
                                40.158787
                            ],
                            [
                                113.179478,
                                40.15968
                            ],
                            [
                                113.179846,
                                40.160539
                            ],
                            [
                                113.180055,
                                40.162129
                            ],
                            [
                                113.179881,
                                40.163516
                            ],
                            [
                                113.179238,
                                40.164858
                            ],
                            [
                                113.17856,
                                40.165773
                            ],
                            [
                                113.177646,
                                40.166038
                            ],
                            [
                                113.174859,
                                40.165668
                            ],
                            [
                                113.172542,
                                40.16568
                            ],
                            [
                                113.170731,
                                40.165942
                            ],
                            [
                                113.16971,
                                40.16625
                            ],
                            [
                                113.168342,
                                40.166078
                            ],
                            [
                                113.16749,
                                40.165473
                            ],
                            [
                                113.166535,
                                40.165524
                            ],
                            [
                                113.165755,
                                40.166951
                            ],
                            [
                                113.165556,
                                40.168332
                            ],
                            [
                                113.164295,
                                40.16908
                            ],
                            [
                                113.163152,
                                40.169524
                            ],
                            [
                                113.162111,
                                40.170128
                            ],
                            [
                                113.161595,
                                40.17073
                            ],
                            [
                                113.161279,
                                40.171716
                            ],
                            [
                                113.16087,
                                40.172046
                            ],
                            [
                                113.160258,
                                40.172029
                            ],
                            [
                                113.157676,
                                40.17112
                            ],
                            [
                                113.157007,
                                40.171165
                            ],
                            [
                                113.156394,
                                40.171555
                            ],
                            [
                                113.156088,
                                40.172475
                            ],
                            [
                                113.156002,
                                40.173529
                            ],
                            [
                                113.155384,
                                40.174574
                            ],
                            [
                                113.154521,
                                40.174562
                            ],
                            [
                                113.153521,
                                40.174229
                            ],
                            [
                                113.151398,
                                40.172608
                            ],
                            [
                                113.150321,
                                40.172071
                            ],
                            [
                                113.149321,
                                40.172091
                            ],
                            [
                                113.148167,
                                40.172405
                            ],
                            [
                                113.147514,
                                40.172357
                            ],
                            [
                                113.147218,
                                40.171591
                            ],
                            [
                                113.147555,
                                40.169699
                            ],
                            [
                                113.147535,
                                40.16847
                            ],
                            [
                                113.147672,
                                40.167592
                            ],
                            [
                                113.147606,
                                40.166092
                            ],
                            [
                                113.147126,
                                40.165129
                            ],
                            [
                                113.145733,
                                40.164024
                            ],
                            [
                                113.145912,
                                40.163925
                            ],
                            [
                                113.14287,
                                40.162183
                            ],
                            [
                                113.142048,
                                40.16199
                            ],
                            [
                                113.140834,
                                40.162112
                            ],
                            [
                                113.139701,
                                40.160829
                            ],
                            [
                                113.138777,
                                40.160553
                            ],
                            [
                                113.137057,
                                40.16077
                            ],
                            [
                                113.136603,
                                40.160632
                            ],
                            [
                                113.136031,
                                40.159844
                            ],
                            [
                                113.135679,
                                40.158801
                            ],
                            [
                                113.134898,
                                40.157979
                            ],
                            [
                                113.133132,
                                40.157375
                            ],
                            [
                                113.131999,
                                40.157507
                            ],
                            [
                                113.131463,
                                40.15779
                            ],
                            [
                                113.13056,
                                40.15868
                            ],
                            [
                                113.129447,
                                40.159022
                            ],
                            [
                                113.128513,
                                40.158476
                            ],
                            [
                                113.125737,
                                40.156312
                            ],
                            [
                                113.125023,
                                40.15642
                            ],
                            [
                                113.124129,
                                40.15751
                            ],
                            [
                                113.123742,
                                40.158454
                            ],
                            [
                                113.123558,
                                40.160539
                            ],
                            [
                                113.123313,
                                40.161866
                            ],
                            [
                                113.121838,
                                40.164231
                            ],
                            [
                                113.121333,
                                40.164584
                            ],
                            [
                                113.119669,
                                40.165329
                            ],
                            [
                                113.117607,
                                40.165589
                            ],
                            [
                                113.114361,
                                40.165318
                            ],
                            [
                                113.112197,
                                40.165468
                            ],
                            [
                                113.110855,
                                40.165199
                            ],
                            [
                                113.109773,
                                40.164417
                            ],
                            [
                                113.108977,
                                40.164101
                            ],
                            [
                                113.106578,
                                40.161273
                            ],
                            [
                                113.105915,
                                40.160053
                            ],
                            [
                                113.105761,
                                40.158827
                            ],
                            [
                                113.105205,
                                40.158392
                            ],
                            [
                                113.103531,
                                40.159259
                            ],
                            [
                                113.102852,
                                40.159137
                            ],
                            [
                                113.10248,
                                40.158527
                            ],
                            [
                                113.102383,
                                40.157471
                            ],
                            [
                                113.101449,
                                40.155787
                            ],
                            [
                                113.101377,
                                40.155013
                            ],
                            [
                                113.101582,
                                40.154417
                            ],
                            [
                                113.102791,
                                40.153535
                            ],
                            [
                                113.10396,
                                40.152431
                            ],
                            [
                                113.104491,
                                40.150784
                            ],
                            [
                                113.104419,
                                40.149425
                            ],
                            [
                                113.103761,
                                40.14652
                            ],
                            [
                                113.103623,
                                40.145576
                            ],
                            [
                                113.103036,
                                40.145401
                            ],
                            [
                                113.101311,
                                40.145641
                            ],
                            [
                                113.100566,
                                40.14589
                            ],
                            [
                                113.099811,
                                40.146444
                            ],
                            [
                                113.099489,
                                40.147905
                            ],
                            [
                                113.099668,
                                40.149662
                            ],
                            [
                                113.099453,
                                40.149987
                            ],
                            [
                                113.098734,
                                40.150024
                            ],
                            [
                                113.098468,
                                40.149696
                            ],
                            [
                                113.098014,
                                40.14591
                            ],
                            [
                                113.097386,
                                40.144345
                            ],
                            [
                                113.095968,
                                40.14261
                            ],
                            [
                                113.09435,
                                40.14116
                            ],
                            [
                                113.092681,
                                40.140143
                            ],
                            [
                                113.091655,
                                40.139696
                            ],
                            [
                                113.09093,
                                40.139572
                            ],
                            [
                                113.090583,
                                40.140016
                            ],
                            [
                                113.089323,
                                40.141067
                            ],
                            [
                                113.085199,
                                40.142844
                            ],
                            [
                                113.084204,
                                40.142875
                            ],
                            [
                                113.08353,
                                40.142491
                            ],
                            [
                                113.083234,
                                40.141697
                            ],
                            [
                                113.083091,
                                40.140318
                            ],
                            [
                                113.083372,
                                40.139439
                            ],
                            [
                                113.083198,
                                40.138467
                            ],
                            [
                                113.082504,
                                40.13784
                            ],
                            [
                                113.081478,
                                40.137427
                            ],
                            [
                                113.080325,
                                40.137458
                            ],
                            [
                                113.079769,
                                40.137665
                            ],
                            [
                                113.077758,
                                40.139425
                            ],
                            [
                                113.076548,
                                40.140036
                            ],
                            [
                                113.075502,
                                40.14005
                            ],
                            [
                                113.073369,
                                40.140911
                            ],
                            [
                                113.070582,
                                40.141734
                            ],
                            [
                                113.069806,
                                40.141672
                            ],
                            [
                                113.068331,
                                40.141203
                            ],
                            [
                                113.067576,
                                40.140748
                            ],
                            [
                                113.067397,
                                40.140061
                            ],
                            [
                                113.067862,
                                40.138993
                            ],
                            [
                                113.067341,
                                40.138275
                            ],
                            [
                                113.065285,
                                40.138801
                            ],
                            [
                                113.06357,
                                40.138484
                            ],
                            [
                                113.063105,
                                40.138563
                            ],
                            [
                                113.062702,
                                40.139151
                            ],
                            [
                                113.062028,
                                40.140787
                            ],
                            [
                                113.060702,
                                40.141847
                            ],
                            [
                                113.059722,
                                40.142279
                            ],
                            [
                                113.057752,
                                40.143491
                            ],
                            [
                                113.054312,
                                40.144664
                            ],
                            [
                                113.053475,
                                40.144675
                            ],
                            [
                                113.052388,
                                40.143977
                            ],
                            [
                                113.051709,
                                40.144347
                            ],
                            [
                                113.051336,
                                40.145916
                            ],
                            [
                                113.050765,
                                40.146738
                            ],
                            [
                                113.050234,
                                40.146794
                            ],
                            [
                                113.049453,
                                40.14587
                            ],
                            [
                                113.049045,
                                40.144706
                            ],
                            [
                                113.04879,
                                40.143135
                            ],
                            [
                                113.048815,
                                40.142344
                            ],
                            [
                                113.049678,
                                40.139617
                            ],
                            [
                                113.049417,
                                40.137843
                            ],
                            [
                                113.049719,
                                40.135311
                            ],
                            [
                                113.04953,
                                40.132171
                            ],
                            [
                                113.049953,
                                40.131219
                            ],
                            [
                                113.052041,
                                40.129272
                            ],
                            [
                                113.051898,
                                40.128627
                            ],
                            [
                                113.050601,
                                40.128599
                            ],
                            [
                                113.049795,
                                40.12889
                            ],
                            [
                                113.048167,
                                40.129953
                            ],
                            [
                                113.046998,
                                40.131171
                            ],
                            [
                                113.045768,
                                40.132007
                            ],
                            [
                                113.044584,
                                40.131781
                            ],
                            [
                                113.0434,
                                40.130911
                            ],
                            [
                                113.041895,
                                40.129167
                            ],
                            [
                                113.040879,
                                40.127095
                            ],
                            [
                                113.040583,
                                40.12629
                            ],
                            [
                                113.04017,
                                40.124543
                            ],
                            [
                                113.03947,
                                40.123305
                            ],
                            [
                                113.038817,
                                40.122785
                            ],
                            [
                                113.038031,
                                40.122749
                            ],
                            [
                                113.037322,
                                40.123107
                            ],
                            [
                                113.036587,
                                40.124283
                            ],
                            [
                                113.035867,
                                40.126558
                            ],
                            [
                                113.035837,
                                40.127435
                            ],
                            [
                                113.035408,
                                40.129356
                            ],
                            [
                                113.034949,
                                40.130057
                            ],
                            [
                                113.032264,
                                40.132267
                            ],
                            [
                                113.031075,
                                40.132954
                            ],
                            [
                                113.02911,
                                40.134808
                            ],
                            [
                                113.028207,
                                40.135848
                            ],
                            [
                                113.02789,
                                40.136478
                            ],
                            [
                                113.026339,
                                40.138569
                            ],
                            [
                                113.025686,
                                40.138987
                            ],
                            [
                                113.022496,
                                40.139911
                            ],
                            [
                                113.02098,
                                40.140485
                            ],
                            [
                                113.019719,
                                40.140787
                            ],
                            [
                                113.018939,
                                40.140697
                            ],
                            [
                                113.01754,
                                40.139889
                            ],
                            [
                                113.016519,
                                40.13912
                            ],
                            [
                                113.015468,
                                40.137891
                            ],
                            [
                                113.01432,
                                40.136953
                            ],
                            [
                                113.013748,
                                40.136079
                            ],
                            [
                                113.012881,
                                40.135438
                            ],
                            [
                                113.012661,
                                40.134966
                            ],
                            [
                                113.012574,
                                40.133183
                            ],
                            [
                                113.01164,
                                40.132112
                            ],
                            [
                                113.010242,
                                40.131917
                            ],
                            [
                                113.009129,
                                40.132103
                            ],
                            [
                                113.008267,
                                40.132423
                            ],
                            [
                                113.006608,
                                40.133268
                            ],
                            [
                                113.004403,
                                40.134709
                            ],
                            [
                                113.003321,
                                40.13435
                            ],
                            [
                                113.003138,
                                40.133949
                            ],
                            [
                                113.003128,
                                40.132926
                            ],
                            [
                                113.002444,
                                40.132807
                            ],
                            [
                                113.001387,
                                40.133454
                            ],
                            [
                                113.000698,
                                40.133652
                            ],
                            [
                                113.000014,
                                40.133474
                            ],
                            [
                                112.998177,
                                40.13249
                            ],
                            [
                                112.997534,
                                40.132459
                            ],
                            [
                                112.996151,
                                40.132765
                            ],
                            [
                                112.995232,
                                40.133598
                            ],
                            [
                                112.994681,
                                40.134774
                            ],
                            [
                                112.994487,
                                40.136464
                            ],
                            [
                                112.994773,
                                40.137295
                            ],
                            [
                                112.995339,
                                40.137877
                            ],
                            [
                                112.996697,
                                40.137944
                            ],
                            [
                                112.99832,
                                40.13743
                            ],
                            [
                                112.999902,
                                40.13669
                            ],
                            [
                                113.000897,
                                40.136616
                            ],
                            [
                                113.00151,
                                40.13684
                            ],
                            [
                                113.002015,
                                40.13745
                            ],
                            [
                                113.002061,
                                40.138272
                            ],
                            [
                                113.001607,
                                40.138883
                            ],
                            [
                                113.000918,
                                40.139154
                            ],
                            [
                                113.00005,
                                40.139179
                            ],
                            [
                                112.998141,
                                40.139004
                            ],
                            [
                                112.997432,
                                40.139202
                            ],
                            [
                                112.997335,
                                40.139736
                            ],
                            [
                                112.998085,
                                40.141612
                            ],
                            [
                                112.998019,
                                40.142536
                            ],
                            [
                                112.995212,
                                40.143785
                            ],
                            [
                                112.994523,
                                40.144186
                            ],
                            [
                                112.993461,
                                40.14515
                            ],
                            [
                                112.993267,
                                40.145673
                            ],
                            [
                                112.993671,
                                40.146475
                            ],
                            [
                                112.99612,
                                40.148427
                            ],
                            [
                                112.996585,
                                40.148925
                            ],
                            [
                                112.996697,
                                40.149501
                            ],
                            [
                                112.996294,
                                40.149837
                            ],
                            [
                                112.995503,
                                40.14995
                            ],
                            [
                                112.993017,
                                40.149984
                            ],
                            [
                                112.989297,
                                40.150442
                            ],
                            [
                                112.985178,
                                40.150744
                            ],
                            [
                                112.983989,
                                40.150747
                            ],
                            [
                                112.981498,
                                40.151185
                            ],
                            [
                                112.98059,
                                40.151775
                            ],
                            [
                                112.979712,
                                40.152679
                            ],
                            [
                                112.979355,
                                40.153982
                            ],
                            [
                                112.978957,
                                40.154507
                            ],
                            [
                                112.977558,
                                40.155146
                            ],
                            [
                                112.976737,
                                40.155329
                            ],
                            [
                                112.97568,
                                40.155273
                            ],
                            [
                                112.974746,
                                40.155013
                            ],
                            [
                                112.973276,
                                40.154259
                            ],
                            [
                                112.971506,
                                40.153157
                            ],
                            [
                                112.969729,
                                40.151928
                            ],
                            [
                                112.968387,
                                40.150795
                            ],
                            [
                                112.966632,
                                40.149052
                            ],
                            [
                                112.966478,
                                40.148518
                            ],
                            [
                                112.966825,
                                40.147794
                            ],
                            [
                                112.968494,
                                40.146362
                            ],
                            [
                                112.968709,
                                40.145667
                            ],
                            [
                                112.970219,
                                40.145625
                            ],
                            [
                                112.972011,
                                40.146139
                            ],
                            [
                                112.973123,
                                40.146173
                            ],
                            [
                                112.97495,
                                40.145633
                            ],
                            [
                                112.976931,
                                40.144528
                            ],
                            [
                                112.978304,
                                40.14333
                            ],
                            [
                                112.979166,
                                40.141802
                            ],
                            [
                                112.978799,
                                40.140756
                            ],
                            [
                                112.978232,
                                40.138532
                            ],
                            [
                                112.977216,
                                40.135983
                            ],
                            [
                                112.976584,
                                40.134887
                            ],
                            [
                                112.97543,
                                40.133287
                            ],
                            [
                                112.97491,
                                40.132731
                            ],
                            [
                                112.97444,
                                40.131507
                            ],
                            [
                                112.973741,
                                40.12826
                            ],
                            [
                                112.972046,
                                40.124258
                            ],
                            [
                                112.967229,
                                40.116375
                            ],
                            [
                                112.965866,
                                40.114444
                            ],
                            [
                                112.964855,
                                40.113254
                            ],
                            [
                                112.963626,
                                40.112375
                            ],
                            [
                                112.96115,
                                40.111385
                            ],
                            [
                                112.960747,
                                40.110184
                            ],
                            [
                                112.960502,
                                40.107623
                            ],
                            [
                                112.960471,
                                40.105367
                            ],
                            [
                                112.960237,
                                40.102932
                            ],
                            [
                                112.960078,
                                40.102138
                            ],
                            [
                                112.958792,
                                40.09926
                            ],
                            [
                                112.95842,
                                40.098033
                            ],
                            [
                                112.957343,
                                40.096766
                            ],
                            [
                                112.956526,
                                40.096189
                            ],
                            [
                                112.954766,
                                40.095624
                            ],
                            [
                                112.948555,
                                40.093921
                            ],
                            [
                                112.946498,
                                40.093415
                            ],
                            [
                                112.94438,
                                40.093011
                            ],
                            [
                                112.938664,
                                40.091043
                            ],
                            [
                                112.935397,
                                40.090223
                            ],
                            [
                                112.932575,
                                40.089779
                            ],
                            [
                                112.931391,
                                40.089702
                            ],
                            [
                                112.929748,
                                40.088831
                            ],
                            [
                                112.929579,
                                40.08843
                            ],
                            [
                                112.929834,
                                40.087531
                            ],
                            [
                                112.930187,
                                40.084635
                            ],
                            [
                                112.9301,
                                40.082712
                            ],
                            [
                                112.929595,
                                40.081487
                            ],
                            [
                                112.927114,
                                40.077706
                            ],
                            [
                                112.926196,
                                40.077103
                            ],
                            [
                                112.92518,
                                40.076787
                            ],
                            [
                                112.921398,
                                40.076487
                            ],
                            [
                                112.919984,
                                40.07615
                            ],
                            [
                                112.916162,
                                40.074572
                            ],
                            [
                                112.914279,
                                40.073987
                            ],
                            [
                                112.911921,
                                40.073458
                            ],
                            [
                                112.910134,
                                40.072256
                            ],
                            [
                                112.908828,
                                40.070751
                            ],
                            [
                                112.909558,
                                40.069534
                            ],
                            [
                                112.910767,
                                40.068004
                            ],
                            [
                                112.911313,
                                40.066341
                            ],
                            [
                                112.911155,
                                40.064064
                            ],
                            [
                                112.911921,
                                40.061857
                            ],
                            [
                                112.911956,
                                40.060431
                            ],
                            [
                                112.91065,
                                40.057622
                            ],
                            [
                                112.910563,
                                40.056292
                            ],
                            [
                                112.910844,
                                40.054671
                            ],
                            [
                                112.911426,
                                40.053138
                            ],
                            [
                                112.911466,
                                40.051746
                            ],
                            [
                                112.912559,
                                40.050651
                            ],
                            [
                                112.914513,
                                40.049672
                            ],
                            [
                                112.915299,
                                40.048198
                            ],
                            [
                                112.915432,
                                40.047428
                            ],
                            [
                                112.91658,
                                40.04603
                            ],
                            [
                                112.920337,
                                40.042434
                            ],
                            [
                                112.924032,
                                40.039966
                            ],
                            [
                                112.925124,
                                40.039386
                            ],
                            [
                                112.925833,
                                40.038067
                            ],
                            [
                                112.925823,
                                40.036064
                            ],
                            [
                                112.92541,
                                40.034646
                            ],
                            [
                                112.92519,
                                40.032849
                            ],
                            [
                                112.926971,
                                40.030149
                            ],
                            [
                                112.926558,
                                40.028765
                            ],
                            [
                                112.925787,
                                40.027446
                            ],
                            [
                                112.925915,
                                40.024938
                            ],
                            [
                                112.926512,
                                40.02213
                            ],
                            [
                                112.921071,
                                40.018294
                            ],
                            [
                                112.915942,
                                40.01537
                            ],
                            [
                                112.914381,
                                40.011503
                            ],
                            [
                                112.918443,
                                40.005974
                            ],
                            [
                                112.933376,
                                40.00385
                            ],
                            [
                                112.94438,
                                40.004139
                            ],
                            [
                                112.952791,
                                40.00658
                            ],
                            [
                                112.95845,
                                40.00562
                            ],
                            [
                                112.967132,
                                40.001047
                            ],
                            [
                                112.971409,
                                39.997828
                            ],
                            [
                                112.97466,
                                39.995109
                            ],
                            [
                                112.976339,
                                39.990346
                            ],
                            [
                                112.976359,
                                39.9885
                            ],
                            [
                                112.975328,
                                39.981895
                            ],
                            [
                                112.973654,
                                39.976967
                            ],
                            [
                                112.97173,
                                39.972282
                            ],
                            [
                                112.967116,
                                39.963919
                            ],
                            [
                                112.962008,
                                39.958143
                            ],
                            [
                                112.955062,
                                39.954139
                            ],
                            [
                                112.947411,
                                39.951362
                            ],
                            [
                                112.942895,
                                39.949452
                            ],
                            [
                                112.929615,
                                39.947183
                            ],
                            [
                                112.917412,
                                39.945981
                            ],
                            [
                                112.902897,
                                39.947293
                            ],
                            [
                                112.899218,
                                39.944862
                            ],
                            [
                                112.889179,
                                39.936085
                            ],
                            [
                                112.886367,
                                39.931496
                            ],
                            [
                                112.887765,
                                39.928826
                            ],
                            [
                                112.889245,
                                39.924767
                            ],
                            [
                                112.890235,
                                39.921445
                            ],
                            [
                                112.894824,
                                39.916172
                            ],
                            [
                                112.900637,
                                39.911021
                            ],
                            [
                                112.906342,
                                39.909121
                            ],
                            [
                                112.911865,
                                39.907927
                            ],
                            [
                                112.916703,
                                39.908174
                            ],
                            [
                                112.92077,
                                39.909192
                            ],
                            [
                                112.923419,
                                39.90617
                            ],
                            [
                                112.930095,
                                39.903309
                            ],
                            [
                                112.935765,
                                39.898363
                            ],
                            [
                                112.940088,
                                39.895162
                            ],
                            [
                                112.942869,
                                39.897935
                            ],
                            [
                                112.942394,
                                39.900586
                            ],
                            [
                                112.939046,
                                39.907204
                            ],
                            [
                                112.939445,
                                39.912594
                            ],
                            [
                                112.941563,
                                39.915738
                            ],
                            [
                                112.944563,
                                39.917159
                            ],
                            [
                                112.949192,
                                39.917122
                            ],
                            [
                                112.956246,
                                39.912674
                            ],
                            [
                                112.961007,
                                39.910102
                            ],
                            [
                                112.969081,
                                39.909507
                            ],
                            [
                                112.973751,
                                39.90981
                            ],
                            [
                                112.981299,
                                39.912265
                            ],
                            [
                                112.985847,
                                39.913051
                            ],
                            [
                                112.995217,
                                39.913071
                            ],
                            [
                                113.006874,
                                39.913708
                            ],
                            [
                                113.016193,
                                39.91302
                            ],
                            [
                                113.019571,
                                39.912345
                            ],
                            [
                                113.023103,
                                39.912322
                            ],
                            [
                                113.027941,
                                39.913725
                            ],
                            [
                                113.038348,
                                39.91628
                            ],
                            [
                                113.043211,
                                39.916538
                            ],
                            [
                                113.051918,
                                39.91645
                            ],
                            [
                                113.070245,
                                39.914338
                            ],
                            [
                                113.077222,
                                39.912781
                            ],
                            [
                                113.117188,
                                39.909098
                            ],
                            [
                                113.122777,
                                39.908344
                            ],
                            [
                                113.133295,
                                39.908506
                            ],
                            [
                                113.141492,
                                39.909127
                            ],
                            [
                                113.147341,
                                39.910187
                            ],
                            [
                                113.151031,
                                39.910757
                            ],
                            [
                                113.160095,
                                39.91313
                            ],
                            [
                                113.168444,
                                39.916725
                            ],
                            [
                                113.173216,
                                39.92043
                            ],
                            [
                                113.181632,
                                39.925816
                            ],
                            [
                                113.183786,
                                39.927372
                            ],
                            [
                                113.199474,
                                39.936264
                            ],
                            [
                                113.205946,
                                39.94107
                            ],
                            [
                                113.210105,
                                39.945318
                            ],
                            [
                                113.216719,
                                39.948537
                            ],
                            [
                                113.223844,
                                39.951198
                            ],
                            [
                                113.228529,
                                39.955153
                            ],
                            [
                                113.235526,
                                39.958284
                            ],
                            [
                                113.242518,
                                39.957927
                            ],
                            [
                                113.253772,
                                39.955757
                            ],
                            [
                                113.265729,
                                39.952198
                            ],
                            [
                                113.275972,
                                39.950716
                            ],
                            [
                                113.28595,
                                39.948432
                            ],
                            [
                                113.296096,
                                39.942612
                            ],
                            [
                                113.303558,
                                39.935547
                            ],
                            [
                                113.305058,
                                39.934393
                            ],
                            [
                                113.316909,
                                39.933415
                            ],
                            [
                                113.325227,
                                39.932624
                            ],
                            [
                                113.330831,
                                39.928257
                            ],
                            [
                                113.338446,
                                39.920362
                            ],
                            [
                                113.346346,
                                39.913941
                            ],
                            [
                                113.352639,
                                39.906609
                            ],
                            [
                                113.357135,
                                39.90588
                            ],
                            [
                                113.364367,
                                39.906983
                            ],
                            [
                                113.37191,
                                39.907182
                            ],
                            [
                                113.381189,
                                39.906056
                            ],
                            [
                                113.383353,
                                39.901899
                            ],
                            [
                                113.387211,
                                39.893579
                            ],
                            [
                                113.390365,
                                39.891563
                            ],
                            [
                                113.396724,
                                39.892397
                            ],
                            [
                                113.396622,
                                39.893151
                            ],
                            [
                                113.394846,
                                39.896852
                            ],
                            [
                                113.393825,
                                39.898451
                            ],
                            [
                                113.393335,
                                39.899398
                            ],
                            [
                                113.392371,
                                39.900538
                            ],
                            [
                                113.390299,
                                39.902047
                            ],
                            [
                                113.389278,
                                39.903192
                            ],
                            [
                                113.387895,
                                39.905787
                            ],
                            [
                                113.387624,
                                39.906133
                            ],
                            [
                                113.386808,
                                39.906487
                            ],
                            [
                                113.385945,
                                39.907366
                            ],
                            [
                                113.384766,
                                39.909442
                            ],
                            [
                                113.384205,
                                39.911593
                            ],
                            [
                                113.384261,
                                39.912532
                            ],
                            [
                                113.384654,
                                39.913717
                            ],
                            [
                                113.384853,
                                39.914837
                            ],
                            [
                                113.384787,
                                39.915628
                            ],
                            [
                                113.384419,
                                39.916376
                            ],
                            [
                                113.383506,
                                39.917008
                            ],
                            [
                                113.383337,
                                39.917468
                            ],
                            [
                                113.383547,
                                39.918154
                            ],
                            [
                                113.384777,
                                39.919084
                            ],
                            [
                                113.386257,
                                39.92058
                            ],
                            [
                                113.387119,
                                39.922993
                            ],
                            [
                                113.388084,
                                39.925005
                            ],
                            [
                                113.38862,
                                39.926856
                            ],
                            [
                                113.388599,
                                39.928237
                            ],
                            [
                                113.38813,
                                39.929569
                            ],
                            [
                                113.386374,
                                39.930972
                            ],
                            [
                                113.385062,
                                39.932469
                            ],
                            [
                                113.38398,
                                39.934084
                            ],
                            [
                                113.383725,
                                39.935277
                            ],
                            [
                                113.384067,
                                39.937105
                            ],
                            [
                                113.384077,
                                39.937896
                            ],
                            [
                                113.383536,
                                39.939055
                            ],
                            [
                                113.382878,
                                39.939843
                            ],
                            [
                                113.379729,
                                39.942527
                            ],
                            [
                                113.37878,
                                39.943578
                            ],
                            [
                                113.378397,
                                39.944882
                            ],
                            [
                                113.377723,
                                39.946117
                            ],
                            [
                                113.376631,
                                39.947262
                            ],
                            [
                                113.375166,
                                39.948155
                            ],
                            [
                                113.374498,
                                39.948432
                            ],
                            [
                                113.372564,
                                39.94877
                            ],
                            [
                                113.371844,
                                39.949486
                            ],
                            [
                                113.371329,
                                39.950288
                            ],
                            [
                                113.370318,
                                39.953128
                            ],
                            [
                                113.370017,
                                39.954683
                            ],
                            [
                                113.368246,
                                39.957072
                            ],
                            [
                                113.368098,
                                39.958876
                            ],
                            [
                                113.368185,
                                39.959766
                            ],
                            [
                                113.369307,
                                39.963268
                            ],
                            [
                                113.368823,
                                39.966597
                            ],
                            [
                                113.368848,
                                39.9702
                            ],
                            [
                                113.369006,
                                39.972899
                            ],
                            [
                                113.36992,
                                39.976429
                            ],
                            [
                                113.370645,
                                39.978142
                            ],
                            [
                                113.372957,
                                39.981278
                            ],
                            [
                                113.37438,
                                39.984722
                            ],
                            [
                                113.366342,
                                39.982295
                            ],
                            [
                                113.364454,
                                39.986243
                            ],
                            [
                                113.35467,
                                39.993212
                            ],
                            [
                                113.346949,
                                39.999394
                            ],
                            [
                                113.336399,
                                39.995933
                            ],
                            [
                                113.326269,
                                39.998037
                            ],
                            [
                                113.313913,
                                39.999614
                            ],
                            [
                                113.31082,
                                40.002115
                            ],
                            [
                                113.30859,
                                40.002378
                            ],
                            [
                                113.306359,
                                40.004218
                            ],
                            [
                                113.301552,
                                40.003955
                            ],
                            [
                                113.300521,
                                40.008949
                            ],
                            [
                                113.297091,
                                40.011713
                            ],
                            [
                                113.284904,
                                40.026571
                            ],
                            [
                                113.278034,
                                40.03301
                            ],
                            [
                                113.268593,
                                40.037481
                            ],
                            [
                                113.260182,
                                40.040764
                            ],
                            [
                                113.257324,
                                40.042238
                            ],
                            [
                                113.248142,
                                40.048854
                            ],
                            [
                                113.234465,
                                40.058508
                            ],
                            [
                                113.232893,
                                40.060177
                            ],
                            [
                                113.231224,
                                40.062233
                            ],
                            [
                                113.227309,
                                40.068428
                            ],
                            [
                                113.21899,
                                40.0833
                            ],
                            [
                                113.235256,
                                40.08509
                            ],
                            [
                                113.241457,
                                40.085186
                            ],
                            [
                                113.240844,
                                40.089615
                            ],
                            [
                                113.243641,
                                40.094685
                            ],
                            [
                                113.243957,
                                40.095038
                            ],
                            [
                                113.249648,
                                40.100181
                            ],
                            [
                                113.237389,
                                40.111651
                            ],
                            [
                                113.210442,
                                40.118517
                            ],
                            [
                                113.208436,
                                40.149346
                            ]
                        ]
                    ]
                ]
            }
        }
    ]
}