{
    "type": "FeatureCollection",
    "features": [
        {
            "type": "Feature",
            "properties": {
                "adcode": 140224,
                "name": "灵丘县",
                "center": [
                    114.23576,
                    39.438867
                ],
                "centroid": [
                    114.207844,
                    39.372378
                ],
                "childrenNum": 0,
                "level": "district",
                "acroutes": [
                    100000,
                    140000,
                    140200
                ],
                "parent": {
                    "adcode": 140200
                }
            },
            "geometry": {
                "type": "MultiPolygon",
                "coordinates": [
                    [
                        [
                            [
                                114.411216,
                                39.64667
                            ],
                            [
                                114.400566,
                                39.645691
                            ],
                            [
                                114.387769,
                                39.648266
                            ],
                            [
                                114.377864,
                                39.654087
                            ],
                            [
                                114.370724,
                                39.655369
                            ],
                            [
                                114.361839,
                                39.654559
                            ],
                            [
                                114.353276,
                                39.652147
                            ],
                            [
                                114.342613,
                                39.651077
                            ],
                            [
                                114.331057,
                                39.650448
                            ],
                            [
                                114.321582,
                                39.648937
                            ],
                            [
                                114.316583,
                                39.646579
                            ],
                            [
                                114.308053,
                                39.642789
                            ],
                            [
                                114.300256,
                                39.631295
                            ],
                            [
                                114.299531,
                                39.626252
                            ],
                            [
                                114.299893,
                                39.6194
                            ],
                            [
                                114.293766,
                                39.616509
                            ],
                            [
                                114.28619,
                                39.615052
                            ],
                            [
                                114.276446,
                                39.615409
                            ],
                            [
                                114.261307,
                                39.617925
                            ],
                            [
                                114.245222,
                                39.61628
                            ],
                            [
                                114.237981,
                                39.609088
                            ],
                            [
                                114.23221,
                                39.602834
                            ],
                            [
                                114.220762,
                                39.599023
                            ],
                            [
                                114.214964,
                                39.59437
                            ],
                            [
                                114.208521,
                                39.592005
                            ],
                            [
                                114.20373,
                                39.595157
                            ],
                            [
                                114.200878,
                                39.603584
                            ],
                            [
                                114.198979,
                                39.609747
                            ],
                            [
                                114.195603,
                                39.615197
                            ],
                            [
                                114.190443,
                                39.621094
                            ],
                            [
                                114.183853,
                                39.626046
                            ],
                            [
                                114.176948,
                                39.630769
                            ],
                            [
                                114.171559,
                                39.633913
                            ],
                            [
                                114.165077,
                                39.633599
                            ],
                            [
                                114.147676,
                                39.632474
                            ],
                            [
                                114.136168,
                                39.631864
                            ],
                            [
                                114.128665,
                                39.630709
                            ],
                            [
                                114.122189,
                                39.625309
                            ],
                            [
                                114.120747,
                                39.615578
                            ],
                            [
                                114.118586,
                                39.609451
                            ],
                            [
                                114.114271,
                                39.609814
                            ],
                            [
                                114.096629,
                                39.614864
                            ],
                            [
                                114.087267,
                                39.615215
                            ],
                            [
                                114.079329,
                                39.614489
                            ],
                            [
                                114.071034,
                                39.619884
                            ],
                            [
                                114.064062,
                                39.62621
                            ],
                            [
                                114.050084,
                                39.627576
                            ],
                            [
                                114.03883,
                                39.62601
                            ],
                            [
                                114.031495,
                                39.622896
                            ],
                            [
                                114.018846,
                                39.617864
                            ],
                            [
                                114.00678,
                                39.615735
                            ],
                            [
                                113.994976,
                                39.618118
                            ],
                            [
                                113.987695,
                                39.622067
                            ],
                            [
                                113.980884,
                                39.628768
                            ],
                            [
                                113.978005,
                                39.634204
                            ],
                            [
                                113.972435,
                                39.63979
                            ],
                            [
                                113.967053,
                                39.632323
                            ],
                            [
                                113.961007,
                                39.626681
                            ],
                            [
                                113.958719,
                                39.624105
                            ],
                            [
                                113.955189,
                                39.622872
                            ],
                            [
                                113.950666,
                                39.624371
                            ],
                            [
                                113.945526,
                                39.626536
                            ],
                            [
                                113.939473,
                                39.629372
                            ],
                            [
                                113.932151,
                                39.63447
                            ],
                            [
                                113.920817,
                                39.635129
                            ],
                            [
                                113.914066,
                                39.633133
                            ],
                            [
                                113.909986,
                                39.630757
                            ],
                            [
                                113.90657,
                                39.627008
                            ],
                            [
                                113.90492,
                                39.623307
                            ],
                            [
                                113.904121,
                                39.620991
                            ],
                            [
                                113.901142,
                                39.613364
                            ],
                            [
                                113.900497,
                                39.606705
                            ],
                            [
                                113.901719,
                                39.598024
                            ],
                            [
                                113.905987,
                                39.594909
                            ],
                            [
                                113.91059,
                                39.590892
                            ],
                            [
                                113.915912,
                                39.583443
                            ],
                            [
                                113.917697,
                                39.575232
                            ],
                            [
                                113.913187,
                                39.561148
                            ],
                            [
                                113.913845,
                                39.551306
                            ],
                            [
                                113.917992,
                                39.543381
                            ],
                            [
                                113.921059,
                                39.532676
                            ],
                            [
                                113.922146,
                                39.527432
                            ],
                            [
                                113.921616,
                                39.518021
                            ],
                            [
                                113.921918,
                                39.509771
                            ],
                            [
                                113.923347,
                                39.503156
                            ],
                            [
                                113.924501,
                                39.496081
                            ],
                            [
                                113.930373,
                                39.489567
                            ],
                            [
                                113.939144,
                                39.493209
                            ],
                            [
                                113.946002,
                                39.492688
                            ],
                            [
                                113.952068,
                                39.489398
                            ],
                            [
                                113.955739,
                                39.486271
                            ],
                            [
                                113.960128,
                                39.480193
                            ],
                            [
                                113.960504,
                                39.469885
                            ],
                            [
                                113.958048,
                                39.455841
                            ],
                            [
                                113.959651,
                                39.444419
                            ],
                            [
                                113.961772,
                                39.4353
                            ],
                            [
                                113.965537,
                                39.421637
                            ],
                            [
                                113.967731,
                                39.410227
                            ],
                            [
                                113.967241,
                                39.399441
                            ],
                            [
                                113.966241,
                                39.394369
                            ],
                            [
                                113.963416,
                                39.390401
                            ],
                            [
                                113.958289,
                                39.384546
                            ],
                            [
                                113.947371,
                                39.382907
                            ],
                            [
                                113.938808,
                                39.38179
                            ],
                            [
                                113.929756,
                                39.378137
                            ],
                            [
                                113.920146,
                                39.373786
                            ],
                            [
                                113.909523,
                                39.372627
                            ],
                            [
                                113.903061,
                                39.371334
                            ],
                            [
                                113.90141,
                                39.369974
                            ],
                            [
                                113.90139,
                                39.366278
                            ],
                            [
                                113.899752,
                                39.359965
                            ],
                            [
                                113.897927,
                                39.356213
                            ],
                            [
                                113.897867,
                                39.350434
                            ],
                            [
                                113.898169,
                                39.345085
                            ],
                            [
                                113.903128,
                                39.339037
                            ],
                            [
                                113.909724,
                                39.333973
                            ],
                            [
                                113.916623,
                                39.328884
                            ],
                            [
                                113.923092,
                                39.32292
                            ],
                            [
                                113.931487,
                                39.317915
                            ],
                            [
                                113.938057,
                                39.312631
                            ],
                            [
                                113.942197,
                                39.308749
                            ],
                            [
                                113.943922,
                                39.304873
                            ],
                            [
                                113.945868,
                                39.29867
                            ],
                            [
                                113.946888,
                                39.295797
                            ],
                            [
                                113.952068,
                                39.291118
                            ],
                            [
                                113.958249,
                                39.287035
                            ],
                            [
                                113.963819,
                                39.284634
                            ],
                            [
                                113.967181,
                                39.281529
                            ],
                            [
                                113.968181,
                                39.276801
                            ],
                            [
                                113.966771,
                                39.268377
                            ],
                            [
                                113.966758,
                                39.261198
                            ],
                            [
                                113.964892,
                                39.25352
                            ],
                            [
                                113.963443,
                                39.244868
                            ],
                            [
                                113.961886,
                                39.237383
                            ],
                            [
                                113.960094,
                                39.230152
                            ],
                            [
                                113.958578,
                                39.222896
                            ],
                            [
                                113.953229,
                                39.217641
                            ],
                            [
                                113.947116,
                                39.213158
                            ],
                            [
                                113.940124,
                                39.206904
                            ],
                            [
                                113.93862,
                                39.20497
                            ],
                            [
                                113.936896,
                                39.200054
                            ],
                            [
                                113.93952,
                                39.196087
                            ],
                            [
                                113.940587,
                                39.189966
                            ],
                            [
                                113.941399,
                                39.184099
                            ],
                            [
                                113.943445,
                                39.176717
                            ],
                            [
                                113.944687,
                                39.169882
                            ],
                            [
                                113.946244,
                                39.159546
                            ],
                            [
                                113.948988,
                                39.152794
                            ],
                            [
                                113.951807,
                                39.146499
                            ],
                            [
                                113.951518,
                                39.134028
                            ],
                            [
                                113.952505,
                                39.12745
                            ],
                            [
                                113.955256,
                                39.120696
                            ],
                            [
                                113.958329,
                                39.114141
                            ],
                            [
                                113.960094,
                                39.108646
                            ],
                            [
                                113.961349,
                                39.103663
                            ],
                            [
                                113.961765,
                                39.100842
                            ],
                            [
                                113.965966,
                                39.09927
                            ],
                            [
                                113.97771,
                                39.096498
                            ],
                            [
                                113.984367,
                                39.095377
                            ],
                            [
                                113.995104,
                                39.09548
                            ],
                            [
                                114.000459,
                                39.100739
                            ],
                            [
                                114.002955,
                                39.108598
                            ],
                            [
                                114.006471,
                                39.122876
                            ],
                            [
                                114.020886,
                                39.129381
                            ],
                            [
                                114.029341,
                                39.133431
                            ],
                            [
                                114.043413,
                                39.137347
                            ],
                            [
                                114.050815,
                                39.135873
                            ],
                            [
                                114.052989,
                                39.131555
                            ],
                            [
                                114.054298,
                                39.126311
                            ],
                            [
                                114.055694,
                                39.117169
                            ],
                            [
                                114.058539,
                                39.109426
                            ],
                            [
                                114.061089,
                                39.10398
                            ],
                            [
                                114.063592,
                                39.096096
                            ],
                            [
                                114.064431,
                                39.094152
                            ],
                            [
                                114.065263,
                                39.093506
                            ],
                            [
                                114.067511,
                                39.093512
                            ],
                            [
                                114.068934,
                                39.092336
                            ],
                            [
                                114.069712,
                                39.092641
                            ],
                            [
                                114.071088,
                                39.091233
                            ],
                            [
                                114.072209,
                                39.091501
                            ],
                            [
                                114.075658,
                                39.091666
                            ],
                            [
                                114.078228,
                                39.094981
                            ],
                            [
                                114.080235,
                                39.095444
                            ],
                            [
                                114.079684,
                                39.094286
                            ],
                            [
                                114.080335,
                                39.09361
                            ],
                            [
                                114.082187,
                                39.093512
                            ],
                            [
                                114.08316,
                                39.093049
                            ],
                            [
                                114.085127,
                                39.093463
                            ],
                            [
                                114.085227,
                                39.090953
                            ],
                            [
                                114.08459,
                                39.089624
                            ],
                            [
                                114.087992,
                                39.088113
                            ],
                            [
                                114.092582,
                                39.085273
                            ],
                            [
                                114.096816,
                                39.083701
                            ],
                            [
                                114.101407,
                                39.075979
                            ],
                            [
                                114.101252,
                                39.07025
                            ],
                            [
                                114.102896,
                                39.062258
                            ],
                            [
                                114.108714,
                                39.052266
                            ],
                            [
                                114.126645,
                                39.050912
                            ],
                            [
                                114.135966,
                                39.053327
                            ],
                            [
                                114.144965,
                                39.057344
                            ],
                            [
                                114.157185,
                                39.061161
                            ],
                            [
                                114.167486,
                                39.05946
                            ],
                            [
                                114.172237,
                                39.05654
                            ],
                            [
                                114.175834,
                                39.052918
                            ],
                            [
                                114.180894,
                                39.049083
                            ],
                            [
                                114.189705,
                                39.048278
                            ],
                            [
                                114.196972,
                                39.050431
                            ],
                            [
                                114.205388,
                                39.054424
                            ],
                            [
                                114.218433,
                                39.061002
                            ],
                            [
                                114.226358,
                                39.066519
                            ],
                            [
                                114.229438,
                                39.065934
                            ],
                            [
                                114.231928,
                                39.065983
                            ],
                            [
                                114.234787,
                                39.066824
                            ],
                            [
                                114.235907,
                                39.066446
                            ],
                            [
                                114.237182,
                                39.0668
                            ],
                            [
                                114.239041,
                                39.066434
                            ],
                            [
                                114.241122,
                                39.066848
                            ],
                            [
                                114.242611,
                                39.066702
                            ],
                            [
                                114.245537,
                                39.068287
                            ],
                            [
                                114.247175,
                                39.069963
                            ],
                            [
                                114.250496,
                                39.071396
                            ],
                            [
                                114.251536,
                                39.073182
                            ],
                            [
                                114.255368,
                                39.073889
                            ],
                            [
                                114.258569,
                                39.074035
                            ],
                            [
                                114.262374,
                                39.073322
                            ],
                            [
                                114.265186,
                                39.073096
                            ],
                            [
                                114.267629,
                                39.071798
                            ],
                            [
                                114.268474,
                                39.071706
                            ],
                            [
                                114.270239,
                                39.072639
                            ],
                            [
                                114.274051,
                                39.073194
                            ],
                            [
                                114.276393,
                                39.073797
                            ],
                            [
                                114.280775,
                                39.073907
                            ],
                            [
                                114.282868,
                                39.074778
                            ],
                            [
                                114.285465,
                                39.074961
                            ],
                            [
                                114.289405,
                                39.074906
                            ],
                            [
                                114.291022,
                                39.075181
                            ],
                            [
                                114.294927,
                                39.077741
                            ],
                            [
                                114.298048,
                                39.079033
                            ],
                            [
                                114.300121,
                                39.079215
                            ],
                            [
                                114.302094,
                                39.078429
                            ],
                            [
                                114.303792,
                                39.077162
                            ],
                            [
                                114.305624,
                                39.076967
                            ],
                            [
                                114.307651,
                                39.077515
                            ],
                            [
                                114.308798,
                                39.077034
                            ],
                            [
                                114.311093,
                                39.074967
                            ],
                            [
                                114.312455,
                                39.074724
                            ],
                            [
                                114.318126,
                                39.072487
                            ],
                            [
                                114.320797,
                                39.070494
                            ],
                            [
                                114.32228,
                                39.072724
                            ],
                            [
                                114.326004,
                                39.07512
                            ],
                            [
                                114.329554,
                                39.075479
                            ],
                            [
                                114.332587,
                                39.076711
                            ],
                            [
                                114.33407,
                                39.07668
                            ],
                            [
                                114.337211,
                                39.075735
                            ],
                            [
                                114.338016,
                                39.075138
                            ],
                            [
                                114.342002,
                                39.074535
                            ],
                            [
                                114.343821,
                                39.075717
                            ],
                            [
                                114.345861,
                                39.075272
                            ],
                            [
                                114.347438,
                                39.076357
                            ],
                            [
                                114.348713,
                                39.076461
                            ],
                            [
                                114.349371,
                                39.077802
                            ],
                            [
                                114.351303,
                                39.079014
                            ],
                            [
                                114.352156,
                                39.081349
                            ],
                            [
                                114.353759,
                                39.082909
                            ],
                            [
                                114.353726,
                                39.083914
                            ],
                            [
                                114.357229,
                                39.087022
                            ],
                            [
                                114.35798,
                                39.089259
                            ],
                            [
                                114.359772,
                                39.090758
                            ],
                            [
                                114.360356,
                                39.092884
                            ],
                            [
                                114.361859,
                                39.09414
                            ],
                            [
                                114.362329,
                                39.095931
                            ],
                            [
                                114.361799,
                                39.096754
                            ],
                            [
                                114.36204,
                                39.097857
                            ],
                            [
                                114.363101,
                                39.098923
                            ],
                            [
                                114.362899,
                                39.10055
                            ],
                            [
                                114.364201,
                                39.102073
                            ],
                            [
                                114.36457,
                                39.103431
                            ],
                            [
                                114.365899,
                                39.104364
                            ],
                            [
                                114.367201,
                                39.106002
                            ],
                            [
                                114.368529,
                                39.106526
                            ],
                            [
                                114.36967,
                                39.107544
                            ],
                            [
                                114.370147,
                                39.110407
                            ],
                            [
                                114.369858,
                                39.112478
                            ],
                            [
                                114.369402,
                                39.113118
                            ],
                            [
                                114.369838,
                                39.116608
                            ],
                            [
                                114.368798,
                                39.117638
                            ],
                            [
                                114.368664,
                                39.118893
                            ],
                            [
                                114.369744,
                                39.121414
                            ],
                            [
                                114.368113,
                                39.124594
                            ],
                            [
                                114.367476,
                                39.127974
                            ],
                            [
                                114.366832,
                                39.129162
                            ],
                            [
                                114.364322,
                                39.131981
                            ],
                            [
                                114.360779,
                                39.133967
                            ],
                            [
                                114.362678,
                                39.140678
                            ],
                            [
                                114.367221,
                                39.148764
                            ],
                            [
                                114.368563,
                                39.150158
                            ],
                            [
                                114.369328,
                                39.152021
                            ],
                            [
                                114.373804,
                                39.158931
                            ],
                            [
                                114.37979,
                                39.168866
                            ],
                            [
                                114.388178,
                                39.176991
                            ],
                            [
                                114.395573,
                                39.175263
                            ],
                            [
                                114.40678,
                                39.174027
                            ],
                            [
                                114.418,
                                39.171641
                            ],
                            [
                                114.425315,
                                39.173327
                            ],
                            [
                                114.426409,
                                39.173887
                            ],
                            [
                                114.428576,
                                39.172621
                            ],
                            [
                                114.430274,
                                39.172694
                            ],
                            [
                                114.431737,
                                39.173461
                            ],
                            [
                                114.432576,
                                39.175037
                            ],
                            [
                                114.433978,
                                39.175403
                            ],
                            [
                                114.435662,
                                39.174928
                            ],
                            [
                                114.437307,
                                39.175098
                            ],
                            [
                                114.440346,
                                39.17477
                            ],
                            [
                                114.443608,
                                39.174149
                            ],
                            [
                                114.444292,
                                39.175944
                            ],
                            [
                                114.444742,
                                39.178835
                            ],
                            [
                                114.445702,
                                39.181513
                            ],
                            [
                                114.445715,
                                39.183467
                            ],
                            [
                                114.444594,
                                39.184824
                            ],
                            [
                                114.444353,
                                39.186022
                            ],
                            [
                                114.445836,
                                39.187063
                            ],
                            [
                                114.445702,
                                39.189114
                            ],
                            [
                                114.446212,
                                39.190221
                            ],
                            [
                                114.447614,
                                39.191505
                            ],
                            [
                                114.449097,
                                39.192108
                            ],
                            [
                                114.451379,
                                39.192108
                            ],
                            [
                                114.453164,
                                39.192637
                            ],
                            [
                                114.458948,
                                39.190897
                            ],
                            [
                                114.459686,
                                39.190063
                            ],
                            [
                                114.462894,
                                39.188152
                            ],
                            [
                                114.464324,
                                39.187848
                            ],
                            [
                                114.465612,
                                39.188542
                            ],
                            [
                                114.4658,
                                39.191323
                            ],
                            [
                                114.466518,
                                39.192266
                            ],
                            [
                                114.469249,
                                39.193166
                            ],
                            [
                                114.47043,
                                39.194067
                            ],
                            [
                                114.471121,
                                39.196276
                            ],
                            [
                                114.472255,
                                39.198034
                            ],
                            [
                                114.472833,
                                39.200863
                            ],
                            [
                                114.47351,
                                39.202548
                            ],
                            [
                                114.472638,
                                39.203206
                            ],
                            [
                                114.472068,
                                39.20452
                            ],
                            [
                                114.471631,
                                39.207744
                            ],
                            [
                                114.472578,
                                39.208565
                            ],
                            [
                                114.474047,
                                39.21095
                            ],
                            [
                                114.474195,
                                39.21258
                            ],
                            [
                                114.476,
                                39.215871
                            ],
                            [
                                114.474852,
                                39.219247
                            ],
                            [
                                114.473879,
                                39.220245
                            ],
                            [
                                114.471947,
                                39.220841
                            ],
                            [
                                114.467867,
                                39.223645
                            ],
                            [
                                114.46737,
                                39.225877
                            ],
                            [
                                114.464552,
                                39.225883
                            ],
                            [
                                114.461096,
                                39.226886
                            ],
                            [
                                114.459827,
                                39.226527
                            ],
                            [
                                114.458834,
                                39.2255
                            ],
                            [
                                114.456694,
                                39.225414
                            ],
                            [
                                114.454821,
                                39.226801
                            ],
                            [
                                114.454439,
                                39.227719
                            ],
                            [
                                114.452835,
                                39.228845
                            ],
                            [
                                114.4506,
                                39.229064
                            ],
                            [
                                114.44948,
                                39.22879
                            ],
                            [
                                114.446332,
                                39.230481
                            ],
                            [
                                114.445205,
                                39.229653
                            ],
                            [
                                114.440078,
                                39.229015
                            ],
                            [
                                114.437696,
                                39.22986
                            ],
                            [
                                114.436347,
                                39.229617
                            ],
                            [
                                114.433213,
                                39.231247
                            ],
                            [
                                114.427965,
                                39.233211
                            ],
                            [
                                114.42363,
                                39.235729
                            ],
                            [
                                114.423644,
                                39.237358
                            ],
                            [
                                114.424691,
                                39.238027
                            ],
                            [
                                114.422812,
                                39.239839
                            ],
                            [
                                114.421369,
                                39.240441
                            ],
                            [
                                114.419356,
                                39.240527
                            ],
                            [
                                114.418262,
                                39.241749
                            ],
                            [
                                114.41594,
                                39.242862
                            ],
                            [
                                114.417329,
                                39.245774
                            ],
                            [
                                114.422362,
                                39.247361
                            ],
                            [
                                114.424073,
                                39.248212
                            ],
                            [
                                114.426368,
                                39.248419
                            ],
                            [
                                114.428059,
                                39.249781
                            ],
                            [
                                114.428891,
                                39.252395
                            ],
                            [
                                114.430415,
                                39.253885
                            ],
                            [
                                114.432347,
                                39.254207
                            ],
                            [
                                114.433502,
                                39.255964
                            ],
                            [
                                114.43481,
                                39.256681
                            ],
                            [
                                114.435481,
                                39.257842
                            ],
                            [
                                114.437649,
                                39.260408
                            ],
                            [
                                114.436978,
                                39.262778
                            ],
                            [
                                114.433146,
                                39.265028
                            ],
                            [
                                114.431139,
                                39.26555
                            ],
                            [
                                114.430831,
                                39.267246
                            ],
                            [
                                114.428757,
                                39.270784
                            ],
                            [
                                114.426919,
                                39.272315
                            ],
                            [
                                114.426261,
                                39.274491
                            ],
                            [
                                114.426274,
                                39.276077
                            ],
                            [
                                114.425556,
                                39.277068
                            ],
                            [
                                114.426207,
                                39.27987
                            ],
                            [
                                114.426073,
                                39.282276
                            ],
                            [
                                114.424852,
                                39.284324
                            ],
                            [
                                114.425087,
                                39.28512
                            ],
                            [
                                114.427415,
                                39.286901
                            ],
                            [
                                114.427643,
                                39.289076
                            ],
                            [
                                114.430804,
                                39.292655
                            ],
                            [
                                114.433629,
                                39.294442
                            ],
                            [
                                114.433206,
                                39.295967
                            ],
                            [
                                114.433703,
                                39.2983
                            ],
                            [
                                114.4322,
                                39.303677
                            ],
                            [
                                114.430529,
                                39.305007
                            ],
                            [
                                114.430374,
                                39.306544
                            ],
                            [
                                114.43281,
                                39.308445
                            ],
                            [
                                114.433763,
                                39.309709
                            ],
                            [
                                114.43424,
                                39.312564
                            ],
                            [
                                114.434461,
                                39.31596
                            ],
                            [
                                114.435629,
                                39.317089
                            ],
                            [
                                114.437434,
                                39.316664
                            ],
                            [
                                114.437911,
                                39.31712
                            ],
                            [
                                114.438602,
                                39.319416
                            ],
                            [
                                114.440991,
                                39.319239
                            ],
                            [
                                114.444789,
                                39.320345
                            ],
                            [
                                114.447064,
                                39.320108
                            ],
                            [
                                114.448909,
                                39.320813
                            ],
                            [
                                114.448889,
                                39.322386
                            ],
                            [
                                114.449392,
                                39.324621
                            ],
                            [
                                114.448815,
                                39.325726
                            ],
                            [
                                114.44999,
                                39.327275
                            ],
                            [
                                114.4516,
                                39.328016
                            ],
                            [
                                114.452385,
                                39.328878
                            ],
                            [
                                114.454747,
                                39.329334
                            ],
                            [
                                114.459787,
                                39.327718
                            ],
                            [
                                114.460821,
                                39.32801
                            ],
                            [
                                114.46321,
                                39.329637
                            ],
                            [
                                114.464914,
                                39.329085
                            ],
                            [
                                114.466625,
                                39.329686
                            ],
                            [
                                114.46635,
                                39.332504
                            ],
                            [
                                114.467511,
                                39.334811
                            ],
                            [
                                114.467404,
                                39.337331
                            ],
                            [
                                114.470081,
                                39.339669
                            ],
                            [
                                114.47296,
                                39.340288
                            ],
                            [
                                114.474819,
                                39.341302
                            ],
                            [
                                114.47453,
                                39.343094
                            ],
                            [
                                114.475557,
                                39.344041
                            ],
                            [
                                114.478651,
                                39.345668
                            ],
                            [
                                114.47953,
                                39.347125
                            ],
                            [
                                114.480456,
                                39.350531
                            ],
                            [
                                114.477845,
                                39.352012
                            ],
                            [
                                114.474477,
                                39.353251
                            ],
                            [
                                114.472564,
                                39.353421
                            ],
                            [
                                114.470766,
                                39.353973
                            ],
                            [
                                114.469484,
                                39.355188
                            ],
                            [
                                114.470376,
                                39.357252
                            ],
                            [
                                114.471732,
                                39.362988
                            ],
                            [
                                114.471611,
                                39.369404
                            ],
                            [
                                114.47033,
                                39.37557
                            ],
                            [
                                114.470195,
                                39.382895
                            ],
                            [
                                114.468316,
                                39.389066
                            ],
                            [
                                114.469269,
                                39.400982
                            ],
                            [
                                114.470893,
                                39.408784
                            ],
                            [
                                114.474047,
                                39.412933
                            ],
                            [
                                114.477792,
                                39.417318
                            ],
                            [
                                114.485006,
                                39.425166
                            ],
                            [
                                114.493971,
                                39.433717
                            ],
                            [
                                114.496823,
                                39.43855
                            ],
                            [
                                114.50252,
                                39.457144
                            ],
                            [
                                114.504701,
                                39.460781
                            ],
                            [
                                114.503909,
                                39.464594
                            ],
                            [
                                114.504621,
                                39.465745
                            ],
                            [
                                114.504809,
                                39.467679
                            ],
                            [
                                114.502527,
                                39.471945
                            ],
                            [
                                114.501836,
                                39.472636
                            ],
                            [
                                114.501702,
                                39.474624
                            ],
                            [
                                114.501943,
                                39.476757
                            ],
                            [
                                114.504057,
                                39.477642
                            ],
                            [
                                114.507198,
                                39.477636
                            ],
                            [
                                114.512519,
                                39.479545
                            ],
                            [
                                114.514922,
                                39.478745
                            ],
                            [
                                114.519445,
                                39.482278
                            ],
                            [
                                114.521236,
                                39.483369
                            ],
                            [
                                114.522182,
                                39.484538
                            ],
                            [
                                114.525149,
                                39.485502
                            ],
                            [
                                114.52988,
                                39.485205
                            ],
                            [
                                114.532678,
                                39.486198
                            ],
                            [
                                114.532369,
                                39.488216
                            ],
                            [
                                114.533906,
                                39.489628
                            ],
                            [
                                114.534476,
                                39.490931
                            ],
                            [
                                114.536583,
                                39.492167
                            ],
                            [
                                114.536261,
                                39.493639
                            ],
                            [
                                114.53653,
                                39.495608
                            ],
                            [
                                114.537167,
                                39.49685
                            ],
                            [
                                114.5371,
                                39.498086
                            ],
                            [
                                114.539053,
                                39.50083
                            ],
                            [
                                114.537449,
                                39.504974
                            ],
                            [
                                114.537798,
                                39.509705
                            ],
                            [
                                114.536208,
                                39.512382
                            ],
                            [
                                114.537355,
                                39.513503
                            ],
                            [
                                114.539992,
                                39.51535
                            ],
                            [
                                114.542361,
                                39.518941
                            ],
                            [
                                114.544468,
                                39.521449
                            ],
                            [
                                114.545348,
                                39.523005
                            ],
                            [
                                114.547743,
                                39.525985
                            ],
                            [
                                114.54928,
                                39.527148
                            ],
                            [
                                114.553984,
                                39.529031
                            ],
                            [
                                114.556111,
                                39.530442
                            ],
                            [
                                114.557326,
                                39.53201
                            ],
                            [
                                114.557433,
                                39.533112
                            ],
                            [
                                114.556863,
                                39.537018
                            ],
                            [
                                114.557091,
                                39.539979
                            ],
                            [
                                114.559004,
                                39.543266
                            ],
                            [
                                114.559131,
                                39.544271
                            ],
                            [
                                114.558427,
                                39.547456
                            ],
                            [
                                114.557319,
                                39.549726
                            ],
                            [
                                114.557581,
                                39.551112
                            ],
                            [
                                114.563184,
                                39.554992
                            ],
                            [
                                114.563721,
                                39.557202
                            ],
                            [
                                114.563023,
                                39.559278
                            ],
                            [
                                114.56458,
                                39.565379
                            ],
                            [
                                114.56556,
                                39.567558
                            ],
                            [
                                114.566587,
                                39.569071
                            ],
                            [
                                114.568922,
                                39.573955
                            ],
                            [
                                114.566392,
                                39.578845
                            ],
                            [
                                114.560815,
                                39.581156
                            ],
                            [
                                114.557004,
                                39.58141
                            ],
                            [
                                114.551615,
                                39.579171
                            ],
                            [
                                114.534986,
                                39.572406
                            ],
                            [
                                114.53298,
                                39.568575
                            ],
                            [
                                114.530806,
                                39.568054
                            ],
                            [
                                114.530309,
                                39.567558
                            ],
                            [
                                114.5309,
                                39.565428
                            ],
                            [
                                114.530195,
                                39.564036
                            ],
                            [
                                114.52943,
                                39.563703
                            ],
                            [
                                114.52784,
                                39.564798
                            ],
                            [
                                114.525357,
                                39.565488
                            ],
                            [
                                114.523947,
                                39.565198
                            ],
                            [
                                114.515351,
                                39.565004
                            ],
                            [
                                114.513217,
                                39.571425
                            ],
                            [
                                114.511479,
                                39.573979
                            ],
                            [
                                114.509379,
                                39.577852
                            ],
                            [
                                114.508761,
                                39.581604
                            ],
                            [
                                114.507567,
                                39.583008
                            ],
                            [
                                114.50752,
                                39.585495
                            ],
                            [
                                114.505956,
                                39.586644
                            ],
                            [
                                114.50495,
                                39.589083
                            ],
                            [
                                114.504681,
                                39.591134
                            ],
                            [
                                114.505533,
                                39.592822
                            ],
                            [
                                114.505084,
                                39.595344
                            ],
                            [
                                114.503849,
                                39.597165
                            ],
                            [
                                114.502695,
                                39.597843
                            ],
                            [
                                114.502138,
                                39.598841
                            ],
                            [
                                114.50189,
                                39.601963
                            ],
                            [
                                114.495803,
                                39.608199
                            ],
                            [
                                114.481865,
                                39.612887
                            ],
                            [
                                114.474765,
                                39.613739
                            ],
                            [
                                114.459183,
                                39.611072
                            ],
                            [
                                114.450607,
                                39.611453
                            ],
                            [
                                114.444427,
                                39.610473
                            ],
                            [
                                114.437904,
                                39.61132
                            ],
                            [
                                114.433394,
                                39.613824
                            ],
                            [
                                114.431656,
                                39.614048
                            ],
                            [
                                114.430569,
                                39.617005
                            ],
                            [
                                114.425838,
                                39.624238
                            ],
                            [
                                114.421563,
                                39.631059
                            ],
                            [
                                114.418805,
                                39.636296
                            ],
                            [
                                114.414873,
                                39.640365
                            ],
                            [
                                114.411216,
                                39.64667
                            ]
                        ]
                    ]
                ]
            }
        }
    ]
}