{
    "type": "FeatureCollection",
    "features": [
        {
            "type": "Feature",
            "properties": {
                "adcode": 140431,
                "name": "沁源县",
                "center": [
                    112.340878,
                    36.500777
                ],
                "centroid": [
                    112.283659,
                    36.696813
                ],
                "childrenNum": 0,
                "level": "district",
                "acroutes": [
                    100000,
                    140000,
                    140400
                ],
                "parent": {
                    "adcode": 140400
                }
            },
            "geometry": {
                "type": "MultiPolygon",
                "coordinates": [
                    [
                        [
                            [
                                112.176371,
                                37.012414
                            ],
                            [
                                112.170005,
                                37.007908
                            ],
                            [
                                112.1684,
                                37.004589
                            ],
                            [
                                112.164154,
                                36.998732
                            ],
                            [
                                112.158606,
                                36.996006
                            ],
                            [
                                112.154635,
                                36.994286
                            ],
                            [
                                112.15059,
                                36.994185
                            ],
                            [
                                112.14226,
                                36.989704
                            ],
                            [
                                112.137958,
                                36.982058
                            ],
                            [
                                112.128141,
                                36.985412
                            ],
                            [
                                112.12583,
                                36.98554
                            ],
                            [
                                112.121219,
                                36.98305
                            ],
                            [
                                112.115649,
                                36.980439
                            ],
                            [
                                112.110118,
                                36.979926
                            ],
                            [
                                112.100829,
                                36.977361
                            ],
                            [
                                112.095646,
                                36.977348
                            ],
                            [
                                112.082261,
                                36.97643
                            ],
                            [
                                112.073432,
                                36.977192
                            ],
                            [
                                112.066723,
                                36.976619
                            ],
                            [
                                112.061377,
                                36.975458
                            ],
                            [
                                112.060429,
                                36.972765
                            ],
                            [
                                112.060121,
                                36.968404
                            ],
                            [
                                112.062769,
                                36.962404
                            ],
                            [
                                112.067245,
                                36.957165
                            ],
                            [
                                112.072103,
                                36.952595
                            ],
                            [
                                112.07737,
                                36.946829
                            ],
                            [
                                112.082794,
                                36.942197
                            ],
                            [
                                112.086121,
                                36.939206
                            ],
                            [
                                112.086384,
                                36.937153
                            ],
                            [
                                112.086121,
                                36.933817
                            ],
                            [
                                112.085347,
                                36.929961
                            ],
                            [
                                112.084842,
                                36.926105
                            ],
                            [
                                112.081549,
                                36.922444
                            ],
                            [
                                112.074414,
                                36.918669
                            ],
                            [
                                112.071194,
                                36.914096
                            ],
                            [
                                112.068395,
                                36.908327
                            ],
                            [
                                112.072456,
                                36.904281
                            ],
                            [
                                112.075906,
                                36.902139
                            ],
                            [
                                112.080062,
                                36.898775
                            ],
                            [
                                112.084023,
                                36.894038
                            ],
                            [
                                112.083495,
                                36.892241
                            ],
                            [
                                112.079737,
                                36.887944
                            ],
                            [
                                112.076557,
                                36.883599
                            ],
                            [
                                112.067834,
                                36.880882
                            ],
                            [
                                112.062241,
                                36.879977
                            ],
                            [
                                112.051359,
                                36.88045
                            ],
                            [
                                112.043803,
                                36.884322
                            ],
                            [
                                112.036135,
                                36.887282
                            ],
                            [
                                112.028887,
                                36.886971
                            ],
                            [
                                112.022313,
                                36.883335
                            ],
                            [
                                112.01897,
                                36.878956
                            ],
                            [
                                112.022313,
                                36.873834
                            ],
                            [
                                112.024624,
                                36.867413
                            ],
                            [
                                112.020759,
                                36.856869
                            ],
                            [
                                112.015094,
                                36.847093
                            ],
                            [
                                112.009333,
                                36.842645
                            ],
                            [
                                112.011689,
                                36.83875
                            ],
                            [
                                112.011672,
                                36.834362
                            ],
                            [
                                112.009389,
                                36.82783
                            ],
                            [
                                112.009933,
                                36.826139
                            ],
                            [
                                112.009894,
                                36.823117
                            ],
                            [
                                112.007655,
                                36.819309
                            ],
                            [
                                111.999673,
                                36.815407
                            ],
                            [
                                111.991483,
                                36.812424
                            ],
                            [
                                111.988286,
                                36.810598
                            ],
                            [
                                111.984943,
                                36.803509
                            ],
                            [
                                111.984774,
                                36.794829
                            ],
                            [
                                111.985066,
                                36.789106
                            ],
                            [
                                111.985532,
                                36.787983
                            ],
                            [
                                111.990148,
                                36.785371
                            ],
                            [
                                111.990821,
                                36.782387
                            ],
                            [
                                111.98883,
                                36.77849
                            ],
                            [
                                111.988365,
                                36.776453
                            ],
                            [
                                111.985532,
                                36.770613
                            ],
                            [
                                111.985291,
                                36.766843
                            ],
                            [
                                111.985846,
                                36.765395
                            ],
                            [
                                111.987063,
                                36.764576
                            ],
                            [
                                111.991035,
                                36.76526
                            ],
                            [
                                111.994148,
                                36.764955
                            ],
                            [
                                111.997626,
                                36.759365
                            ],
                            [
                                111.999937,
                                36.754288
                            ],
                            [
                                112.003796,
                                36.750389
                            ],
                            [
                                112.00779,
                                36.746592
                            ],
                            [
                                112.007975,
                                36.744094
                            ],
                            [
                                112.006326,
                                36.739233
                            ],
                            [
                                112.000167,
                                36.733519
                            ],
                            [
                                111.998063,
                                36.731907
                            ],
                            [
                                111.997497,
                                36.730743
                            ],
                            [
                                111.99794,
                                36.728339
                            ],
                            [
                                111.997889,
                                36.715181
                            ],
                            [
                                111.994799,
                                36.696501
                            ],
                            [
                                111.996414,
                                36.687126
                            ],
                            [
                                112.001878,
                                36.687132
                            ],
                            [
                                112.008934,
                                36.686075
                            ],
                            [
                                112.013108,
                                36.685032
                            ],
                            [
                                112.019385,
                                36.67827
                            ],
                            [
                                112.021746,
                                36.670221
                            ],
                            [
                                112.022476,
                                36.660686
                            ],
                            [
                                112.022532,
                                36.654681
                            ],
                            [
                                112.02785,
                                36.649381
                            ],
                            [
                                112.033268,
                                36.644765
                            ],
                            [
                                112.036965,
                                36.640291
                            ],
                            [
                                112.039097,
                                36.636881
                            ],
                            [
                                112.03954,
                                36.633837
                            ],
                            [
                                112.04157,
                                36.602028
                            ],
                            [
                                112.048616,
                                36.596806
                            ],
                            [
                                112.050994,
                                36.593136
                            ],
                            [
                                112.056362,
                                36.590376
                            ],
                            [
                                112.062079,
                                36.588035
                            ],
                            [
                                112.06734,
                                36.586658
                            ],
                            [
                                112.071929,
                                36.586719
                            ],
                            [
                                112.079754,
                                36.585118
                            ],
                            [
                                112.084892,
                                36.582825
                            ],
                            [
                                112.087097,
                                36.580092
                            ],
                            [
                                112.090395,
                                36.570566
                            ],
                            [
                                112.093211,
                                36.563849
                            ],
                            [
                                112.098131,
                                36.5558
                            ],
                            [
                                112.102944,
                                36.549713
                            ],
                            [
                                112.106079,
                                36.544704
                            ],
                            [
                                112.112025,
                                36.540021
                            ],
                            [
                                112.117242,
                                36.536321
                            ],
                            [
                                112.121236,
                                36.534122
                            ],
                            [
                                112.128023,
                                36.529356
                            ],
                            [
                                112.132808,
                                36.524536
                            ],
                            [
                                112.14115,
                                36.520782
                            ],
                            [
                                112.153861,
                                36.51755
                            ],
                            [
                                112.161792,
                                36.512906
                            ],
                            [
                                112.164726,
                                36.5071
                            ],
                            [
                                112.167357,
                                36.501321
                            ],
                            [
                                112.168619,
                                36.495888
                            ],
                            [
                                112.171474,
                                36.487548
                            ],
                            [
                                112.173124,
                                36.480694
                            ],
                            [
                                112.176601,
                                36.470681
                            ],
                            [
                                112.178711,
                                36.465177
                            ],
                            [
                                112.180982,
                                36.458736
                            ],
                            [
                                112.184331,
                                36.454041
                            ],
                            [
                                112.18524,
                                36.450263
                            ],
                            [
                                112.189385,
                                36.442957
                            ],
                            [
                                112.192903,
                                36.435243
                            ],
                            [
                                112.197042,
                                36.427936
                            ],
                            [
                                112.199735,
                                36.422607
                            ],
                            [
                                112.202809,
                                36.417943
                            ],
                            [
                                112.212805,
                                36.409642
                            ],
                            [
                                112.236196,
                                36.409594
                            ],
                            [
                                112.247174,
                                36.410451
                            ],
                            [
                                112.25717,
                                36.410471
                            ],
                            [
                                112.266246,
                                36.405739
                            ],
                            [
                                112.273281,
                                36.400714
                            ],
                            [
                                112.279176,
                                36.395804
                            ],
                            [
                                112.290855,
                                36.382985
                            ],
                            [
                                112.298893,
                                36.376958
                            ],
                            [
                                112.306651,
                                36.37304
                            ],
                            [
                                112.313843,
                                36.36917
                            ],
                            [
                                112.320664,
                                36.366714
                            ],
                            [
                                112.33075,
                                36.365136
                            ],
                            [
                                112.336763,
                                36.361339
                            ],
                            [
                                112.342614,
                                36.355767
                            ],
                            [
                                112.345502,
                                36.349739
                            ],
                            [
                                112.34764,
                                36.346548
                            ],
                            [
                                112.354887,
                                36.343132
                            ],
                            [
                                112.367357,
                                36.344329
                            ],
                            [
                                112.378565,
                                36.34471
                            ],
                            [
                                112.386283,
                                36.34471
                            ],
                            [
                                112.394692,
                                36.345574
                            ],
                            [
                                112.416642,
                                36.343111
                            ],
                            [
                                112.426643,
                                36.343343
                            ],
                            [
                                112.434351,
                                36.343315
                            ],
                            [
                                112.443679,
                                36.342682
                            ],
                            [
                                112.446366,
                                36.341505
                            ],
                            [
                                112.449238,
                                36.33962
                            ],
                            [
                                112.454169,
                                36.344071
                            ],
                            [
                                112.459543,
                                36.349297
                            ],
                            [
                                112.465214,
                                36.354543
                            ],
                            [
                                112.469494,
                                36.359278
                            ],
                            [
                                112.472417,
                                36.362816
                            ],
                            [
                                112.477768,
                                36.368734
                            ],
                            [
                                112.482777,
                                36.375782
                            ],
                            [
                                112.488314,
                                36.383311
                            ],
                            [
                                112.487736,
                                36.3888
                            ],
                            [
                                112.485711,
                                36.394703
                            ],
                            [
                                112.485902,
                                36.401591
                            ],
                            [
                                112.492055,
                                36.408452
                            ],
                            [
                                112.497912,
                                36.415523
                            ],
                            [
                                112.499611,
                                36.420635
                            ],
                            [
                                112.499892,
                                36.425924
                            ],
                            [
                                112.499314,
                                36.431403
                            ],
                            [
                                112.499987,
                                36.439926
                            ],
                            [
                                112.497093,
                                36.446246
                            ],
                            [
                                112.495645,
                                36.451941
                            ],
                            [
                                112.491556,
                                36.459151
                            ],
                            [
                                112.488824,
                                36.46778
                            ],
                            [
                                112.485217,
                                36.476611
                            ],
                            [
                                112.484858,
                                36.483255
                            ],
                            [
                                112.487259,
                                36.491134
                            ],
                            [
                                112.489329,
                                36.500153
                            ],
                            [
                                112.494125,
                                36.516376
                            ],
                            [
                                112.499174,
                                36.522744
                            ],
                            [
                                112.506303,
                                36.527333
                            ],
                            [
                                112.507953,
                                36.533586
                            ],
                            [
                                112.506242,
                                36.53772
                            ],
                            [
                                112.501894,
                                36.540509
                            ],
                            [
                                112.495752,
                                36.543747
                            ],
                            [
                                112.492218,
                                36.551437
                            ],
                            [
                                112.492145,
                                36.557857
                            ],
                            [
                                112.491898,
                                36.562437
                            ],
                            [
                                112.49136,
                                36.567017
                            ],
                            [
                                112.489268,
                                36.569012
                            ],
                            [
                                112.482497,
                                36.573144
                            ],
                            [
                                112.479165,
                                36.576937
                            ],
                            [
                                112.483501,
                                36.58098
                            ],
                            [
                                112.491354,
                                36.5879
                            ],
                            [
                                112.495803,
                                36.594934
                            ],
                            [
                                112.499925,
                                36.602869
                            ],
                            [
                                112.50333,
                                36.608261
                            ],
                            [
                                112.507128,
                                36.611598
                            ],
                            [
                                112.513949,
                                36.616873
                            ],
                            [
                                112.520439,
                                36.62305
                            ],
                            [
                                112.52749,
                                36.629478
                            ],
                            [
                                112.532601,
                                36.634922
                            ],
                            [
                                112.538182,
                                36.647503
                            ],
                            [
                                112.535518,
                                36.649259
                            ],
                            [
                                112.523912,
                                36.653468
                            ],
                            [
                                112.516978,
                                36.655305
                            ],
                            [
                                112.507296,
                                36.660727
                            ],
                            [
                                112.500144,
                                36.66669
                            ],
                            [
                                112.493935,
                                36.671075
                            ],
                            [
                                112.488953,
                                36.678948
                            ],
                            [
                                112.487024,
                                36.68279
                            ],
                            [
                                112.48832,
                                36.690404
                            ],
                            [
                                112.493542,
                                36.704352
                            ],
                            [
                                112.496812,
                                36.712263
                            ],
                            [
                                112.498574,
                                36.72173
                            ],
                            [
                                112.498405,
                                36.729991
                            ],
                            [
                                112.501676,
                                36.737899
                            ],
                            [
                                112.507582,
                                36.744527
                            ],
                            [
                                112.515368,
                                36.747993
                            ],
                            [
                                112.52252,
                                36.751039
                            ],
                            [
                                112.525376,
                                36.754776
                            ],
                            [
                                112.526935,
                                36.756434
                            ],
                            [
                                112.531899,
                                36.762607
                            ],
                            [
                                112.533392,
                                36.765348
                            ],
                            [
                                112.534805,
                                36.767175
                            ],
                            [
                                112.536157,
                                36.769977
                            ],
                            [
                                112.535585,
                                36.773015
                            ],
                            [
                                112.531473,
                                36.777657
                            ],
                            [
                                112.530761,
                                36.77897
                            ],
                            [
                                112.528629,
                                36.781217
                            ],
                            [
                                112.52615,
                                36.784363
                            ],
                            [
                                112.52537,
                                36.786535
                            ],
                            [
                                112.525796,
                                36.788713
                            ],
                            [
                                112.527502,
                                36.792029
                            ],
                            [
                                112.530048,
                                36.794938
                            ],
                            [
                                112.534171,
                                36.797793
                            ],
                            [
                                112.536079,
                                36.80014
                            ],
                            [
                                112.537857,
                                36.801392
                            ],
                            [
                                112.539697,
                                36.805396
                            ],
                            [
                                112.539775,
                                36.806891
                            ],
                            [
                                112.538777,
                                36.808081
                            ],
                            [
                                112.535293,
                                36.808433
                            ],
                            [
                                112.53296,
                                36.80936
                            ],
                            [
                                112.53218,
                                36.810503
                            ],
                            [
                                112.53246,
                                36.812742
                            ],
                            [
                                112.53402,
                                36.81611
                            ],
                            [
                                112.535159,
                                36.82029
                            ],
                            [
                                112.535153,
                                36.821825
                            ],
                            [
                                112.536359,
                                36.825314
                            ],
                            [
                                112.537357,
                                36.827492
                            ],
                            [
                                112.538917,
                                36.831725
                            ],
                            [
                                112.539063,
                                36.834693
                            ],
                            [
                                112.538636,
                                36.836073
                            ],
                            [
                                112.535647,
                                36.84134
                            ],
                            [
                                112.534659,
                                36.844092
                            ],
                            [
                                112.533521,
                                36.845349
                            ],
                            [
                                112.526419,
                                36.846505
                            ],
                            [
                                112.519604,
                                36.848696
                            ],
                            [
                                112.518184,
                                36.849622
                            ],
                            [
                                112.517971,
                                36.850994
                            ],
                            [
                                112.518532,
                                36.851508
                            ],
                            [
                                112.521096,
                                36.852414
                            ],
                            [
                                112.523721,
                                36.852583
                            ],
                            [
                                112.525421,
                                36.853029
                            ],
                            [
                                112.528405,
                                36.854516
                            ],
                            [
                                112.529757,
                                36.856409
                            ],
                            [
                                112.531742,
                                36.860634
                            ],
                            [
                                112.533588,
                                36.864013
                            ],
                            [
                                112.536359,
                                36.868643
                            ],
                            [
                                112.537425,
                                36.869961
                            ],
                            [
                                112.540976,
                                36.875098
                            ],
                            [
                                112.545716,
                                36.88022
                            ],
                            [
                                112.544728,
                                36.885092
                            ],
                            [
                                112.541537,
                                36.89141
                            ],
                            [
                                112.538793,
                                36.894532
                            ],
                            [
                                112.532354,
                                36.902592
                            ],
                            [
                                112.525824,
                                36.907199
                            ],
                            [
                                112.518521,
                                36.910178
                            ],
                            [
                                112.513018,
                                36.911826
                            ],
                            [
                                112.505961,
                                36.915507
                            ],
                            [
                                112.499292,
                                36.92264
                            ],
                            [
                                112.49661,
                                36.929893
                            ],
                            [
                                112.491736,
                                36.935471
                            ],
                            [
                                112.486581,
                                36.941042
                            ],
                            [
                                112.483411,
                                36.94668
                            ],
                            [
                                112.478049,
                                36.95063
                            ],
                            [
                                112.471766,
                                36.955612
                            ],
                            [
                                112.468546,
                                36.951737
                            ],
                            [
                                112.460379,
                                36.946187
                            ],
                            [
                                112.454365,
                                36.942217
                            ],
                            [
                                112.44847,
                                36.939071
                            ],
                            [
                                112.438721,
                                36.9372
                            ],
                            [
                                112.428113,
                                36.93749
                            ],
                            [
                                112.42247,
                                36.93824
                            ],
                            [
                                112.417741,
                                36.941434
                            ],
                            [
                                112.411402,
                                36.945485
                            ],
                            [
                                112.40503,
                                36.949293
                            ],
                            [
                                112.399527,
                                36.951177
                            ],
                            [
                                112.39007,
                                36.951562
                            ],
                            [
                                112.381291,
                                36.952581
                            ],
                            [
                                112.372456,
                                36.955444
                            ],
                            [
                                112.367968,
                                36.956308
                            ],
                            [
                                112.36021,
                                36.95653
                            ],
                            [
                                112.354887,
                                36.955612
                            ],
                            [
                                112.350512,
                                36.953229
                            ],
                            [
                                112.346804,
                                36.949394
                            ],
                            [
                                112.344554,
                                36.945661
                            ],
                            [
                                112.341699,
                                36.941751
                            ],
                            [
                                112.339814,
                                36.935802
                            ],
                            [
                                112.337301,
                                36.934074
                            ],
                            [
                                112.334323,
                                36.933864
                            ],
                            [
                                112.331877,
                                36.934087
                            ],
                            [
                                112.329684,
                                36.935546
                            ],
                            [
                                112.327883,
                                36.937092
                            ],
                            [
                                112.327199,
                                36.941258
                            ],
                            [
                                112.325897,
                                36.942217
                            ],
                            [
                                112.318964,
                                36.950454
                            ],
                            [
                                112.310584,
                                36.956503
                            ],
                            [
                                112.305473,
                                36.959258
                            ],
                            [
                                112.295444,
                                36.963848
                            ],
                            [
                                112.287602,
                                36.969619
                            ],
                            [
                                112.284247,
                                36.974533
                            ],
                            [
                                112.279053,
                                36.978691
                            ],
                            [
                                112.271087,
                                36.981478
                            ],
                            [
                                112.26163,
                                36.981856
                            ],
                            [
                                112.253664,
                                36.982571
                            ],
                            [
                                112.248666,
                                36.983941
                            ],
                            [
                                112.24286,
                                36.987693
                            ],
                            [
                                112.237206,
                                36.990507
                            ],
                            [
                                112.233347,
                                36.993861
                            ],
                            [
                                112.230794,
                                37.000331
                            ],
                            [
                                112.22891,
                                37.007658
                            ],
                            [
                                112.226986,
                                37.012455
                            ],
                            [
                                112.222498,
                                37.015403
                            ],
                            [
                                112.215834,
                                37.017157
                            ],
                            [
                                112.210533,
                                37.016253
                            ],
                            [
                                112.205137,
                                37.014661
                            ],
                            [
                                112.198546,
                                37.014796
                            ],
                            [
                                112.190754,
                                37.01458
                            ],
                            [
                                112.18174,
                                37.013777
                            ],
                            [
                                112.176371,
                                37.012414
                            ]
                        ]
                    ]
                ]
            }
        }
    ]
}