{
    "type": "FeatureCollection",
    "features": [
        {
            "type": "Feature",
            "properties": {
                "adcode": 140430,
                "name": "沁县",
                "center": [
                    112.70138,
                    36.757123
                ],
                "centroid": [
                    112.646509,
                    36.701327
                ],
                "childrenNum": 0,
                "level": "district",
                "acroutes": [
                    100000,
                    140000,
                    140400
                ],
                "parent": {
                    "adcode": 140400
                }
            },
            "geometry": {
                "type": "MultiPolygon",
                "coordinates": [
                    [
                        [
                            [
                                112.550589,
                                36.972686
                            ],
                            [
                                112.548591,
                                36.966835
                            ],
                            [
                                112.542761,
                                36.960224
                            ],
                            [
                                112.536642,
                                36.957567
                            ],
                            [
                                112.528097,
                                36.953987
                            ],
                            [
                                112.518571,
                                36.951649
                            ],
                            [
                                112.510451,
                                36.951036
                            ],
                            [
                                112.503507,
                                36.952615
                            ],
                            [
                                112.497303,
                                36.955516
                            ],
                            [
                                112.490828,
                                36.960522
                            ],
                            [
                                112.482428,
                                36.962003
                            ],
                            [
                                112.479434,
                                36.961135
                            ],
                            [
                                112.471768,
                                36.955614
                            ],
                            [
                                112.47805,
                                36.950635
                            ],
                            [
                                112.483412,
                                36.946675
                            ],
                            [
                                112.486579,
                                36.941045
                            ],
                            [
                                112.491735,
                                36.935474
                            ],
                            [
                                112.496611,
                                36.929896
                            ],
                            [
                                112.499292,
                                36.922637
                            ],
                            [
                                112.505961,
                                36.915507
                            ],
                            [
                                112.513016,
                                36.911827
                            ],
                            [
                                112.518524,
                                36.910178
                            ],
                            [
                                112.525824,
                                36.907204
                            ],
                            [
                                112.532354,
                                36.902591
                            ],
                            [
                                112.538791,
                                36.894536
                            ],
                            [
                                112.541536,
                                36.891409
                            ],
                            [
                                112.544729,
                                36.885091
                            ],
                            [
                                112.545717,
                                36.880221
                            ],
                            [
                                112.540978,
                                36.875096
                            ],
                            [
                                112.537424,
                                36.869959
                            ],
                            [
                                112.536359,
                                36.86864
                            ],
                            [
                                112.533592,
                                36.864014
                            ],
                            [
                                112.53174,
                                36.860636
                            ],
                            [
                                112.529755,
                                36.856411
                            ],
                            [
                                112.528402,
                                36.854516
                            ],
                            [
                                112.525424,
                                36.853033
                            ],
                            [
                                112.523718,
                                36.852582
                            ],
                            [
                                112.521097,
                                36.852414
                            ],
                            [
                                112.518532,
                                36.851507
                            ],
                            [
                                112.51797,
                                36.850997
                            ],
                            [
                                112.518184,
                                36.849622
                            ],
                            [
                                112.519607,
                                36.848699
                            ],
                            [
                                112.526417,
                                36.84651
                            ],
                            [
                                112.533519,
                                36.845353
                            ],
                            [
                                112.534657,
                                36.844088
                            ],
                            [
                                112.53565,
                                36.841339
                            ],
                            [
                                112.538636,
                                36.836071
                            ],
                            [
                                112.539061,
                                36.834696
                            ],
                            [
                                112.53892,
                                36.831725
                            ],
                            [
                                112.537356,
                                36.827487
                            ],
                            [
                                112.536363,
                                36.82532
                            ],
                            [
                                112.535152,
                                36.821826
                            ],
                            [
                                112.53516,
                                36.820289
                            ],
                            [
                                112.534017,
                                36.81611
                            ],
                            [
                                112.532458,
                                36.812741
                            ],
                            [
                                112.532178,
                                36.810508
                            ],
                            [
                                112.53296,
                                36.809362
                            ],
                            [
                                112.535293,
                                36.808438
                            ],
                            [
                                112.538778,
                                36.808084
                            ],
                            [
                                112.539775,
                                36.806889
                            ],
                            [
                                112.539697,
                                36.805395
                            ],
                            [
                                112.537858,
                                36.801389
                            ],
                            [
                                112.536075,
                                36.800139
                            ],
                            [
                                112.534168,
                                36.797797
                            ],
                            [
                                112.530047,
                                36.794938
                            ],
                            [
                                112.527499,
                                36.79203
                            ],
                            [
                                112.525794,
                                36.788715
                            ],
                            [
                                112.525368,
                                36.786535
                            ],
                            [
                                112.52615,
                                36.784361
                            ],
                            [
                                112.528629,
                                36.781214
                            ],
                            [
                                112.53076,
                                36.778968
                            ],
                            [
                                112.531474,
                                36.777658
                            ],
                            [
                                112.535586,
                                36.773016
                            ],
                            [
                                112.536157,
                                36.769976
                            ],
                            [
                                112.534804,
                                36.767176
                            ],
                            [
                                112.53339,
                                36.76535
                            ],
                            [
                                112.532819,
                                36.763979
                            ],
                            [
                                112.52942,
                                36.759455
                            ],
                            [
                                112.522524,
                                36.751038
                            ],
                            [
                                112.515366,
                                36.747992
                            ],
                            [
                                112.50758,
                                36.744522
                            ],
                            [
                                112.501673,
                                36.737903
                            ],
                            [
                                112.498403,
                                36.729995
                            ],
                            [
                                112.498575,
                                36.721731
                            ],
                            [
                                112.496809,
                                36.712259
                            ],
                            [
                                112.493539,
                                36.704353
                            ],
                            [
                                112.488323,
                                36.690405
                            ],
                            [
                                112.487026,
                                36.682786
                            ],
                            [
                                112.48895,
                                36.678948
                            ],
                            [
                                112.493934,
                                36.671077
                            ],
                            [
                                112.500143,
                                36.666694
                            ],
                            [
                                112.507297,
                                36.660727
                            ],
                            [
                                112.516981,
                                36.655304
                            ],
                            [
                                112.523907,
                                36.653469
                            ],
                            [
                                112.535521,
                                36.649255
                            ],
                            [
                                112.538185,
                                36.647507
                            ],
                            [
                                112.532599,
                                36.634927
                            ],
                            [
                                112.527491,
                                36.62948
                            ],
                            [
                                112.520436,
                                36.623053
                            ],
                            [
                                112.513948,
                                36.616875
                            ],
                            [
                                112.507125,
                                36.611602
                            ],
                            [
                                112.503327,
                                36.608257
                            ],
                            [
                                112.499928,
                                36.602874
                            ],
                            [
                                112.495803,
                                36.594935
                            ],
                            [
                                112.491357,
                                36.587899
                            ],
                            [
                                112.483502,
                                36.580983
                            ],
                            [
                                112.479163,
                                36.576934
                            ],
                            [
                                112.482497,
                                36.573146
                            ],
                            [
                                112.489268,
                                36.569008
                            ],
                            [
                                112.491361,
                                36.567013
                            ],
                            [
                                112.491898,
                                36.56244
                            ],
                            [
                                112.492147,
                                36.557855
                            ],
                            [
                                112.492216,
                                36.551438
                            ],
                            [
                                112.495752,
                                36.54375
                            ],
                            [
                                112.501892,
                                36.540505
                            ],
                            [
                                112.50624,
                                36.537718
                            ],
                            [
                                112.507954,
                                36.53359
                            ],
                            [
                                112.5063,
                                36.527335
                            ],
                            [
                                112.499176,
                                36.522742
                            ],
                            [
                                112.494124,
                                36.516377
                            ],
                            [
                                112.489329,
                                36.500153
                            ],
                            [
                                112.487262,
                                36.491139
                            ],
                            [
                                112.484856,
                                36.483254
                            ],
                            [
                                112.485217,
                                36.476607
                            ],
                            [
                                112.488826,
                                36.467782
                            ],
                            [
                                112.491558,
                                36.459146
                            ],
                            [
                                112.495649,
                                36.451941
                            ],
                            [
                                112.497092,
                                36.446246
                            ],
                            [
                                112.499988,
                                36.439924
                            ],
                            [
                                112.505918,
                                36.44035
                            ],
                            [
                                112.516878,
                                36.442304
                            ],
                            [
                                112.537253,
                                36.448485
                            ],
                            [
                                112.542714,
                                36.452568
                            ],
                            [
                                112.550714,
                                36.456957
                            ],
                            [
                                112.559002,
                                36.461374
                            ],
                            [
                                112.56393,
                                36.464747
                            ],
                            [
                                112.569021,
                                36.465151
                            ],
                            [
                                112.574891,
                                36.461903
                            ],
                            [
                                112.576416,
                                36.454616
                            ],
                            [
                                112.577322,
                                36.448217
                            ],
                            [
                                112.580321,
                                36.44006
                            ],
                            [
                                112.594384,
                                36.432509
                            ],
                            [
                                112.605267,
                                36.43128
                            ],
                            [
                                112.616451,
                                36.429838
                            ],
                            [
                                112.624787,
                                36.428522
                            ],
                            [
                                112.635889,
                                36.428921
                            ],
                            [
                                112.644882,
                                36.431537
                            ],
                            [
                                112.655009,
                                36.434196
                            ],
                            [
                                112.671211,
                                36.440978
                            ],
                            [
                                112.675293,
                                36.444794
                            ],
                            [
                                112.678219,
                                36.449031
                            ],
                            [
                                112.681785,
                                36.457192
                            ],
                            [
                                112.683242,
                                36.462061
                            ],
                            [
                                112.682571,
                                36.469386
                            ],
                            [
                                112.681583,
                                36.472099
                            ],
                            [
                                112.68191,
                                36.4767
                            ],
                            [
                                112.683852,
                                36.488706
                            ],
                            [
                                112.685528,
                                36.494959
                            ],
                            [
                                112.687285,
                                36.499618
                            ],
                            [
                                112.691654,
                                36.503443
                            ],
                            [
                                112.697137,
                                36.507998
                            ],
                            [
                                112.701154,
                                36.507453
                            ],
                            [
                                112.70466,
                                36.505969
                            ],
                            [
                                112.707522,
                                36.505843
                            ],
                            [
                                112.706211,
                                36.509236
                            ],
                            [
                                112.704742,
                                36.515384
                            ],
                            [
                                112.705898,
                                36.520708
                            ],
                            [
                                112.708763,
                                36.52608
                            ],
                            [
                                112.717112,
                                36.53028
                            ],
                            [
                                112.73181,
                                36.53882
                            ],
                            [
                                112.739677,
                                36.546901
                            ],
                            [
                                112.743699,
                                36.551852
                            ],
                            [
                                112.748545,
                                36.557528
                            ],
                            [
                                112.753379,
                                36.563426
                            ],
                            [
                                112.757805,
                                36.571608
                            ],
                            [
                                112.762454,
                                36.586679
                            ],
                            [
                                112.763051,
                                36.591747
                            ],
                            [
                                112.761568,
                                36.598357
                            ],
                            [
                                112.761543,
                                36.604552
                            ],
                            [
                                112.76235,
                                36.611003
                            ],
                            [
                                112.765113,
                                36.612931
                            ],
                            [
                                112.769685,
                                36.618357
                            ],
                            [
                                112.773698,
                                36.623538
                            ],
                            [
                                112.780314,
                                36.628113
                            ],
                            [
                                112.791206,
                                36.632601
                            ],
                            [
                                112.795266,
                                36.642372
                            ],
                            [
                                112.793187,
                                36.644136
                            ],
                            [
                                112.78984,
                                36.648389
                            ],
                            [
                                112.788645,
                                36.655005
                            ],
                            [
                                112.791473,
                                36.661065
                            ],
                            [
                                112.797299,
                                36.664234
                            ],
                            [
                                112.805385,
                                36.667936
                            ],
                            [
                                112.810713,
                                36.66971
                            ],
                            [
                                112.826051,
                                36.670641
                            ],
                            [
                                112.83131,
                                36.673793
                            ],
                            [
                                112.83623,
                                36.678077
                            ],
                            [
                                112.839435,
                                36.682312
                            ],
                            [
                                112.842086,
                                36.686285
                            ],
                            [
                                112.845283,
                                36.690748
                            ],
                            [
                                112.850679,
                                36.691151
                            ],
                            [
                                112.857606,
                                36.689524
                            ],
                            [
                                112.867148,
                                36.687064
                            ],
                            [
                                112.879484,
                                36.685387
                            ],
                            [
                                112.884549,
                                36.686917
                            ],
                            [
                                112.886646,
                                36.690656
                            ],
                            [
                                112.889478,
                                36.696942
                            ],
                            [
                                112.890788,
                                36.705017
                            ],
                            [
                                112.892159,
                                36.711949
                            ],
                            [
                                112.895467,
                                36.720311
                            ],
                            [
                                112.895978,
                                36.727215
                            ],
                            [
                                112.89795,
                                36.733476
                            ],
                            [
                                112.901422,
                                36.738409
                            ],
                            [
                                112.898268,
                                36.738534
                            ],
                            [
                                112.892172,
                                36.740639
                            ],
                            [
                                112.882749,
                                36.740568
                            ],
                            [
                                112.874727,
                                36.741009
                            ],
                            [
                                112.866744,
                                36.746502
                            ],
                            [
                                112.864746,
                                36.752403
                            ],
                            [
                                112.863436,
                                36.755807
                            ],
                            [
                                112.859621,
                                36.757753
                            ],
                            [
                                112.85245,
                                36.75845
                            ],
                            [
                                112.845309,
                                36.758689
                            ],
                            [
                                112.835633,
                                36.758161
                            ],
                            [
                                112.830193,
                                36.758455
                            ],
                            [
                                112.824058,
                                36.755736
                            ],
                            [
                                112.816814,
                                36.752299
                            ],
                            [
                                112.807456,
                                36.751087
                            ],
                            [
                                112.798609,
                                36.751038
                            ],
                            [
                                112.791752,
                                36.756786
                            ],
                            [
                                112.783584,
                                36.765714
                            ],
                            [
                                112.777775,
                                36.77332
                            ],
                            [
                                112.777513,
                                36.778365
                            ],
                            [
                                112.780134,
                                36.78304
                            ],
                            [
                                112.784688,
                                36.788927
                            ],
                            [
                                112.788254,
                                36.797536
                            ],
                            [
                                112.788242,
                                36.800275
                            ],
                            [
                                112.789479,
                                36.80234
                            ],
                            [
                                112.793054,
                                36.813263
                            ],
                            [
                                112.801067,
                                36.827601
                            ],
                            [
                                112.80496,
                                36.831621
                            ],
                            [
                                112.804556,
                                36.833371
                            ],
                            [
                                112.800732,
                                36.835533
                            ],
                            [
                                112.796946,
                                36.836195
                            ],
                            [
                                112.792942,
                                36.840286
                            ],
                            [
                                112.790351,
                                36.845299
                            ],
                            [
                                112.790948,
                                36.846961
                            ],
                            [
                                112.791168,
                                36.850796
                            ],
                            [
                                112.790553,
                                36.852229
                            ],
                            [
                                112.787627,
                                36.855363
                            ],
                            [
                                112.785874,
                                36.856954
                            ],
                            [
                                112.781608,
                                36.86163
                            ],
                            [
                                112.775962,
                                36.866951
                            ],
                            [
                                112.774334,
                                36.872919
                            ],
                            [
                                112.774445,
                                36.881394
                            ],
                            [
                                112.772843,
                                36.890573
                            ],
                            [
                                112.768658,
                                36.898628
                            ],
                            [
                                112.760743,
                                36.896848
                            ],
                            [
                                112.755674,
                                36.897907
                            ],
                            [
                                112.752309,
                                36.903128
                            ],
                            [
                                112.747888,
                                36.903302
                            ],
                            [
                                112.746303,
                                36.903909
                            ],
                            [
                                112.74452,
                                36.905934
                            ],
                            [
                                112.742951,
                                36.913065
                            ],
                            [
                                112.740863,
                                36.915338
                            ],
                            [
                                112.736485,
                                36.919061
                            ],
                            [
                                112.730444,
                                36.920559
                            ],
                            [
                                112.717786,
                                36.93275
                            ],
                            [
                                112.704948,
                                36.928746
                            ],
                            [
                                112.705163,
                                36.926929
                            ],
                            [
                                112.708055,
                                36.926028
                            ],
                            [
                                112.712626,
                                36.921655
                            ],
                            [
                                112.706138,
                                36.914226
                            ],
                            [
                                112.702039,
                                36.916299
                            ],
                            [
                                112.701257,
                                36.923217
                            ],
                            [
                                112.698636,
                                36.927905
                            ],
                            [
                                112.696256,
                                36.928567
                            ],
                            [
                                112.690885,
                                36.928366
                            ],
                            [
                                112.687551,
                                36.929907
                            ],
                            [
                                112.685098,
                                36.930716
                            ],
                            [
                                112.681313,
                                36.930764
                            ],
                            [
                                112.680006,
                                36.929777
                            ],
                            [
                                112.673325,
                                36.926988
                            ],
                            [
                                112.669729,
                                36.927032
                            ],
                            [
                                112.66163,
                                36.928393
                            ],
                            [
                                112.660285,
                                36.930146
                            ],
                            [
                                112.660749,
                                36.932544
                            ],
                            [
                                112.660689,
                                36.935067
                            ],
                            [
                                112.655696,
                                36.936325
                            ],
                            [
                                112.648457,
                                36.93753
                            ],
                            [
                                112.645685,
                                36.93741
                            ],
                            [
                                112.643043,
                                36.934741
                            ],
                            [
                                112.638532,
                                36.932246
                            ],
                            [
                                112.632366,
                                36.930824
                            ],
                            [
                                112.625264,
                                36.93115
                            ],
                            [
                                112.624276,
                                36.932278
                            ],
                            [
                                112.623653,
                                36.934747
                            ],
                            [
                                112.624636,
                                36.938783
                            ],
                            [
                                112.624752,
                                36.940676
                            ],
                            [
                                112.622041,
                                36.94335
                            ],
                            [
                                112.614557,
                                36.946903
                            ],
                            [
                                112.613375,
                                36.949171
                            ],
                            [
                                112.613229,
                                36.956493
                            ],
                            [
                                112.611265,
                                36.957453
                            ],
                            [
                                112.60779,
                                36.957588
                            ],
                            [
                                112.601581,
                                36.957339
                            ],
                            [
                                112.591866,
                                36.957474
                            ],
                            [
                                112.589404,
                                36.958554
                            ],
                            [
                                112.585344,
                                36.961358
                            ],
                            [
                                112.582143,
                                36.964904
                            ],
                            [
                                112.579999,
                                36.966222
                            ],
                            [
                                112.576154,
                                36.967936
                            ],
                            [
                                112.571591,
                                36.968738
                            ],
                            [
                                112.56903,
                                36.968055
                            ],
                            [
                                112.566177,
                                36.966406
                            ],
                            [
                                112.564403,
                                36.966179
                            ],
                            [
                                112.562688,
                                36.966401
                            ],
                            [
                                112.558134,
                                36.968814
                            ],
                            [
                                112.554147,
                                36.970652
                            ],
                            [
                                112.550589,
                                36.972686
                            ]
                        ]
                    ]
                ]
            }
        }
    ]
}