{
    "type": "FeatureCollection",
    "features": [
        {
            "type": "Feature",
            "properties": {
                "adcode": 140681,
                "name": "怀仁市",
                "center": [
                    113.100511,
                    39.820789
                ],
                "centroid": [
                    113.103554,
                    39.786464
                ],
                "childrenNum": 0,
                "level": "district",
                "acroutes": [
                    100000,
                    140000,
                    140600
                ],
                "parent": {
                    "adcode": 140600
                }
            },
            "geometry": {
                "type": "MultiPolygon",
                "coordinates": [
                    [
                        [
                            [
                                113.19059,
                                39.931228
                            ],
                            [
                                113.183791,
                                39.927372
                            ],
                            [
                                113.181631,
                                39.925817
                            ],
                            [
                                113.173221,
                                39.920427
                            ],
                            [
                                113.168448,
                                39.916727
                            ],
                            [
                                113.160098,
                                39.913129
                            ],
                            [
                                113.151033,
                                39.910759
                            ],
                            [
                                113.147343,
                                39.910185
                            ],
                            [
                                113.141493,
                                39.909128
                            ],
                            [
                                113.133297,
                                39.908506
                            ],
                            [
                                113.122775,
                                39.908343
                            ],
                            [
                                113.117193,
                                39.909097
                            ],
                            [
                                113.077222,
                                39.91278
                            ],
                            [
                                113.070242,
                                39.914339
                            ],
                            [
                                113.051918,
                                39.91645
                            ],
                            [
                                113.043207,
                                39.916537
                            ],
                            [
                                113.038347,
                                39.916277
                            ],
                            [
                                113.027945,
                                39.913724
                            ],
                            [
                                113.023105,
                                39.912321
                            ],
                            [
                                113.019575,
                                39.912345
                            ],
                            [
                                113.016192,
                                39.913022
                            ],
                            [
                                113.006873,
                                39.91371
                            ],
                            [
                                112.995221,
                                39.913071
                            ],
                            [
                                112.985848,
                                39.91305
                            ],
                            [
                                112.981296,
                                39.912266
                            ],
                            [
                                112.973748,
                                39.909812
                            ],
                            [
                                112.969082,
                                39.909508
                            ],
                            [
                                112.961006,
                                39.910102
                            ],
                            [
                                112.956246,
                                39.912673
                            ],
                            [
                                112.949193,
                                39.917121
                            ],
                            [
                                112.94456,
                                39.917159
                            ],
                            [
                                112.941559,
                                39.915738
                            ],
                            [
                                112.939446,
                                39.912594
                            ],
                            [
                                112.939045,
                                39.907206
                            ],
                            [
                                112.942394,
                                39.900588
                            ],
                            [
                                112.942869,
                                39.897937
                            ],
                            [
                                112.940088,
                                39.895161
                            ],
                            [
                                112.941706,
                                39.894014
                            ],
                            [
                                112.941819,
                                39.89222
                            ],
                            [
                                112.94212,
                                39.890422
                            ],
                            [
                                112.942715,
                                39.889676
                            ],
                            [
                                112.944132,
                                39.888234
                            ],
                            [
                                112.945162,
                                39.88784
                            ],
                            [
                                112.947101,
                                39.886893
                            ],
                            [
                                112.9494,
                                39.886551
                            ],
                            [
                                112.950577,
                                39.886585
                            ],
                            [
                                112.95168,
                                39.886309
                            ],
                            [
                                112.953806,
                                39.885576
                            ],
                            [
                                112.954755,
                                39.885047
                            ],
                            [
                                112.956473,
                                39.883816
                            ],
                            [
                                112.956928,
                                39.88299
                            ],
                            [
                                112.95767,
                                39.882323
                            ],
                            [
                                112.958646,
                                39.880687
                            ],
                            [
                                112.959361,
                                39.879982
                            ],
                            [
                                112.96126,
                                39.877731
                            ],
                            [
                                112.963486,
                                39.874564
                            ],
                            [
                                112.964262,
                                39.873904
                            ],
                            [
                                112.964402,
                                39.873039
                            ],
                            [
                                112.965786,
                                39.871587
                            ],
                            [
                                112.96602,
                                39.870702
                            ],
                            [
                                112.966822,
                                39.869066
                            ],
                            [
                                112.966835,
                                39.868157
                            ],
                            [
                                112.965445,
                                39.865674
                            ],
                            [
                                112.964168,
                                39.86417
                            ],
                            [
                                112.9637,
                                39.86334
                            ],
                            [
                                112.962303,
                                39.861901
                            ],
                            [
                                112.961948,
                                39.861061
                            ],
                            [
                                112.960217,
                                39.859833
                            ],
                            [
                                112.959014,
                                39.858291
                            ],
                            [
                                112.958679,
                                39.857433
                            ],
                            [
                                112.958773,
                                39.856541
                            ],
                            [
                                112.958399,
                                39.853854
                            ],
                            [
                                112.957576,
                                39.853207
                            ],
                            [
                                112.956413,
                                39.853079
                            ],
                            [
                                112.954047,
                                39.853051
                            ],
                            [
                                112.949928,
                                39.854618
                            ],
                            [
                                112.948103,
                                39.855735
                            ],
                            [
                                112.947081,
                                39.856164
                            ],
                            [
                                112.945001,
                                39.856835
                            ],
                            [
                                112.941445,
                                39.858789
                            ],
                            [
                                112.94079,
                                39.859256
                            ],
                            [
                                112.93968,
                                39.86057
                            ],
                            [
                                112.938724,
                                39.861144
                            ],
                            [
                                112.938042,
                                39.860577
                            ],
                            [
                                112.937588,
                                39.859837
                            ],
                            [
                                112.93744,
                                39.859093
                            ],
                            [
                                112.937407,
                                39.855777
                            ],
                            [
                                112.937253,
                                39.854978
                            ],
                            [
                                112.937227,
                                39.852692
                            ],
                            [
                                112.936993,
                                39.851778
                            ],
                            [
                                112.936986,
                                39.850291
                            ],
                            [
                                112.936518,
                                39.848462
                            ],
                            [
                                112.935221,
                                39.84412
                            ],
                            [
                                112.935134,
                                39.843321
                            ],
                            [
                                112.934298,
                                39.84183
                            ],
                            [
                                112.933262,
                                39.841613
                            ],
                            [
                                112.932213,
                                39.841152
                            ],
                            [
                                112.93125,
                                39.841049
                            ],
                            [
                                112.927152,
                                39.84026
                            ],
                            [
                                112.923214,
                                39.840156
                            ],
                            [
                                112.921209,
                                39.839163
                            ],
                            [
                                112.920707,
                                39.838368
                            ],
                            [
                                112.919845,
                                39.837752
                            ],
                            [
                                112.917966,
                                39.835469
                            ],
                            [
                                112.917472,
                                39.834659
                            ],
                            [
                                112.914711,
                                39.831757
                            ],
                            [
                                112.914122,
                                39.830971
                            ],
                            [
                                112.911743,
                                39.829189
                            ],
                            [
                                112.910706,
                                39.828971
                            ],
                            [
                                112.903613,
                                39.827169
                            ],
                            [
                                112.897349,
                                39.827207
                            ],
                            [
                                112.891446,
                                39.82611
                            ],
                            [
                                112.881793,
                                39.822608
                            ],
                            [
                                112.877013,
                                39.817193
                            ],
                            [
                                112.878858,
                                39.810144
                            ],
                            [
                                112.87486,
                                39.80562
                            ],
                            [
                                112.870047,
                                39.802052
                            ],
                            [
                                112.861583,
                                39.79976
                            ],
                            [
                                112.854216,
                                39.799072
                            ],
                            [
                                112.846341,
                                39.798805
                            ],
                            [
                                112.838733,
                                39.797954
                            ],
                            [
                                112.831313,
                                39.797964
                            ],
                            [
                                112.823444,
                                39.794748
                            ],
                            [
                                112.817508,
                                39.788843
                            ],
                            [
                                112.81712,
                                39.784934
                            ],
                            [
                                112.817314,
                                39.781278
                            ],
                            [
                                112.81954,
                                39.778591
                            ],
                            [
                                112.820817,
                                39.776798
                            ],
                            [
                                112.829869,
                                39.768581
                            ],
                            [
                                112.833011,
                                39.765235
                            ],
                            [
                                112.83414,
                                39.760917
                            ],
                            [
                                112.833532,
                                39.755396
                            ],
                            [
                                112.829407,
                                39.749082
                            ],
                            [
                                112.824928,
                                39.743903
                            ],
                            [
                                112.818103,
                                39.737976
                            ],
                            [
                                112.809479,
                                39.732446
                            ],
                            [
                                112.8003,
                                39.725981
                            ],
                            [
                                112.791616,
                                39.721583
                            ],
                            [
                                112.783467,
                                39.718354
                            ],
                            [
                                112.774762,
                                39.714191
                            ],
                            [
                                112.772108,
                                39.708144
                            ],
                            [
                                112.771092,
                                39.704903
                            ],
                            [
                                112.775819,
                                39.700009
                            ],
                            [
                                112.781855,
                                39.698362
                            ],
                            [
                                112.786174,
                                39.695284
                            ],
                            [
                                112.792451,
                                39.689061
                            ],
                            [
                                112.79427,
                                39.682695
                            ],
                            [
                                112.798876,
                                39.674349
                            ],
                            [
                                112.807339,
                                39.665895
                            ],
                            [
                                112.819259,
                                39.659374
                            ],
                            [
                                112.827689,
                                39.657103
                            ],
                            [
                                112.835832,
                                39.654591
                            ],
                            [
                                112.840832,
                                39.649922
                            ],
                            [
                                112.850091,
                                39.643095
                            ],
                            [
                                112.859083,
                                39.635567
                            ],
                            [
                                112.867827,
                                39.627343
                            ],
                            [
                                112.878336,
                                39.6194
                            ],
                            [
                                112.885068,
                                39.615475
                            ],
                            [
                                112.891988,
                                39.613854
                            ],
                            [
                                112.899134,
                                39.613382
                            ],
                            [
                                112.904502,
                                39.613087
                            ],
                            [
                                112.916649,
                                39.61392
                            ],
                            [
                                112.925273,
                                39.614191
                            ],
                            [
                                112.939901,
                                39.613504
                            ],
                            [
                                112.949668,
                                39.614739
                            ],
                            [
                                112.955651,
                                39.61425
                            ],
                            [
                                112.959635,
                                39.612081
                            ],
                            [
                                112.96953,
                                39.615058
                            ],
                            [
                                112.978147,
                                39.615569
                            ],
                            [
                                112.984103,
                                39.615989
                            ],
                            [
                                112.989077,
                                39.617988
                            ],
                            [
                                112.991992,
                                39.619459
                            ],
                            [
                                113.000282,
                                39.62684
                            ],
                            [
                                113.00454,
                                39.631108
                            ],
                            [
                                113.00696,
                                39.636462
                            ],
                            [
                                113.00817,
                                39.641999
                            ],
                            [
                                113.010316,
                                39.646884
                            ],
                            [
                                113.013144,
                                39.65019
                            ],
                            [
                                113.022864,
                                39.65303
                            ],
                            [
                                113.031762,
                                39.654238
                            ],
                            [
                                113.039056,
                                39.657682
                            ],
                            [
                                113.043642,
                                39.667459
                            ],
                            [
                                113.050046,
                                39.670875
                            ],
                            [
                                113.058463,
                                39.669536
                            ],
                            [
                                113.067114,
                                39.669578
                            ],
                            [
                                113.074247,
                                39.670025
                            ],
                            [
                                113.077757,
                                39.67128
                            ],
                            [
                                113.08025,
                                39.675251
                            ],
                            [
                                113.084549,
                                39.678822
                            ],
                            [
                                113.088954,
                                39.686059
                            ],
                            [
                                113.094102,
                                39.690569
                            ],
                            [
                                113.099905,
                                39.69372
                            ],
                            [
                                113.107586,
                                39.694861
                            ],
                            [
                                113.119773,
                                39.694982
                            ],
                            [
                                113.133364,
                                39.69674
                            ],
                            [
                                113.14273,
                                39.699749
                            ],
                            [
                                113.14977,
                                39.701776
                            ],
                            [
                                113.154042,
                                39.705336
                            ],
                            [
                                113.157678,
                                39.710247
                            ],
                            [
                                113.162411,
                                39.717019
                            ],
                            [
                                113.166068,
                                39.721244
                            ],
                            [
                                113.171757,
                                39.726445
                            ],
                            [
                                113.176604,
                                39.730693
                            ],
                            [
                                113.189253,
                                39.733097
                            ],
                            [
                                113.200691,
                                39.730187
                            ],
                            [
                                113.210578,
                                39.728164
                            ],
                            [
                                113.218133,
                                39.725613
                            ],
                            [
                                113.224851,
                                39.721899
                            ],
                            [
                                113.231904,
                                39.717283
                            ],
                            [
                                113.242594,
                                39.711384
                            ],
                            [
                                113.252909,
                                39.707087
                            ],
                            [
                                113.261801,
                                39.701139
                            ],
                            [
                                113.272517,
                                39.694798
                            ],
                            [
                                113.277544,
                                39.689203
                            ],
                            [
                                113.290427,
                                39.68774
                            ],
                            [
                                113.301771,
                                39.68738
                            ],
                            [
                                113.310964,
                                39.688329
                            ],
                            [
                                113.333607,
                                39.688992
                            ],
                            [
                                113.338874,
                                39.690985
                            ],
                            [
                                113.344978,
                                39.694597
                            ],
                            [
                                113.353381,
                                39.700113
                            ],
                            [
                                113.36623,
                                39.699329
                            ],
                            [
                                113.376111,
                                39.69847
                            ],
                            [
                                113.387463,
                                39.69787
                            ],
                            [
                                113.391066,
                                39.697281
                            ],
                            [
                                113.394395,
                                39.691737
                            ],
                            [
                                113.396341,
                                39.692999
                            ],
                            [
                                113.394576,
                                39.695187
                            ],
                            [
                                113.393887,
                                39.696535
                            ],
                            [
                                113.394415,
                                39.696774
                            ],
                            [
                                113.396448,
                                39.697131
                            ],
                            [
                                113.401134,
                                39.700931
                            ],
                            [
                                113.404176,
                                39.701863
                            ],
                            [
                                113.403888,
                                39.702847
                            ],
                            [
                                113.402023,
                                39.705156
                            ],
                            [
                                113.402438,
                                39.706262
                            ],
                            [
                                113.40451,
                                39.708383
                            ],
                            [
                                113.405606,
                                39.709946
                            ],
                            [
                                113.408127,
                                39.711811
                            ],
                            [
                                113.410099,
                                39.714032
                            ],
                            [
                                113.41056,
                                39.714822
                            ],
                            [
                                113.411061,
                                39.716586
                            ],
                            [
                                113.411148,
                                39.717477
                            ],
                            [
                                113.411115,
                                39.719286
                            ],
                            [
                                113.410954,
                                39.721084
                            ],
                            [
                                113.410774,
                                39.721767
                            ],
                            [
                                113.406054,
                                39.726722
                            ],
                            [
                                113.405125,
                                39.727796
                            ],
                            [
                                113.405185,
                                39.728583
                            ],
                            [
                                113.40566,
                                39.729193
                            ],
                            [
                                113.406823,
                                39.729522
                            ],
                            [
                                113.406736,
                                39.73115
                            ],
                            [
                                113.403327,
                                39.733596
                            ],
                            [
                                113.402431,
                                39.735252
                            ],
                            [
                                113.400619,
                                39.737317
                            ],
                            [
                                113.399743,
                                39.737605
                            ],
                            [
                                113.398273,
                                39.738758
                            ],
                            [
                                113.397698,
                                39.739455
                            ],
                            [
                                113.396956,
                                39.739923
                            ],
                            [
                                113.396381,
                                39.740896
                            ],
                            [
                                113.394923,
                                39.742448
                            ],
                            [
                                113.394041,
                                39.742916
                            ],
                            [
                                113.393165,
                                39.743671
                            ],
                            [
                                113.391327,
                                39.744599
                            ],
                            [
                                113.39029,
                                39.744835
                            ],
                            [
                                113.389635,
                                39.745354
                            ],
                            [
                                113.388452,
                                39.745593
                            ],
                            [
                                113.386981,
                                39.746629
                            ],
                            [
                                113.384702,
                                39.74762
                            ],
                            [
                                113.383973,
                                39.748427
                            ],
                            [
                                113.381834,
                                39.749477
                            ],
                            [
                                113.379714,
                                39.750921
                            ],
                            [
                                113.378531,
                                39.751163
                            ],
                            [
                                113.37684,
                                39.752545
                            ],
                            [
                                113.37579,
                                39.752854
                            ],
                            [
                                113.373818,
                                39.754225
                            ],
                            [
                                113.3722,
                                39.755524
                            ],
                            [
                                113.369479,
                                39.757207
                            ],
                            [
                                113.3672,
                                39.759258
                            ],
                            [
                                113.365462,
                                39.760453
                            ],
                            [
                                113.363516,
                                39.76146
                            ],
                            [
                                113.360408,
                                39.76269
                            ],
                            [
                                113.357479,
                                39.764186
                            ],
                            [
                                113.35645,
                                39.764591
                            ],
                            [
                                113.354257,
                                39.765225
                            ],
                            [
                                113.350213,
                                39.767019
                            ],
                            [
                                113.349136,
                                39.767382
                            ],
                            [
                                113.34818,
                                39.767885
                            ],
                            [
                                113.346589,
                                39.769204
                            ],
                            [
                                113.342852,
                                39.772656
                            ],
                            [
                                113.342197,
                                39.773397
                            ],
                            [
                                113.339937,
                                39.776555
                            ],
                            [
                                113.33727,
                                39.782476
                            ],
                            [
                                113.333593,
                                39.789206
                            ],
                            [
                                113.333232,
                                39.79013
                            ],
                            [
                                113.332142,
                                39.791737
                            ],
                            [
                                113.330197,
                                39.795465
                            ],
                            [
                                113.329261,
                                39.797704
                            ],
                            [
                                113.329047,
                                39.798449
                            ],
                            [
                                113.329014,
                                39.800737
                            ],
                            [
                                113.329241,
                                39.801588
                            ],
                            [
                                113.330304,
                                39.803128
                            ],
                            [
                                113.330912,
                                39.80381
                            ],
                            [
                                113.331808,
                                39.804142
                            ],
                            [
                                113.332564,
                                39.804769
                            ],
                            [
                                113.333607,
                                39.805167
                            ],
                            [
                                113.334649,
                                39.805388
                            ],
                            [
                                113.342083,
                                39.805454
                            ],
                            [
                                113.34334,
                                39.805554
                            ],
                            [
                                113.34439,
                                39.805835
                            ],
                            [
                                113.345292,
                                39.806402
                            ],
                            [
                                113.345453,
                                39.80715
                            ],
                            [
                                113.346883,
                                39.808562
                            ],
                            [
                                113.348187,
                                39.811185
                            ],
                            [
                                113.348789,
                                39.811753
                            ],
                            [
                                113.34917,
                                39.812608
                            ],
                            [
                                113.352185,
                                39.813283
                            ],
                            [
                                113.35304,
                                39.813244
                            ],
                            [
                                113.360113,
                                39.82139
                            ],
                            [
                                113.37321,
                                39.834507
                            ],
                            [
                                113.381005,
                                39.837392
                            ],
                            [
                                113.389341,
                                39.837288
                            ],
                            [
                                113.396815,
                                39.837624
                            ],
                            [
                                113.405192,
                                39.840751
                            ],
                            [
                                113.41302,
                                39.845224
                            ],
                            [
                                113.424679,
                                39.848724
                            ],
                            [
                                113.433036,
                                39.850208
                            ],
                            [
                                113.439607,
                                39.852169
                            ],
                            [
                                113.42857,
                                39.862852
                            ],
                            [
                                113.41778,
                                39.872611
                            ],
                            [
                                113.413722,
                                39.878105
                            ],
                            [
                                113.413187,
                                39.878468
                            ],
                            [
                                113.411844,
                                39.879954
                            ],
                            [
                                113.410012,
                                39.881064
                            ],
                            [
                                113.40933,
                                39.88178
                            ],
                            [
                                113.408361,
                                39.882267
                            ],
                            [
                                113.407552,
                                39.882862
                            ],
                            [
                                113.407017,
                                39.883674
                            ],
                            [
                                113.405479,
                                39.884991
                            ],
                            [
                                113.4034,
                                39.88718
                            ],
                            [
                                113.402565,
                                39.887781
                            ],
                            [
                                113.401983,
                                39.888559
                            ],
                            [
                                113.400425,
                                39.889886
                            ],
                            [
                                113.396722,
                                39.892396
                            ],
                            [
                                113.390364,
                                39.891563
                            ],
                            [
                                113.387209,
                                39.893578
                            ],
                            [
                                113.383351,
                                39.901901
                            ],
                            [
                                113.381192,
                                39.906055
                            ],
                            [
                                113.371913,
                                39.907182
                            ],
                            [
                                113.364365,
                                39.906985
                            ],
                            [
                                113.357132,
                                39.905883
                            ],
                            [
                                113.352639,
                                39.906608
                            ],
                            [
                                113.346349,
                                39.913942
                            ],
                            [
                                113.338447,
                                39.920362
                            ],
                            [
                                113.330832,
                                39.928257
                            ],
                            [
                                113.32523,
                                39.932627
                            ],
                            [
                                113.316907,
                                39.933414
                            ],
                            [
                                113.305054,
                                39.934396
                            ],
                            [
                                113.303556,
                                39.935549
                            ],
                            [
                                113.296096,
                                39.942613
                            ],
                            [
                                113.285954,
                                39.948433
                            ],
                            [
                                113.275973,
                                39.950716
                            ],
                            [
                                113.265731,
                                39.952198
                            ],
                            [
                                113.253772,
                                39.955759
                            ],
                            [
                                113.24252,
                                39.957927
                            ],
                            [
                                113.235528,
                                39.958283
                            ],
                            [
                                113.228528,
                                39.955154
                            ],
                            [
                                113.223842,
                                39.951196
                            ],
                            [
                                113.216715,
                                39.948537
                            ],
                            [
                                113.210104,
                                39.945318
                            ],
                            [
                                113.205946,
                                39.941069
                            ],
                            [
                                113.199474,
                                39.936261
                            ],
                            [
                                113.19059,
                                39.931228
                            ]
                        ]
                    ]
                ]
            }
        }
    ]
}