{
    "type": "FeatureCollection",
    "features": [
        {
            "type": "Feature",
            "properties": {
                "adcode": 140725,
                "name": "寿阳县",
                "center": [
                    113.177708,
                    37.891136
                ],
                "centroid": [
                    113.131851,
                    37.821789
                ],
                "childrenNum": 0,
                "level": "district",
                "acroutes": [
                    100000,
                    140000,
                    140700
                ],
                "parent": {
                    "adcode": 140700
                }
            },
            "geometry": {
                "type": "MultiPolygon",
                "coordinates": [
                    [
                        [
                            [
                                113.441139,
                                37.76774
                            ],
                            [
                                113.439921,
                                37.769251
                            ],
                            [
                                113.436583,
                                37.772129
                            ],
                            [
                                113.432425,
                                37.775323
                            ],
                            [
                                113.426609,
                                37.779131
                            ],
                            [
                                113.421653,
                                37.782861
                            ],
                            [
                                113.416877,
                                37.787726
                            ],
                            [
                                113.40702,
                                37.801178
                            ],
                            [
                                113.404536,
                                37.803966
                            ],
                            [
                                113.398671,
                                37.811247
                            ],
                            [
                                113.396214,
                                37.817958
                            ],
                            [
                                113.393764,
                                37.82282
                            ],
                            [
                                113.388684,
                                37.82771
                            ],
                            [
                                113.381512,
                                37.832334
                            ],
                            [
                                113.372544,
                                37.838511
                            ],
                            [
                                113.370885,
                                37.840983
                            ],
                            [
                                113.367801,
                                37.849372
                            ],
                            [
                                113.366858,
                                37.854547
                            ],
                            [
                                113.368283,
                                37.85996
                            ],
                            [
                                113.369701,
                                37.867219
                            ],
                            [
                                113.366239,
                                37.871249
                            ],
                            [
                                113.361476,
                                37.874482
                            ],
                            [
                                113.35579,
                                37.87734
                            ],
                            [
                                113.347848,
                                37.880872
                            ],
                            [
                                113.343229,
                                37.88316
                            ],
                            [
                                113.337351,
                                37.886725
                            ],
                            [
                                113.332698,
                                37.889256
                            ],
                            [
                                113.329209,
                                37.89429
                            ],
                            [
                                113.327185,
                                37.898866
                            ],
                            [
                                113.326077,
                                37.902839
                            ],
                            [
                                113.326221,
                                37.908861
                            ],
                            [
                                113.327254,
                                37.914038
                            ],
                            [
                                113.330351,
                                37.926456
                            ],
                            [
                                113.335906,
                                37.939568
                            ],
                            [
                                113.338046,
                                37.947692
                            ],
                            [
                                113.339788,
                                37.955152
                            ],
                            [
                                113.341756,
                                37.96213
                            ],
                            [
                                113.341371,
                                37.967254
                            ],
                            [
                                113.341254,
                                37.972112
                            ],
                            [
                                113.340386,
                                37.974049
                            ],
                            [
                                113.337998,
                                37.97751
                            ],
                            [
                                113.335286,
                                37.980773
                            ],
                            [
                                113.331852,
                                37.983179
                            ],
                            [
                                113.323571,
                                37.986513
                            ],
                            [
                                113.320398,
                                37.986811
                            ],
                            [
                                113.314266,
                                37.986932
                            ],
                            [
                                113.307706,
                                37.98617
                            ],
                            [
                                113.301677,
                                37.986976
                            ],
                            [
                                113.299901,
                                37.988764
                            ],
                            [
                                113.295069,
                                37.991535
                            ],
                            [
                                113.29361,
                                37.997225
                            ],
                            [
                                113.291345,
                                38.0016
                            ],
                            [
                                113.290561,
                                38.006942
                            ],
                            [
                                113.290733,
                                38.012752
                            ],
                            [
                                113.290464,
                                38.020403
                            ],
                            [
                                113.288709,
                                38.024271
                            ],
                            [
                                113.284724,
                                38.02881
                            ],
                            [
                                113.279961,
                                38.030189
                            ],
                            [
                                113.274585,
                                38.031403
                            ],
                            [
                                113.267668,
                                38.032065
                            ],
                            [
                                113.265245,
                                38.033449
                            ],
                            [
                                113.263896,
                                38.039825
                            ],
                            [
                                113.263614,
                                38.045632
                            ],
                            [
                                113.255313,
                                38.058216
                            ],
                            [
                                113.255582,
                                38.063735
                            ],
                            [
                                113.257832,
                                38.066987
                            ],
                            [
                                113.262368,
                                38.069788
                            ],
                            [
                                113.266402,
                                38.071249
                            ],
                            [
                                113.266684,
                                38.073074
                            ],
                            [
                                113.263332,
                                38.081711
                            ],
                            [
                                113.261267,
                                38.085377
                            ],
                            [
                                113.258397,
                                38.08773
                            ],
                            [
                                113.253813,
                                38.09026
                            ],
                            [
                                113.247907,
                                38.091748
                            ],
                            [
                                113.238711,
                                38.092872
                            ],
                            [
                                113.228917,
                                38.09198
                            ],
                            [
                                113.224526,
                                38.090089
                            ],
                            [
                                113.218971,
                                38.086242
                            ],
                            [
                                113.211909,
                                38.082081
                            ],
                            [
                                113.206795,
                                38.073559
                            ],
                            [
                                113.205694,
                                38.070201
                            ],
                            [
                                113.201062,
                                38.062797
                            ],
                            [
                                113.198019,
                                38.058243
                            ],
                            [
                                113.188404,
                                38.054565
                            ],
                            [
                                113.171183,
                                38.054632
                            ],
                            [
                                113.16421,
                                38.054852
                            ],
                            [
                                113.158849,
                                38.056065
                            ],
                            [
                                113.154595,
                                38.058789
                            ],
                            [
                                113.149536,
                                38.063911
                            ],
                            [
                                113.14374,
                                38.068162
                            ],
                            [
                                113.139803,
                                38.072941
                            ],
                            [
                                113.137078,
                                38.078057
                            ],
                            [
                                113.132487,
                                38.082433
                            ],
                            [
                                113.123986,
                                38.080477
                            ],
                            [
                                113.115699,
                                38.075957
                            ],
                            [
                                113.107047,
                                38.071006
                            ],
                            [
                                113.099896,
                                38.065152
                            ],
                            [
                                113.099387,
                                38.063205
                            ],
                            [
                                113.098994,
                                38.058105
                            ],
                            [
                                113.097177,
                                38.056225
                            ],
                            [
                                113.092607,
                                38.056126
                            ],
                            [
                                113.084155,
                                38.055707
                            ],
                            [
                                113.078717,
                                38.057642
                            ],
                            [
                                113.074615,
                                38.056203
                            ],
                            [
                                113.072736,
                                38.055955
                            ],
                            [
                                113.069026,
                                38.056038
                            ],
                            [
                                113.066837,
                                38.056462
                            ],
                            [
                                113.067078,
                                38.055106
                            ],
                            [
                                113.063306,
                                38.055244
                            ],
                            [
                                113.062129,
                                38.054312
                            ],
                            [
                                113.060464,
                                38.053661
                            ],
                            [
                                113.056169,
                                38.049294
                            ],
                            [
                                113.054331,
                                38.048169
                            ],
                            [
                                113.051268,
                                38.047286
                            ],
                            [
                                113.049093,
                                38.047419
                            ],
                            [
                                113.047069,
                                38.048064
                            ],
                            [
                                113.037901,
                                38.049399
                            ],
                            [
                                113.032801,
                                38.04974
                            ],
                            [
                                113.02768,
                                38.050347
                            ],
                            [
                                113.024294,
                                38.050386
                            ],
                            [
                                113.023131,
                                38.05016
                            ],
                            [
                                113.017996,
                                38.04797
                            ],
                            [
                                113.010858,
                                38.042764
                            ],
                            [
                                113.008711,
                                38.040724
                            ],
                            [
                                113.008635,
                                38.03999
                            ],
                            [
                                113.010782,
                                38.038485
                            ],
                            [
                                113.015545,
                                38.036896
                            ],
                            [
                                113.01748,
                                38.035164
                            ],
                            [
                                113.018884,
                                38.032125
                            ],
                            [
                                113.021238,
                                38.029869
                            ],
                            [
                                113.022298,
                                38.028154
                            ],
                            [
                                113.022848,
                                38.026422
                            ],
                            [
                                113.018402,
                                38.025605
                            ],
                            [
                                113.017356,
                                38.024066
                            ],
                            [
                                113.016956,
                                38.022009
                            ],
                            [
                                113.016206,
                                38.020646
                            ],
                            [
                                113.014362,
                                38.01957
                            ],
                            [
                                113.009709,
                                38.019267
                            ],
                            [
                                113.005785,
                                38.01786
                            ],
                            [
                                113.005125,
                                38.009403
                            ],
                            [
                                113.004774,
                                38.006782
                            ],
                            [
                                113.001325,
                                38.003443
                            ],
                            [
                                112.989191,
                                38.002329
                            ],
                            [
                                112.983815,
                                38.005286
                            ],
                            [
                                112.982253,
                                38.007985
                            ],
                            [
                                112.975452,
                                38.015118
                            ],
                            [
                                112.967819,
                                38.018335
                            ],
                            [
                                112.965754,
                                38.018037
                            ],
                            [
                                112.963249,
                                38.016487
                            ],
                            [
                                112.960929,
                                38.014241
                            ],
                            [
                                112.959167,
                                38.007836
                            ],
                            [
                                112.95746,
                                38.005248
                            ],
                            [
                                112.953303,
                                38.00223
                            ],
                            [
                                112.951864,
                                38.000789
                            ],
                            [
                                112.948499,
                                37.999426
                            ],
                            [
                                112.947501,
                                37.997649
                            ],
                            [
                                112.940583,
                                37.99106
                            ],
                            [
                                112.938849,
                                37.990536
                            ],
                            [
                                112.93496,
                                37.991469
                            ],
                            [
                                112.93242,
                                37.992539
                            ],
                            [
                                112.929178,
                                37.993444
                            ],
                            [
                                112.927636,
                                37.994537
                            ],
                            [
                                112.923472,
                                37.996044
                            ],
                            [
                                112.920726,
                                37.996645
                            ],
                            [
                                112.918372,
                                37.996546
                            ],
                            [
                                112.91131,
                                37.994956
                            ],
                            [
                                112.907662,
                                37.993764
                            ],
                            [
                                112.905074,
                                37.993262
                            ],
                            [
                                112.902493,
                                37.992269
                            ],
                            [
                                112.898391,
                                37.991579
                            ],
                            [
                                112.892299,
                                37.993787
                            ],
                            [
                                112.889656,
                                37.995895
                            ],
                            [
                                112.88764,
                                37.996595
                            ],
                            [
                                112.883868,
                                37.996805
                            ],
                            [
                                112.880619,
                                37.996413
                            ],
                            [
                                112.876861,
                                37.995023
                            ],
                            [
                                112.873247,
                                37.99313
                            ],
                            [
                                112.868884,
                                37.991342
                            ],
                            [
                                112.86527,
                                37.990453
                            ],
                            [
                                112.863412,
                                37.989653
                            ],
                            [
                                112.859185,
                                37.989366
                            ],
                            [
                                112.855964,
                                37.989476
                            ],
                            [
                                112.854216,
                                37.989283
                            ],
                            [
                                112.853094,
                                37.989592
                            ],
                            [
                                112.850616,
                                37.991794
                            ],
                            [
                                112.848021,
                                37.995199
                            ],
                            [
                                112.844511,
                                37.996104
                            ],
                            [
                                112.840354,
                                37.99622
                            ],
                            [
                                112.837174,
                                37.997225
                            ],
                            [
                                112.835997,
                                37.997964
                            ],
                            [
                                112.83365,
                                37.998521
                            ],
                            [
                                112.831764,
                                38.000844
                            ],
                            [
                                112.830428,
                                38.003543
                            ],
                            [
                                112.829258,
                                38.004288
                            ],
                            [
                                112.827675,
                                38.004624
                            ],
                            [
                                112.825734,
                                38.004144
                            ],
                            [
                                112.823415,
                                38.000856
                            ],
                            [
                                112.820428,
                                38.000149
                            ],
                            [
                                112.817365,
                                37.998284
                            ],
                            [
                                112.815499,
                                37.996849
                            ],
                            [
                                112.815176,
                                37.995006
                            ],
                            [
                                112.815403,
                                37.992937
                            ],
                            [
                                112.816449,
                                37.990856
                            ],
                            [
                                112.818046,
                                37.989195
                            ],
                            [
                                112.818707,
                                37.987986
                            ],
                            [
                                112.818645,
                                37.985265
                            ],
                            [
                                112.817626,
                                37.983328
                            ],
                            [
                                112.813207,
                                37.980198
                            ],
                            [
                                112.807914,
                                37.978007
                            ],
                            [
                                112.803351,
                                37.975606
                            ],
                            [
                                112.800212,
                                37.973724
                            ],
                            [
                                112.797445,
                                37.971427
                            ],
                            [
                                112.794706,
                                37.96944
                            ],
                            [
                                112.792834,
                                37.96684
                            ],
                            [
                                112.790349,
                                37.964135
                            ],
                            [
                                112.788525,
                                37.96144
                            ],
                            [
                                112.78646,
                                37.959646
                            ],
                            [
                                112.784031,
                                37.957145
                            ],
                            [
                                112.781098,
                                37.952755
                            ],
                            [
                                112.778194,
                                37.950066
                            ],
                            [
                                112.773513,
                                37.945063
                            ],
                            [
                                112.77149,
                                37.943368
                            ],
                            [
                                112.768213,
                                37.939474
                            ],
                            [
                                112.767828,
                                37.937978
                            ],
                            [
                                112.768076,
                                37.936774
                            ],
                            [
                                112.769342,
                                37.935575
                            ],
                            [
                                112.771352,
                                37.934476
                            ],
                            [
                                112.776631,
                                37.92977
                            ],
                            [
                                112.778249,
                                37.926871
                            ],
                            [
                                112.778483,
                                37.924865
                            ],
                            [
                                112.778104,
                                37.923678
                            ],
                            [
                                112.775069,
                                37.922275
                            ],
                            [
                                112.771276,
                                37.920982
                            ],
                            [
                                112.769624,
                                37.91948
                            ],
                            [
                                112.767443,
                                37.916386
                            ],
                            [
                                112.765674,
                                37.914878
                            ],
                            [
                                112.765536,
                                37.913287
                            ],
                            [
                                112.766913,
                                37.910287
                            ],
                            [
                                112.768303,
                                37.909082
                            ],
                            [
                                112.769941,
                                37.906088
                            ],
                            [
                                112.770327,
                                37.902181
                            ],
                            [
                                112.769948,
                                37.899988
                            ],
                            [
                                112.770223,
                                37.896186
                            ],
                            [
                                112.771366,
                                37.894887
                            ],
                            [
                                112.775186,
                                37.889682
                            ],
                            [
                                112.776831,
                                37.886885
                            ],
                            [
                                112.777829,
                                37.882287
                            ],
                            [
                                112.779233,
                                37.878877
                            ],
                            [
                                112.779846,
                                37.878047
                            ],
                            [
                                112.788298,
                                37.876273
                            ],
                            [
                                112.793694,
                                37.873659
                            ],
                            [
                                112.796083,
                                37.872857
                            ],
                            [
                                112.800082,
                                37.87315
                            ],
                            [
                                112.802084,
                                37.873648
                            ],
                            [
                                112.806345,
                                37.873736
                            ],
                            [
                                112.80947,
                                37.872432
                            ],
                            [
                                112.811335,
                                37.871132
                            ],
                            [
                                112.815197,
                                37.867821
                            ],
                            [
                                112.816497,
                                37.866312
                            ],
                            [
                                112.824144,
                                37.865505
                            ],
                            [
                                112.837731,
                                37.86592
                            ],
                            [
                                112.844256,
                                37.868639
                            ],
                            [
                                112.851311,
                                37.872067
                            ],
                            [
                                112.857086,
                                37.872437
                            ],
                            [
                                112.863749,
                                37.876588
                            ],
                            [
                                112.865635,
                                37.876682
                            ],
                            [
                                112.868023,
                                37.875378
                            ],
                            [
                                112.87154,
                                37.872868
                            ],
                            [
                                112.874548,
                                37.87027
                            ],
                            [
                                112.876186,
                                37.867959
                            ],
                            [
                                112.877446,
                                37.867561
                            ],
                            [
                                112.882484,
                                37.86755
                            ],
                            [
                                112.883992,
                                37.868844
                            ],
                            [
                                112.885258,
                                37.871138
                            ],
                            [
                                112.889168,
                                37.875029
                            ],
                            [
                                112.891191,
                                37.875328
                            ],
                            [
                                112.89371,
                                37.875223
                            ],
                            [
                                112.901777,
                                37.873913
                            ],
                            [
                                112.904172,
                                37.873106
                            ],
                            [
                                112.90506,
                                37.87221
                            ],
                            [
                                112.904544,
                                37.868606
                            ],
                            [
                                112.902768,
                                37.865013
                            ],
                            [
                                112.903773,
                                37.86231
                            ],
                            [
                                112.905535,
                                37.860303
                            ],
                            [
                                112.906031,
                                37.858909
                            ],
                            [
                                112.908178,
                                37.85531
                            ],
                            [
                                112.907786,
                                37.852501
                            ],
                            [
                                112.906781,
                                37.851313
                            ],
                            [
                                112.902486,
                                37.848111
                            ],
                            [
                                112.901598,
                                37.84481
                            ],
                            [
                                112.901839,
                                37.841619
                            ],
                            [
                                112.903092,
                                37.838716
                            ],
                            [
                                112.90398,
                                37.838019
                            ],
                            [
                                112.906003,
                                37.839606
                            ],
                            [
                                112.907511,
                                37.840004
                            ],
                            [
                                112.908399,
                                37.838113
                            ],
                            [
                                112.909025,
                                37.835303
                            ],
                            [
                                112.910402,
                                37.83261
                            ],
                            [
                                112.911661,
                                37.830907
                            ],
                            [
                                112.91217,
                                37.829104
                            ],
                            [
                                112.913175,
                                37.828207
                            ],
                            [
                                112.91544,
                                37.828307
                            ],
                            [
                                112.921139,
                                37.833998
                            ],
                            [
                                112.923665,
                                37.835796
                            ],
                            [
                                112.925936,
                                37.836387
                            ],
                            [
                                112.930741,
                                37.836387
                            ],
                            [
                                112.933514,
                                37.836183
                            ],
                            [
                                112.939461,
                                37.836382
                            ],
                            [
                                112.946661,
                                37.833384
                            ],
                            [
                                112.950577,
                                37.830984
                            ],
                            [
                                112.951713,
                                37.829485
                            ],
                            [
                                112.950818,
                                37.827787
                            ],
                            [
                                112.94525,
                                37.823683
                            ],
                            [
                                112.944362,
                                37.822483
                            ],
                            [
                                112.942703,
                                37.817084
                            ],
                            [
                                112.942827,
                                37.814285
                            ],
                            [
                                112.943199,
                                37.81268
                            ],
                            [
                                112.943068,
                                37.811192
                            ],
                            [
                                112.942056,
                                37.808088
                            ],
                            [
                                112.941168,
                                37.806196
                            ],
                            [
                                112.937871,
                                37.802987
                            ],
                            [
                                112.936481,
                                37.801388
                            ],
                            [
                                112.933563,
                                37.799291
                            ],
                            [
                                112.931167,
                                37.797891
                            ],
                            [
                                112.928889,
                                37.796895
                            ],
                            [
                                112.926611,
                                37.796298
                            ],
                            [
                                112.92498,
                                37.796497
                            ],
                            [
                                112.923837,
                                37.798699
                            ],
                            [
                                112.922584,
                                37.802395
                            ],
                            [
                                112.920196,
                                37.8067
                            ],
                            [
                                112.918179,
                                37.808498
                            ],
                            [
                                112.915151,
                                37.808603
                            ],
                            [
                                112.912246,
                                37.807607
                            ],
                            [
                                112.909465,
                                37.805809
                            ],
                            [
                                112.907063,
                                37.802213
                            ],
                            [
                                112.906933,
                                37.799413
                            ],
                            [
                                112.907311,
                                37.797116
                            ],
                            [
                                112.908061,
                                37.795313
                            ],
                            [
                                112.909816,
                                37.792313
                            ],
                            [
                                112.91259,
                                37.788611
                            ],
                            [
                                112.916617,
                                37.785003
                            ],
                            [
                                112.919893,
                                37.780902
                            ],
                            [
                                112.920141,
                                37.779695
                            ],
                            [
                                112.919879,
                                37.777802
                            ],
                            [
                                112.91811,
                                37.772201
                            ],
                            [
                                112.91798,
                                37.769699
                            ],
                            [
                                112.918221,
                                37.767407
                            ],
                            [
                                112.919859,
                                37.763809
                            ],
                            [
                                112.921118,
                                37.763001
                            ],
                            [
                                112.922378,
                                37.761495
                            ],
                            [
                                112.924642,
                                37.759895
                            ],
                            [
                                112.928793,
                                37.754508
                            ],
                            [
                                112.929419,
                                37.753102
                            ],
                            [
                                112.930286,
                                37.7487
                            ],
                            [
                                112.930541,
                                37.746297
                            ],
                            [
                                112.932682,
                                37.744498
                            ],
                            [
                                112.936075,
                                37.739802
                            ],
                            [
                                112.935442,
                                37.7369
                            ],
                            [
                                112.93379,
                                37.734502
                            ],
                            [
                                112.931512,
                                37.732098
                            ],
                            [
                                112.929233,
                                37.730348
                            ],
                            [
                                112.927547,
                                37.727878
                            ],
                            [
                                112.917594,
                                37.723658
                            ],
                            [
                                112.909975,
                                37.71952
                            ],
                            [
                                112.908006,
                                37.712574
                            ],
                            [
                                112.91449,
                                37.69879
                            ],
                            [
                                112.921524,
                                37.691442
                            ],
                            [
                                112.928628,
                                37.682731
                            ],
                            [
                                112.936598,
                                37.674041
                            ],
                            [
                                112.940611,
                                37.66913
                            ],
                            [
                                112.949194,
                                37.659773
                            ],
                            [
                                112.955196,
                                37.656069
                            ],
                            [
                                112.966126,
                                37.652083
                            ],
                            [
                                112.975528,
                                37.649871
                            ],
                            [
                                112.986431,
                                37.646794
                            ],
                            [
                                113.005063,
                                37.634123
                            ],
                            [
                                113.010445,
                                37.624895
                            ],
                            [
                                113.004154,
                                37.616891
                            ],
                            [
                                113.013026,
                                37.613746
                            ],
                            [
                                113.031789,
                                37.610018
                            ],
                            [
                                113.038975,
                                37.611627
                            ],
                            [
                                113.051123,
                                37.612259
                            ],
                            [
                                113.059851,
                                37.611854
                            ],
                            [
                                113.070114,
                                37.60943
                            ],
                            [
                                113.077361,
                                37.603239
                            ],
                            [
                                113.081264,
                                37.594184
                            ],
                            [
                                113.08529,
                                37.588802
                            ],
                            [
                                113.093564,
                                37.579196
                            ],
                            [
                                113.101259,
                                37.575528
                            ],
                            [
                                113.108259,
                                37.568174
                            ],
                            [
                                113.111081,
                                37.563434
                            ],
                            [
                                113.1119,
                                37.558182
                            ],
                            [
                                113.110695,
                                37.553103
                            ],
                            [
                                113.108851,
                                37.549378
                            ],
                            [
                                113.107233,
                                37.540838
                            ],
                            [
                                113.114791,
                                37.539689
                            ],
                            [
                                113.122011,
                                37.5399
                            ],
                            [
                                113.129968,
                                37.542426
                            ],
                            [
                                113.135557,
                                37.546485
                            ],
                            [
                                113.141676,
                                37.551249
                            ],
                            [
                                113.15306,
                                37.560975
                            ],
                            [
                                113.159021,
                                37.562979
                            ],
                            [
                                113.171933,
                                37.564255
                            ],
                            [
                                113.18254,
                                37.559498
                            ],
                            [
                                113.194048,
                                37.560048
                            ],
                            [
                                113.202349,
                                37.561424
                            ],
                            [
                                113.205474,
                                37.562423
                            ],
                            [
                                113.212095,
                                37.569029
                            ],
                            [
                                113.21882,
                                37.573347
                            ],
                            [
                                113.229172,
                                37.574096
                            ],
                            [
                                113.237941,
                                37.571821
                            ],
                            [
                                113.243234,
                                37.569906
                            ],
                            [
                                113.250825,
                                37.568052
                            ],
                            [
                                113.259684,
                                37.570377
                            ],
                            [
                                113.267585,
                                37.574507
                            ],
                            [
                                113.273918,
                                37.575378
                            ],
                            [
                                113.280814,
                                37.576499
                            ],
                            [
                                113.291834,
                                37.575905
                            ],
                            [
                                113.302475,
                                37.570944
                            ],
                            [
                                113.311065,
                                37.566847
                            ],
                            [
                                113.316351,
                                37.565166
                            ],
                            [
                                113.321403,
                                37.568757
                            ],
                            [
                                113.323888,
                                37.571593
                            ],
                            [
                                113.328823,
                                37.577931
                            ],
                            [
                                113.335025,
                                37.581782
                            ],
                            [
                                113.341928,
                                37.583131
                            ],
                            [
                                113.349128,
                                37.583808
                            ],
                            [
                                113.355205,
                                37.584219
                            ],
                            [
                                113.355742,
                                37.591804
                            ],
                            [
                                113.35418,
                                37.594512
                            ],
                            [
                                113.352377,
                                37.602257
                            ],
                            [
                                113.34994,
                                37.611588
                            ],
                            [
                                113.350181,
                                37.613929
                            ],
                            [
                                113.349906,
                                37.621356
                            ],
                            [
                                113.349444,
                                37.625882
                            ],
                            [
                                113.340283,
                                37.634844
                            ],
                            [
                                113.335789,
                                37.638033
                            ],
                            [
                                113.336229,
                                37.643384
                            ],
                            [
                                113.339884,
                                37.656607
                            ],
                            [
                                113.35471,
                                37.672522
                            ],
                            [
                                113.371091,
                                37.682188
                            ],
                            [
                                113.38377,
                                37.698346
                            ],
                            [
                                113.394913,
                                37.713244
                            ],
                            [
                                113.415328,
                                37.714756
                            ],
                            [
                                113.438489,
                                37.714263
                            ],
                            [
                                113.44986,
                                37.712081
                            ],
                            [
                                113.452751,
                                37.712197
                            ],
                            [
                                113.453542,
                                37.7188
                            ],
                            [
                                113.453824,
                                37.727851
                            ],
                            [
                                113.450995,
                                37.733915
                            ],
                            [
                                113.447231,
                                37.739613
                            ],
                            [
                                113.443823,
                                37.743888
                            ],
                            [
                                113.44224,
                                37.750522
                            ],
                            [
                                113.441697,
                                37.756358
                            ],
                            [
                                113.441938,
                                37.765354
                            ],
                            [
                                113.441139,
                                37.76774
                            ]
                        ]
                    ]
                ]
            }
        }
    ]
}