{
    "type": "FeatureCollection",
    "features": [
        {
            "type": "Feature",
            "properties": {
                "adcode": 140781,
                "name": "介休市",
                "center": [
                    111.913857,
                    37.027616
                ],
                "centroid": [
                    111.987966,
                    37.017991
                ],
                "childrenNum": 0,
                "level": "district",
                "acroutes": [
                    100000,
                    140000,
                    140700
                ],
                "parent": {
                    "adcode": 140700
                }
            },
            "geometry": {
                "type": "MultiPolygon",
                "coordinates": [
                    [
                        [
                            [
                                111.951247,
                                37.179459
                            ],
                            [
                                111.951119,
                                37.178056
                            ],
                            [
                                111.947979,
                                37.170442
                            ],
                            [
                                111.946343,
                                37.167786
                            ],
                            [
                                111.942365,
                                37.163391
                            ],
                            [
                                111.940509,
                                37.161594
                            ],
                            [
                                111.939746,
                                37.160136
                            ],
                            [
                                111.939005,
                                37.15602
                            ],
                            [
                                111.934286,
                                37.148999
                            ],
                            [
                                111.931971,
                                37.12956
                            ],
                            [
                                111.92951,
                                37.119842
                            ],
                            [
                                111.927005,
                                37.111966
                            ],
                            [
                                111.923349,
                                37.106277
                            ],
                            [
                                111.913647,
                                37.102716
                            ],
                            [
                                111.90645,
                                37.098491
                            ],
                            [
                                111.901158,
                                37.0934
                            ],
                            [
                                111.897511,
                                37.087713
                            ],
                            [
                                111.894208,
                                37.084533
                            ],
                            [
                                111.893295,
                                37.074936
                            ],
                            [
                                111.890336,
                                37.073405
                            ],
                            [
                                111.884894,
                                37.064706
                            ],
                            [
                                111.88003,
                                37.057155
                            ],
                            [
                                111.875174,
                                37.053729
                            ],
                            [
                                111.868881,
                                37.052133
                            ],
                            [
                                111.860886,
                                37.047114
                            ],
                            [
                                111.860886,
                                37.041614
                            ],
                            [
                                111.861371,
                                37.03744
                            ],
                            [
                                111.85633,
                                37.035507
                            ],
                            [
                                111.852586,
                                37.034542
                            ],
                            [
                                111.845847,
                                37.034191
                            ],
                            [
                                111.836939,
                                37.039285
                            ],
                            [
                                111.832926,
                                37.042937
                            ],
                            [
                                111.832728,
                                37.043667
                            ],
                            [
                                111.832093,
                                37.043868
                            ],
                            [
                                111.831793,
                                37.043439
                            ],
                            [
                                111.826399,
                                37.044284
                            ],
                            [
                                111.825094,
                                37.042971
                            ],
                            [
                                111.826293,
                                37.039476
                            ],
                            [
                                111.821195,
                                37.035718
                            ],
                            [
                                111.818069,
                                37.034341
                            ],
                            [
                                111.813063,
                                37.031984
                            ],
                            [
                                111.80199,
                                37.028171
                            ],
                            [
                                111.791635,
                                37.022544
                            ],
                            [
                                111.785465,
                                37.021282
                            ],
                            [
                                111.776002,
                                37.019143
                            ],
                            [
                                111.759499,
                                37.015452
                            ],
                            [
                                111.749907,
                                37.010202
                            ],
                            [
                                111.743628,
                                37.007729
                            ],
                            [
                                111.740474,
                                37.006156
                            ],
                            [
                                111.737449,
                                37.002867
                            ],
                            [
                                111.735372,
                                36.997579
                            ],
                            [
                                111.737511,
                                36.991526
                            ],
                            [
                                111.740413,
                                36.986595
                            ],
                            [
                                111.745568,
                                36.982446
                            ],
                            [
                                111.751526,
                                36.979026
                            ],
                            [
                                111.761484,
                                36.976003
                            ],
                            [
                                111.772795,
                                36.973945
                            ],
                            [
                                111.779971,
                                36.973777
                            ],
                            [
                                111.785069,
                                36.974675
                            ],
                            [
                                111.788094,
                                36.972272
                            ],
                            [
                                111.787851,
                                36.967214
                            ],
                            [
                                111.785315,
                                36.962056
                            ],
                            [
                                111.784711,
                                36.958127
                            ],
                            [
                                111.785827,
                                36.954037
                            ],
                            [
                                111.788231,
                                36.952296
                            ],
                            [
                                111.801844,
                                36.949975
                            ],
                            [
                                111.804667,
                                36.952163
                            ],
                            [
                                111.804944,
                                36.959953
                            ],
                            [
                                111.806947,
                                36.965446
                            ],
                            [
                                111.814078,
                                36.969787
                            ],
                            [
                                111.81892,
                                36.975276
                            ],
                            [
                                111.821482,
                                36.982828
                            ],
                            [
                                111.8252,
                                36.989926
                            ],
                            [
                                111.825857,
                                36.990653
                            ],
                            [
                                111.829019,
                                36.990445
                            ],
                            [
                                111.835074,
                                36.989765
                            ],
                            [
                                111.839453,
                                36.988332
                            ],
                            [
                                111.840035,
                                36.98376
                            ],
                            [
                                111.841817,
                                36.973726
                            ],
                            [
                                111.837301,
                                36.968265
                            ],
                            [
                                111.834514,
                                36.962647
                            ],
                            [
                                111.832653,
                                36.955908
                            ],
                            [
                                111.837596,
                                36.950132
                            ],
                            [
                                111.848388,
                                36.946888
                            ],
                            [
                                111.858976,
                                36.946844
                            ],
                            [
                                111.868436,
                                36.94653
                            ],
                            [
                                111.872718,
                                36.944925
                            ],
                            [
                                111.878759,
                                36.943146
                            ],
                            [
                                111.880687,
                                36.941453
                            ],
                            [
                                111.881564,
                                36.939667
                            ],
                            [
                                111.883068,
                                36.938612
                            ],
                            [
                                111.884748,
                                36.937789
                            ],
                            [
                                111.890702,
                                36.937355
                            ],
                            [
                                111.892144,
                                36.937058
                            ],
                            [
                                111.892638,
                                36.936276
                            ],
                            [
                                111.891641,
                                36.932544
                            ],
                            [
                                111.891337,
                                36.929983
                            ],
                            [
                                111.891571,
                                36.926667
                            ],
                            [
                                111.890922,
                                36.924874
                            ],
                            [
                                111.890045,
                                36.924246
                            ],
                            [
                                111.888735,
                                36.924256
                            ],
                            [
                                111.888153,
                                36.92345
                            ],
                            [
                                111.888007,
                                36.922418
                            ],
                            [
                                111.88892,
                                36.91971
                            ],
                            [
                                111.888616,
                                36.918511
                            ],
                            [
                                111.884973,
                                36.917203
                            ],
                            [
                                111.883672,
                                36.915417
                            ],
                            [
                                111.883575,
                                36.914211
                            ],
                            [
                                111.883866,
                                36.913289
                            ],
                            [
                                111.885352,
                                36.912288
                            ],
                            [
                                111.887747,
                                36.911919
                            ],
                            [
                                111.893485,
                                36.910423
                            ],
                            [
                                111.895504,
                                36.90949
                            ],
                            [
                                111.898666,
                                36.908233
                            ],
                            [
                                111.901118,
                                36.907974
                            ],
                            [
                                111.903495,
                                36.90837
                            ],
                            [
                                111.905096,
                                36.909917
                            ],
                            [
                                111.906843,
                                36.910013
                            ],
                            [
                                111.908642,
                                36.909999
                            ],
                            [
                                111.912157,
                                36.909402
                            ],
                            [
                                111.918207,
                                36.906638
                            ],
                            [
                                111.921259,
                                36.903765
                            ],
                            [
                                111.92144,
                                36.90052
                            ],
                            [
                                111.922088,
                                36.893014
                            ],
                            [
                                111.921149,
                                36.887585
                            ],
                            [
                                111.921034,
                                36.886423
                            ],
                            [
                                111.920161,
                                36.882545
                            ],
                            [
                                111.92028,
                                36.881318
                            ],
                            [
                                111.921572,
                                36.879972
                            ],
                            [
                                111.923861,
                                36.879493
                            ],
                            [
                                111.927711,
                                36.879466
                            ],
                            [
                                111.933558,
                                36.879603
                            ],
                            [
                                111.937453,
                                36.878656
                            ],
                            [
                                111.939755,
                                36.877173
                            ],
                            [
                                111.940182,
                                36.875382
                            ],
                            [
                                111.940932,
                                36.874213
                            ],
                            [
                                111.942546,
                                36.873219
                            ],
                            [
                                111.94506,
                                36.872074
                            ],
                            [
                                111.949487,
                                36.871059
                            ],
                            [
                                111.955123,
                                36.870126
                            ],
                            [
                                111.96595,
                                36.867826
                            ],
                            [
                                111.9698,
                                36.866377
                            ],
                            [
                                111.972309,
                                36.864569
                            ],
                            [
                                111.97541,
                                36.860207
                            ],
                            [
                                111.983542,
                                36.853679
                            ],
                            [
                                111.991087,
                                36.847802
                            ],
                            [
                                111.996141,
                                36.845033
                            ],
                            [
                                112.001808,
                                36.841833
                            ],
                            [
                                112.006835,
                                36.839515
                            ],
                            [
                                112.009336,
                                36.842647
                            ],
                            [
                                112.015095,
                                36.847095
                            ],
                            [
                                112.020758,
                                36.856868
                            ],
                            [
                                112.024625,
                                36.867412
                            ],
                            [
                                112.02231,
                                36.873831
                            ],
                            [
                                112.018967,
                                36.87896
                            ],
                            [
                                112.02231,
                                36.883334
                            ],
                            [
                                112.028886,
                                36.886966
                            ],
                            [
                                112.036131,
                                36.887281
                            ],
                            [
                                112.043805,
                                36.884322
                            ],
                            [
                                112.051359,
                                36.88045
                            ],
                            [
                                112.062243,
                                36.879978
                            ],
                            [
                                112.067835,
                                36.880884
                            ],
                            [
                                112.076558,
                                36.883601
                            ],
                            [
                                112.079738,
                                36.887947
                            ],
                            [
                                112.083495,
                                36.892242
                            ],
                            [
                                112.084024,
                                36.894039
                            ],
                            [
                                112.080059,
                                36.898774
                            ],
                            [
                                112.075905,
                                36.902136
                            ],
                            [
                                112.072457,
                                36.904281
                            ],
                            [
                                112.068395,
                                36.908326
                            ],
                            [
                                112.071195,
                                36.914095
                            ],
                            [
                                112.074415,
                                36.918668
                            ],
                            [
                                112.08155,
                                36.922442
                            ],
                            [
                                112.084844,
                                36.926107
                            ],
                            [
                                112.085347,
                                36.929962
                            ],
                            [
                                112.086123,
                                36.933814
                            ],
                            [
                                112.086383,
                                36.937154
                            ],
                            [
                                112.086123,
                                36.93921
                            ],
                            [
                                112.082794,
                                36.942197
                            ],
                            [
                                112.077374,
                                36.946827
                            ],
                            [
                                112.072104,
                                36.952597
                            ],
                            [
                                112.067244,
                                36.957164
                            ],
                            [
                                112.062768,
                                36.962401
                            ],
                            [
                                112.060122,
                                36.968402
                            ],
                            [
                                112.060426,
                                36.972764
                            ],
                            [
                                112.061374,
                                36.97546
                            ],
                            [
                                112.066724,
                                36.97662
                            ],
                            [
                                112.073431,
                                36.977194
                            ],
                            [
                                112.08226,
                                36.976433
                            ],
                            [
                                112.095645,
                                36.977347
                            ],
                            [
                                112.100831,
                                36.977361
                            ],
                            [
                                112.110123,
                                36.979927
                            ],
                            [
                                112.115648,
                                36.980443
                            ],
                            [
                                112.121218,
                                36.983053
                            ],
                            [
                                112.125831,
                                36.985544
                            ],
                            [
                                112.128142,
                                36.985415
                            ],
                            [
                                112.137954,
                                36.982053
                            ],
                            [
                                112.142263,
                                36.989701
                            ],
                            [
                                112.150589,
                                36.994188
                            ],
                            [
                                112.154633,
                                36.994283
                            ],
                            [
                                112.158606,
                                36.996006
                            ],
                            [
                                112.16415,
                                36.998736
                            ],
                            [
                                112.168401,
                                37.00459
                            ],
                            [
                                112.170006,
                                37.007906
                            ],
                            [
                                112.173825,
                                37.010567
                            ],
                            [
                                112.17637,
                                37.012416
                            ],
                            [
                                112.16643,
                                37.01856
                            ],
                            [
                                112.161888,
                                37.022755
                            ],
                            [
                                112.155502,
                                37.028952
                            ],
                            [
                                112.154364,
                                37.038552
                            ],
                            [
                                112.155074,
                                37.041103
                            ],
                            [
                                112.156856,
                                37.044843
                            ],
                            [
                                112.158972,
                                37.052505
                            ],
                            [
                                112.157751,
                                37.058655
                            ],
                            [
                                112.16075,
                                37.058741
                            ],
                            [
                                112.161566,
                                37.059013
                            ],
                            [
                                112.162209,
                                37.059596
                            ],
                            [
                                112.162509,
                                37.060384
                            ],
                            [
                                112.162747,
                                37.069407
                            ],
                            [
                                112.162487,
                                37.07088
                            ],
                            [
                                112.156115,
                                37.070846
                            ],
                            [
                                112.155987,
                                37.073978
                            ],
                            [
                                112.156053,
                                37.07742
                            ],
                            [
                                112.155925,
                                37.089359
                            ],
                            [
                                112.155175,
                                37.097135
                            ],
                            [
                                112.149875,
                                37.109108
                            ],
                            [
                                112.137403,
                                37.121045
                            ],
                            [
                                112.131145,
                                37.134587
                            ],
                            [
                                112.128936,
                                37.137945
                            ],
                            [
                                112.124539,
                                37.144211
                            ],
                            [
                                112.116998,
                                37.150123
                            ],
                            [
                                112.109113,
                                37.15235
                            ],
                            [
                                112.100817,
                                37.156388
                            ],
                            [
                                112.098612,
                                37.159513
                            ],
                            [
                                112.094185,
                                37.161406
                            ],
                            [
                                112.086966,
                                37.161808
                            ],
                            [
                                112.081021,
                                37.160191
                            ],
                            [
                                112.076703,
                                37.155428
                            ],
                            [
                                112.071094,
                                37.152905
                            ],
                            [
                                112.066843,
                                37.151819
                            ],
                            [
                                112.05797,
                                37.150763
                            ],
                            [
                                112.046437,
                                37.150743
                            ],
                            [
                                112.023078,
                                37.150678
                            ],
                            [
                                112.006262,
                                37.151802
                            ],
                            [
                                112.000097,
                                37.153606
                            ],
                            [
                                111.99559,
                                37.156398
                            ],
                            [
                                111.990567,
                                37.15825
                            ],
                            [
                                111.984503,
                                37.162009
                            ],
                            [
                                111.980503,
                                37.162986
                            ],
                            [
                                111.976419,
                                37.164222
                            ],
                            [
                                111.96636,
                                37.164869
                            ],
                            [
                                111.96576,
                                37.165223
                            ],
                            [
                                111.965514,
                                37.165893
                            ],
                            [
                                111.965699,
                                37.174642
                            ],
                            [
                                111.965456,
                                37.179071
                            ],
                            [
                                111.964865,
                                37.180105
                            ],
                            [
                                111.964411,
                                37.180405
                            ],
                            [
                                111.962352,
                                37.180646
                            ],
                            [
                                111.951247,
                                37.179459
                            ]
                        ]
                    ]
                ]
            }
        }
    ]
}