{
    "type": "FeatureCollection",
    "features": [
        {
            "type": "Feature",
            "properties": {
                "adcode": 140722,
                "name": "左权县",
                "center": [
                    113.377834,
                    37.079672
                ],
                "centroid": [
                    113.469312,
                    37.02506
                ],
                "childrenNum": 0,
                "level": "district",
                "acroutes": [
                    100000,
                    140000,
                    140700
                ],
                "parent": {
                    "adcode": 140700
                }
            },
            "geometry": {
                "type": "MultiPolygon",
                "coordinates": [
                    [
                        [
                            [
                                113.758153,
                                37.075647
                            ],
                            [
                                113.754665,
                                37.0715
                            ],
                            [
                                113.751592,
                                37.069362
                            ],
                            [
                                113.746868,
                                37.065348
                            ],
                            [
                                113.742635,
                                37.063401
                            ],
                            [
                                113.738816,
                                37.073404
                            ],
                            [
                                113.735411,
                                37.07217
                            ],
                            [
                                113.730342,
                                37.077088
                            ],
                            [
                                113.724617,
                                37.08173
                            ],
                            [
                                113.721254,
                                37.089013
                            ],
                            [
                                113.71673,
                                37.094632
                            ],
                            [
                                113.711661,
                                37.099549
                            ],
                            [
                                113.694244,
                                37.111008
                            ],
                            [
                                113.679804,
                                37.119798
                            ],
                            [
                                113.671592,
                                37.123704
                            ],
                            [
                                113.663927,
                                37.120972
                            ],
                            [
                                113.658257,
                                37.118751
                            ],
                            [
                                113.651427,
                                37.116965
                            ],
                            [
                                113.641081,
                                37.116679
                            ],
                            [
                                113.630985,
                                37.117555
                            ],
                            [
                                113.620191,
                                37.121403
                            ],
                            [
                                113.614866,
                                37.125393
                            ],
                            [
                                113.610322,
                                37.131238
                            ],
                            [
                                113.606006,
                                37.138697
                            ],
                            [
                                113.60479,
                                37.147383
                            ],
                            [
                                113.600626,
                                37.158065
                            ],
                            [
                                113.594003,
                                37.172807
                            ],
                            [
                                113.587366,
                                37.1809
                            ],
                            [
                                113.582415,
                                37.189501
                            ],
                            [
                                113.576013,
                                37.198738
                            ],
                            [
                                113.573513,
                                37.203956
                            ],
                            [
                                113.567843,
                                37.202209
                            ],
                            [
                                113.560177,
                                37.200415
                            ],
                            [
                                113.550205,
                                37.198796
                            ],
                            [
                                113.539218,
                                37.201286
                            ],
                            [
                                113.53218,
                                37.205246
                            ],
                            [
                                113.520012,
                                37.208632
                            ],
                            [
                                113.512312,
                                37.214868
                            ],
                            [
                                113.506393,
                                37.219321
                            ],
                            [
                                113.500468,
                                37.223996
                            ],
                            [
                                113.494121,
                                37.224989
                            ],
                            [
                                113.484245,
                                37.221539
                            ],
                            [
                                113.470447,
                                37.222585
                            ],
                            [
                                113.463962,
                                37.226782
                            ],
                            [
                                113.457505,
                                37.230284
                            ],
                            [
                                113.446635,
                                37.229557
                            ],
                            [
                                113.436021,
                                37.229281
                            ],
                            [
                                113.426297,
                                37.228332
                            ],
                            [
                                113.418493,
                                37.229271
                            ],
                            [
                                113.407174,
                                37.231717
                            ],
                            [
                                113.39839,
                                37.235145
                            ],
                            [
                                113.392478,
                                37.238875
                            ],
                            [
                                113.387699,
                                37.24287
                            ],
                            [
                                113.37609,
                                37.251485
                            ],
                            [
                                113.368535,
                                37.259293
                            ],
                            [
                                113.361802,
                                37.268272
                            ],
                            [
                                113.357168,
                                37.275479
                            ],
                            [
                                113.352513,
                                37.276259
                            ],
                            [
                                113.344992,
                                37.276492
                            ],
                            [
                                113.339315,
                                37.274488
                            ],
                            [
                                113.33319,
                                37.269487
                            ],
                            [
                                113.33136,
                                37.26648
                            ],
                            [
                                113.32685,
                                37.262284
                            ],
                            [
                                113.323694,
                                37.260195
                            ],
                            [
                                113.318535,
                                37.257399
                            ],
                            [
                                113.317527,
                                37.256498
                            ],
                            [
                                113.316622,
                                37.2541
                            ],
                            [
                                113.315241,
                                37.25271
                            ],
                            [
                                113.314474,
                                37.251002
                            ],
                            [
                                113.313079,
                                37.249612
                            ],
                            [
                                113.31107,
                                37.248811
                            ],
                            [
                                113.307548,
                                37.248026
                            ],
                            [
                                113.30377,
                                37.245432
                            ],
                            [
                                113.300476,
                                37.240636
                            ],
                            [
                                113.297437,
                                37.237644
                            ],
                            [
                                113.296063,
                                37.237341
                            ],
                            [
                                113.293307,
                                37.237654
                            ],
                            [
                                113.289668,
                                37.23776
                            ],
                            [
                                113.286042,
                                37.238466
                            ],
                            [
                                113.283038,
                                37.238684
                            ],
                            [
                                113.279026,
                                37.237697
                            ],
                            [
                                113.275255,
                                37.235803
                            ],
                            [
                                113.27261,
                                37.234206
                            ],
                            [
                                113.268839,
                                37.232322
                            ],
                            [
                                113.267562,
                                37.229223
                            ],
                            [
                                113.265414,
                                37.227026
                            ],
                            [
                                113.261533,
                                37.225944
                            ],
                            [
                                113.251761,
                                37.224676
                            ],
                            [
                                113.244116,
                                37.222404
                            ],
                            [
                                113.238356,
                                37.220924
                            ],
                            [
                                113.229579,
                                37.21766
                            ],
                            [
                                113.227079,
                                37.21697
                            ],
                            [
                                113.223577,
                                37.215691
                            ],
                            [
                                113.221429,
                                37.213695
                            ],
                            [
                                113.220428,
                                37.212199
                            ],
                            [
                                113.218543,
                                37.211806
                            ],
                            [
                                113.214061,
                                37.21283
                            ],
                            [
                                113.210932,
                                37.212846
                            ],
                            [
                                113.209558,
                                37.212453
                            ],
                            [
                                113.207555,
                                37.210861
                            ],
                            [
                                113.205663,
                                37.208271
                            ],
                            [
                                113.204399,
                                37.205676
                            ],
                            [
                                113.201506,
                                37.202178
                            ],
                            [
                                113.19924,
                                37.199991
                            ],
                            [
                                113.196851,
                                37.19679
                            ],
                            [
                                113.195352,
                                37.1962
                            ],
                            [
                                113.190974,
                                37.195324
                            ],
                            [
                                113.188481,
                                37.195144
                            ],
                            [
                                113.183066,
                                37.19422
                            ],
                            [
                                113.164524,
                                37.19464
                            ],
                            [
                                113.150076,
                                37.196752
                            ],
                            [
                                113.141893,
                                37.199964
                            ],
                            [
                                113.128826,
                                37.203032
                            ],
                            [
                                113.125919,
                                37.197432
                            ],
                            [
                                113.123737,
                                37.19508
                            ],
                            [
                                113.113958,
                                37.189049
                            ],
                            [
                                113.106845,
                                37.181266
                            ],
                            [
                                113.104345,
                                37.173158
                            ],
                            [
                                113.108571,
                                37.162733
                            ],
                            [
                                113.116561,
                                37.157916
                            ],
                            [
                                113.123012,
                                37.155122
                            ],
                            [
                                113.142293,
                                37.147882
                            ],
                            [
                                113.149165,
                                37.141874
                            ],
                            [
                                113.140346,
                                37.134282
                            ],
                            [
                                113.136527,
                                37.129809
                            ],
                            [
                                113.139144,
                                37.122997
                            ],
                            [
                                113.144828,
                                37.117885
                            ],
                            [
                                113.145373,
                                37.106193
                            ],
                            [
                                113.13471,
                                37.101069
                            ],
                            [
                                113.129538,
                                37.09518
                            ],
                            [
                                113.127577,
                                37.088008
                            ],
                            [
                                113.128578,
                                37.084829
                            ],
                            [
                                113.130822,
                                37.079842
                            ],
                            [
                                113.131492,
                                37.078859
                            ],
                            [
                                113.137514,
                                37.073691
                            ],
                            [
                                113.140622,
                                37.071473
                            ],
                            [
                                113.143978,
                                37.070458
                            ],
                            [
                                113.151458,
                                37.070325
                            ],
                            [
                                113.154703,
                                37.070607
                            ],
                            [
                                113.156824,
                                37.070506
                            ],
                            [
                                113.158557,
                                37.069692
                            ],
                            [
                                113.158785,
                                37.065177
                            ],
                            [
                                113.159517,
                                37.062173
                            ],
                            [
                                113.159752,
                                37.05936
                            ],
                            [
                                113.161457,
                                37.053445
                            ],
                            [
                                113.163184,
                                37.050632
                            ],
                            [
                                113.165049,
                                37.049818
                            ],
                            [
                                113.167549,
                                37.049914
                            ],
                            [
                                113.168667,
                                37.049403
                            ],
                            [
                                113.169772,
                                37.046893
                            ],
                            [
                                113.170125,
                                37.043387
                            ],
                            [
                                113.168605,
                                37.039589
                            ],
                            [
                                113.168094,
                                37.037392
                            ],
                            [
                                113.16721,
                                37.035387
                            ],
                            [
                                113.164696,
                                37.031993
                            ],
                            [
                                113.163446,
                                37.030902
                            ],
                            [
                                113.161437,
                                37.027805
                            ],
                            [
                                113.160912,
                                37.023198
                            ],
                            [
                                113.161036,
                                37.022192
                            ],
                            [
                                113.162397,
                                37.020484
                            ],
                            [
                                113.16364,
                                37.019883
                            ],
                            [
                                113.171727,
                                37.018638
                            ],
                            [
                                113.176699,
                                37.018212
                            ],
                            [
                                113.181057,
                                37.017483
                            ],
                            [
                                113.183674,
                                37.017579
                            ],
                            [
                                113.188653,
                                37.017153
                            ],
                            [
                                113.187887,
                                37.014243
                            ],
                            [
                                113.18625,
                                37.011348
                            ],
                            [
                                113.184006,
                                37.009762
                            ],
                            [
                                113.181996,
                                37.007133
                            ],
                            [
                                113.181119,
                                37.005095
                            ],
                            [
                                113.181154,
                                37.003083
                            ],
                            [
                                113.181706,
                                36.998554
                            ],
                            [
                                113.181119,
                                36.994418
                            ],
                            [
                                113.181278,
                                36.990676
                            ],
                            [
                                113.184876,
                                36.989292
                            ],
                            [
                                113.191678,
                                36.990468
                            ],
                            [
                                113.19721,
                                36.991011
                            ],
                            [
                                113.198819,
                                36.989718
                            ],
                            [
                                113.205635,
                                36.978437
                            ],
                            [
                                113.208474,
                                36.972778
                            ],
                            [
                                113.212086,
                                36.96232
                            ],
                            [
                                113.213163,
                                36.9511
                            ],
                            [
                                113.214662,
                                36.946669
                            ],
                            [
                                113.223715,
                                36.944666
                            ],
                            [
                                113.225718,
                                36.938914
                            ],
                            [
                                113.22605,
                                36.93356
                            ],
                            [
                                113.227762,
                                36.931264
                            ],
                            [
                                113.232161,
                                36.930225
                            ],
                            [
                                113.233784,
                                36.930849
                            ],
                            [
                                113.233681,
                                36.933725
                            ],
                            [
                                113.234565,
                                36.935361
                            ],
                            [
                                113.237811,
                                36.937561
                            ],
                            [
                                113.241754,
                                36.93926
                            ],
                            [
                                113.248218,
                                36.94285
                            ],
                            [
                                113.252852,
                                36.94775
                            ],
                            [
                                113.254447,
                                36.947595
                            ],
                            [
                                113.255828,
                                36.944496
                            ],
                            [
                                113.258322,
                                36.942062
                            ],
                            [
                                113.260904,
                                36.941619
                            ],
                            [
                                113.262769,
                                36.942871
                            ],
                            [
                                113.262935,
                                36.945097
                            ],
                            [
                                113.263453,
                                36.947164
                            ],
                            [
                                113.26433,
                                36.949156
                            ],
                            [
                                113.26857,
                                36.952522
                            ],
                            [
                                113.271353,
                                36.955222
                            ],
                            [
                                113.27252,
                                36.955478
                            ],
                            [
                                113.275338,
                                36.955025
                            ],
                            [
                                113.280469,
                                36.955914
                            ],
                            [
                                113.286146,
                                36.96469
                            ],
                            [
                                113.288895,
                                36.971362
                            ],
                            [
                                113.294205,
                                36.977421
                            ],
                            [
                                113.299854,
                                36.979598
                            ],
                            [
                                113.304613,
                                36.97979
                            ],
                            [
                                113.311919,
                                36.976542
                            ],
                            [
                                113.318439,
                                36.964344
                            ],
                            [
                                113.322693,
                                36.958146
                            ],
                            [
                                113.32705,
                                36.952634
                            ],
                            [
                                113.33118,
                                36.947611
                            ],
                            [
                                113.338922,
                                36.94154
                            ],
                            [
                                113.343956,
                                36.936655
                            ],
                            [
                                113.348659,
                                36.933427
                            ],
                            [
                                113.353908,
                                36.928057
                            ],
                            [
                                113.358818,
                                36.922495
                            ],
                            [
                                113.36821,
                                36.917828
                            ],
                            [
                                113.367547,
                                36.916272
                            ],
                            [
                                113.365075,
                                36.913187
                            ],
                            [
                                113.365489,
                                36.911807
                            ],
                            [
                                113.36935,
                                36.909787
                            ],
                            [
                                113.372906,
                                36.90716
                            ],
                            [
                                113.372969,
                                36.9061
                            ],
                            [
                                113.372209,
                                36.904048
                            ],
                            [
                                113.371277,
                                36.900408
                            ],
                            [
                                113.370255,
                                36.894605
                            ],
                            [
                                113.3658,
                                36.889029
                            ],
                            [
                                113.365303,
                                36.88766
                            ],
                            [
                                113.362237,
                                36.881551
                            ],
                            [
                                113.360994,
                                36.878635
                            ],
                            [
                                113.361132,
                                36.878118
                            ],
                            [
                                113.363197,
                                36.877302
                            ],
                            [
                                113.37147,
                                36.876295
                            ],
                            [
                                113.375061,
                                36.87783
                            ],
                            [
                                113.378348,
                                36.878902
                            ],
                            [
                                113.384053,
                                36.8726
                            ],
                            [
                                113.389426,
                                36.868138
                            ],
                            [
                                113.399011,
                                36.863025
                            ],
                            [
                                113.409577,
                                36.860588
                            ],
                            [
                                113.41801,
                                36.859287
                            ],
                            [
                                113.429536,
                                36.853736
                            ],
                            [
                                113.437077,
                                36.848574
                            ],
                            [
                                113.442112,
                                36.843897
                            ],
                            [
                                113.448168,
                                36.840275
                            ],
                            [
                                113.454184,
                                36.834574
                            ],
                            [
                                113.461794,
                                36.826156
                            ],
                            [
                                113.471428,
                                36.821697
                            ],
                            [
                                113.478431,
                                36.820518
                            ],
                            [
                                113.485033,
                                36.81682
                            ],
                            [
                                113.49015,
                                36.812819
                            ],
                            [
                                113.495309,
                                36.807195
                            ],
                            [
                                113.497919,
                                36.799986
                            ],
                            [
                                113.500751,
                                36.790434
                            ],
                            [
                                113.504314,
                                36.781969
                            ],
                            [
                                113.506966,
                                36.776828
                            ],
                            [
                                113.510461,
                                36.769755
                            ],
                            [
                                113.513707,
                                36.76479
                            ],
                            [
                                113.521863,
                                36.754454
                            ],
                            [
                                113.527325,
                                36.750882
                            ],
                            [
                                113.53727,
                                36.74661
                            ],
                            [
                                113.543513,
                                36.74434
                            ],
                            [
                                113.549328,
                                36.752302
                            ],
                            [
                                113.55544,
                                36.754678
                            ],
                            [
                                113.562926,
                                36.756686
                            ],
                            [
                                113.569169,
                                36.758122
                            ],
                            [
                                113.575529,
                                36.758394
                            ],
                            [
                                113.582359,
                                36.75793
                            ],
                            [
                                113.590343,
                                36.753872
                            ],
                            [
                                113.599956,
                                36.752895
                            ],
                            [
                                113.610964,
                                36.757102
                            ],
                            [
                                113.61968,
                                36.763167
                            ],
                            [
                                113.628216,
                                36.76809
                            ],
                            [
                                113.633761,
                                36.772163
                            ],
                            [
                                113.641316,
                                36.778126
                            ],
                            [
                                113.655764,
                                36.7857
                            ],
                            [
                                113.664099,
                                36.787418
                            ],
                            [
                                113.673713,
                                36.78808
                            ],
                            [
                                113.68095,
                                36.790129
                            ],
                            [
                                113.679127,
                                36.798647
                            ],
                            [
                                113.673892,
                                36.807505
                            ],
                            [
                                113.677483,
                                36.815705
                            ],
                            [
                                113.681654,
                                36.82016
                            ],
                            [
                                113.684106,
                                36.824769
                            ],
                            [
                                113.68057,
                                36.831608
                            ],
                            [
                                113.676461,
                                36.838499
                            ],
                            [
                                113.674666,
                                36.84539
                            ],
                            [
                                113.676282,
                                36.855645
                            ],
                            [
                                113.682573,
                                36.860801
                            ],
                            [
                                113.689976,
                                36.869322
                            ],
                            [
                                113.691944,
                                36.8763
                            ],
                            [
                                113.696931,
                                36.882287
                            ],
                            [
                                113.70258,
                                36.885197
                            ],
                            [
                                113.710522,
                                36.88735
                            ],
                            [
                                113.713305,
                                36.883752
                            ],
                            [
                                113.715777,
                                36.881956
                            ],
                            [
                                113.718546,
                                36.880671
                            ],
                            [
                                113.721896,
                                36.880709
                            ],
                            [
                                113.726281,
                                36.882217
                            ],
                            [
                                113.72914,
                                36.882308
                            ],
                            [
                                113.730957,
                                36.880005
                            ],
                            [
                                113.731578,
                                36.878624
                            ],
                            [
                                113.732207,
                                36.873064
                            ],
                            [
                                113.732683,
                                36.871747
                            ],
                            [
                                113.732089,
                                36.870207
                            ],
                            [
                                113.732048,
                                36.86729
                            ],
                            [
                                113.731654,
                                36.864944
                            ],
                            [
                                113.731585,
                                36.860593
                            ],
                            [
                                113.731923,
                                36.8591
                            ],
                            [
                                113.738249,
                                36.857506
                            ],
                            [
                                113.739934,
                                36.856002
                            ],
                            [
                                113.739555,
                                36.854456
                            ],
                            [
                                113.740887,
                                36.853181
                            ],
                            [
                                113.742068,
                                36.851118
                            ],
                            [
                                113.743843,
                                36.850584
                            ],
                            [
                                113.748553,
                                36.850659
                            ],
                            [
                                113.75184,
                                36.851486
                            ],
                            [
                                113.753429,
                                36.852621
                            ],
                            [
                                113.754375,
                                36.853805
                            ],
                            [
                                113.754465,
                                36.855016
                            ],
                            [
                                113.756771,
                                36.860828
                            ],
                            [
                                113.758601,
                                36.863099
                            ],
                            [
                                113.76499,
                                36.863995
                            ],
                            [
                                113.766281,
                                36.863307
                            ],
                            [
                                113.769934,
                                36.858535
                            ],
                            [
                                113.770431,
                                36.854941
                            ],
                            [
                                113.772938,
                                36.855133
                            ],
                            [
                                113.774651,
                                36.860844
                            ],
                            [
                                113.770314,
                                36.865584
                            ],
                            [
                                113.771281,
                                36.869849
                            ],
                            [
                                113.772331,
                                36.871134
                            ],
                            [
                                113.77682,
                                36.87067
                            ],
                            [
                                113.779879,
                                36.868735
                            ],
                            [
                                113.784016,
                                36.868735
                            ],
                            [
                                113.785929,
                                36.869359
                            ],
                            [
                                113.786916,
                                36.870111
                            ],
                            [
                                113.791143,
                                36.874989
                            ],
                            [
                                113.794002,
                                36.8821
                            ],
                            [
                                113.792835,
                                36.894727
                            ],
                            [
                                113.790238,
                                36.900094
                            ],
                            [
                                113.78586,
                                36.907027
                            ],
                            [
                                113.781005,
                                36.914471
                            ],
                            [
                                113.778822,
                                36.918707
                            ],
                            [
                                113.780231,
                                36.923385
                            ],
                            [
                                113.78481,
                                36.927002
                            ],
                            [
                                113.784858,
                                36.933406
                            ],
                            [
                                113.783063,
                                36.934002
                            ],
                            [
                                113.779858,
                                36.932063
                            ],
                            [
                                113.777338,
                                36.931621
                            ],
                            [
                                113.773891,
                                36.931706
                            ],
                            [
                                113.769727,
                                36.936884
                            ],
                            [
                                113.766088,
                                36.947505
                            ],
                            [
                                113.761675,
                                36.956058
                            ],
                            [
                                113.763601,
                                36.960952
                            ],
                            [
                                113.770563,
                                36.964871
                            ],
                            [
                                113.777483,
                                36.96855
                            ],
                            [
                                113.779057,
                                36.974013
                            ],
                            [
                                113.780694,
                                36.977415
                            ],
                            [
                                113.782558,
                                36.98053
                            ],
                            [
                                113.79175,
                                36.987679
                            ],
                            [
                                113.794941,
                                36.994982
                            ],
                            [
                                113.79144,
                                37.000209
                            ],
                            [
                                113.778746,
                                37.007314
                            ],
                            [
                                113.771889,
                                37.016823
                            ],
                            [
                                113.775646,
                                37.025927
                            ],
                            [
                                113.782331,
                                37.033567
                            ],
                            [
                                113.786785,
                                37.037967
                            ],
                            [
                                113.790176,
                                37.04294
                            ],
                            [
                                113.790376,
                                37.049632
                            ],
                            [
                                113.790348,
                                37.054961
                            ],
                            [
                                113.788235,
                                37.059812
                            ],
                            [
                                113.776813,
                                37.060529
                            ],
                            [
                                113.768767,
                                37.062518
                            ],
                            [
                                113.762531,
                                37.068714
                            ],
                            [
                                113.758153,
                                37.075647
                            ]
                        ]
                    ]
                ]
            }
        }
    ]
}