{
    "type": "FeatureCollection",
    "features": [
        {
            "type": "Feature",
            "properties": {
                "adcode": 140881,
                "name": "永济市",
                "center": [
                    110.447984,
                    34.865125
                ],
                "centroid": [
                    110.480322,
                    34.887096
                ],
                "childrenNum": 0,
                "level": "district",
                "acroutes": [
                    100000,
                    140000,
                    140800
                ],
                "parent": {
                    "adcode": 140800
                }
            },
            "geometry": {
                "type": "MultiPolygon",
                "coordinates": [
                    [
                        [
                            [
                                110.279575,
                                34.957098
                            ],
                            [
                                110.274661,
                                34.947271
                            ],
                            [
                                110.262179,
                                34.944337
                            ],
                            [
                                110.259611,
                                34.936638
                            ],
                            [
                                110.257466,
                                34.934991
                            ],
                            [
                                110.255949,
                                34.932336
                            ],
                            [
                                110.254053,
                                34.926011
                            ],
                            [
                                110.253674,
                                34.921456
                            ],
                            [
                                110.254346,
                                34.919163
                            ],
                            [
                                110.230969,
                                34.880719
                            ],
                            [
                                110.238835,
                                34.852046
                            ],
                            [
                                110.233705,
                                34.837394
                            ],
                            [
                                110.240374,
                                34.800332
                            ],
                            [
                                110.246875,
                                34.788856
                            ],
                            [
                                110.24318,
                                34.725794
                            ],
                            [
                                110.231413,
                                34.70122
                            ],
                            [
                                110.229593,
                                34.69264
                            ],
                            [
                                110.236614,
                                34.670407
                            ],
                            [
                                110.251252,
                                34.674008
                            ],
                            [
                                110.252363,
                                34.674125
                            ],
                            [
                                110.254649,
                                34.674184
                            ],
                            [
                                110.259227,
                                34.673727
                            ],
                            [
                                110.263257,
                                34.673731
                            ],
                            [
                                110.264503,
                                34.673852
                            ],
                            [
                                110.2679,
                                34.674761
                            ],
                            [
                                110.270121,
                                34.675058
                            ],
                            [
                                110.271855,
                                34.675644
                            ],
                            [
                                110.273442,
                                34.675574
                            ],
                            [
                                110.275972,
                                34.675179
                            ],
                            [
                                110.278101,
                                34.675382
                            ],
                            [
                                110.280712,
                                34.676058
                            ],
                            [
                                110.281796,
                                34.676913
                            ],
                            [
                                110.282533,
                                34.678787
                            ],
                            [
                                110.284098,
                                34.680337
                            ],
                            [
                                110.284732,
                                34.681864
                            ],
                            [
                                110.284851,
                                34.685288
                            ],
                            [
                                110.284553,
                                34.687143
                            ],
                            [
                                110.284613,
                                34.688025
                            ],
                            [
                                110.285193,
                                34.689786
                            ],
                            [
                                110.286092,
                                34.691515
                            ],
                            [
                                110.287658,
                                34.69314
                            ],
                            [
                                110.288421,
                                34.695638
                            ],
                            [
                                110.287674,
                                34.697676
                            ],
                            [
                                110.285214,
                                34.699827
                            ],
                            [
                                110.284808,
                                34.701006
                            ],
                            [
                                110.284954,
                                34.701685
                            ],
                            [
                                110.285659,
                                34.703063
                            ],
                            [
                                110.287311,
                                34.70414
                            ],
                            [
                                110.288828,
                                34.706478
                            ],
                            [
                                110.289613,
                                34.707969
                            ],
                            [
                                110.291417,
                                34.707981
                            ],
                            [
                                110.293313,
                                34.709043
                            ],
                            [
                                110.294549,
                                34.709999
                            ],
                            [
                                110.295291,
                                34.711443
                            ],
                            [
                                110.296938,
                                34.713633
                            ],
                            [
                                110.297642,
                                34.715869
                            ],
                            [
                                110.298265,
                                34.717419
                            ],
                            [
                                110.299305,
                                34.718176
                            ],
                            [
                                110.302881,
                                34.722434
                            ],
                            [
                                110.303076,
                                34.72403
                            ],
                            [
                                110.303038,
                                34.726309
                            ],
                            [
                                110.302225,
                                34.727987
                            ],
                            [
                                110.302805,
                                34.730488
                            ],
                            [
                                110.304018,
                                34.732147
                            ],
                            [
                                110.304267,
                                34.733407
                            ],
                            [
                                110.304863,
                                34.734258
                            ],
                            [
                                110.307393,
                                34.734207
                            ],
                            [
                                110.309062,
                                34.734812
                            ],
                            [
                                110.310498,
                                34.734769
                            ],
                            [
                                110.312134,
                                34.734406
                            ],
                            [
                                110.313174,
                                34.734652
                            ],
                            [
                                110.313412,
                                34.735186
                            ],
                            [
                                110.313271,
                                34.735877
                            ],
                            [
                                110.312529,
                                34.737231
                            ],
                            [
                                110.311348,
                                34.738078
                            ],
                            [
                                110.310801,
                                34.738647
                            ],
                            [
                                110.310535,
                                34.73967
                            ],
                            [
                                110.311289,
                                34.739974
                            ],
                            [
                                110.312356,
                                34.739794
                            ],
                            [
                                110.313472,
                                34.739311
                            ],
                            [
                                110.314073,
                                34.738784
                            ],
                            [
                                110.315547,
                                34.738078
                            ],
                            [
                                110.31773,
                                34.737727
                            ],
                            [
                                110.319025,
                                34.737715
                            ],
                            [
                                110.31948,
                                34.738386
                            ],
                            [
                                110.318299,
                                34.739311
                            ],
                            [
                                110.317004,
                                34.739705
                            ],
                            [
                                110.316018,
                                34.740278
                            ],
                            [
                                110.315249,
                                34.741855
                            ],
                            [
                                110.314685,
                                34.742709
                            ],
                            [
                                110.315628,
                                34.744422
                            ],
                            [
                                110.315774,
                                34.745577
                            ],
                            [
                                110.316728,
                                34.746064
                            ],
                            [
                                110.317871,
                                34.7464
                            ],
                            [
                                110.318152,
                                34.747266
                            ],
                            [
                                110.320569,
                                34.750106
                            ],
                            [
                                110.322069,
                                34.750738
                            ],
                            [
                                110.325991,
                                34.750368
                            ],
                            [
                                110.326468,
                                34.750005
                            ],
                            [
                                110.327026,
                                34.749002
                            ],
                            [
                                110.32721,
                                34.748159
                            ],
                            [
                                110.329014,
                                34.746552
                            ],
                            [
                                110.329469,
                                34.745222
                            ],
                            [
                                110.330716,
                                34.744555
                            ],
                            [
                                110.330813,
                                34.744317
                            ],
                            [
                                110.331783,
                                34.744488
                            ],
                            [
                                110.333013,
                                34.74372
                            ],
                            [
                                110.334524,
                                34.743591
                            ],
                            [
                                110.334925,
                                34.745116
                            ],
                            [
                                110.33519,
                                34.745456
                            ],
                            [
                                110.336556,
                                34.745604
                            ],
                            [
                                110.337314,
                                34.746583
                            ],
                            [
                                110.340895,
                                34.747894
                            ],
                            [
                                110.342114,
                                34.749127
                            ],
                            [
                                110.344947,
                                34.750052
                            ],
                            [
                                110.346042,
                                34.750114
                            ],
                            [
                                110.34803,
                                34.7513
                            ],
                            [
                                110.350408,
                                34.752084
                            ],
                            [
                                110.351914,
                                34.752759
                            ],
                            [
                                110.351968,
                                34.754538
                            ],
                            [
                                110.353539,
                                34.755572
                            ],
                            [
                                110.356768,
                                34.755907
                            ],
                            [
                                110.359845,
                                34.757163
                            ],
                            [
                                110.361465,
                                34.757955
                            ],
                            [
                                110.36322,
                                34.759207
                            ],
                            [
                                110.365783,
                                34.759434
                            ],
                            [
                                110.368611,
                                34.759016
                            ],
                            [
                                110.371639,
                                34.759071
                            ],
                            [
                                110.373633,
                                34.759523
                            ],
                            [
                                110.377474,
                                34.759843
                            ],
                            [
                                110.378931,
                                34.759843
                            ],
                            [
                                110.380177,
                                34.760132
                            ],
                            [
                                110.383108,
                                34.761103
                            ],
                            [
                                110.384495,
                                34.761798
                            ],
                            [
                                110.386158,
                                34.762831
                            ],
                            [
                                110.386689,
                                34.763428
                            ],
                            [
                                110.387539,
                                34.76392
                            ],
                            [
                                110.389479,
                                34.764317
                            ],
                            [
                                110.39241,
                                34.764044
                            ],
                            [
                                110.396164,
                                34.764302
                            ],
                            [
                                110.397562,
                                34.764856
                            ],
                            [
                                110.399366,
                                34.765179
                            ],
                            [
                                110.400969,
                                34.765176
                            ],
                            [
                                110.404035,
                                34.76484
                            ],
                            [
                                110.406446,
                                34.764411
                            ],
                            [
                                110.409875,
                                34.762699
                            ],
                            [
                                110.411008,
                                34.762671
                            ],
                            [
                                110.412606,
                                34.763323
                            ],
                            [
                                110.416875,
                                34.765686
                            ],
                            [
                                110.422498,
                                34.768202
                            ],
                            [
                                110.425624,
                                34.770316
                            ],
                            [
                                110.426805,
                                34.771342
                            ],
                            [
                                110.431014,
                                34.77447
                            ],
                            [
                                110.433003,
                                34.776404
                            ],
                            [
                                110.4342,
                                34.777894
                            ],
                            [
                                110.435868,
                                34.779552
                            ],
                            [
                                110.436838,
                                34.780059
                            ],
                            [
                                110.43862,
                                34.779797
                            ],
                            [
                                110.439774,
                                34.779977
                            ],
                            [
                                110.442283,
                                34.779688
                            ],
                            [
                                110.443594,
                                34.779392
                            ],
                            [
                                110.444726,
                                34.778514
                            ],
                            [
                                110.445452,
                                34.778144
                            ],
                            [
                                110.447018,
                                34.77766
                            ],
                            [
                                110.448031,
                                34.776728
                            ],
                            [
                                110.449954,
                                34.775734
                            ],
                            [
                                110.450588,
                                34.775597
                            ],
                            [
                                110.453367,
                                34.775741
                            ],
                            [
                                110.453708,
                                34.776092
                            ],
                            [
                                110.455355,
                                34.77846
                            ],
                            [
                                110.456141,
                                34.778815
                            ],
                            [
                                110.457966,
                                34.778089
                            ],
                            [
                                110.460019,
                                34.778257
                            ],
                            [
                                110.462674,
                                34.77908
                            ],
                            [
                                110.46438,
                                34.779813
                            ],
                            [
                                110.465377,
                                34.77986
                            ],
                            [
                                110.46651,
                                34.779505
                            ],
                            [
                                110.466927,
                                34.778842
                            ],
                            [
                                110.468557,
                                34.778206
                            ],
                            [
                                110.469164,
                                34.778518
                            ],
                            [
                                110.470605,
                                34.779657
                            ],
                            [
                                110.471532,
                                34.780039
                            ],
                            [
                                110.473758,
                                34.780106
                            ],
                            [
                                110.474424,
                                34.781564
                            ],
                            [
                                110.47553,
                                34.781322
                            ],
                            [
                                110.476721,
                                34.780297
                            ],
                            [
                                110.479316,
                                34.77929
                            ],
                            [
                                110.480665,
                                34.779271
                            ],
                            [
                                110.482394,
                                34.779497
                            ],
                            [
                                110.483412,
                                34.779883
                            ],
                            [
                                110.48416,
                                34.781225
                            ],
                            [
                                110.484517,
                                34.782672
                            ],
                            [
                                110.486202,
                                34.786688
                            ],
                            [
                                110.487795,
                                34.790155
                            ],
                            [
                                110.489951,
                                34.791208
                            ],
                            [
                                110.491007,
                                34.792635
                            ],
                            [
                                110.491912,
                                34.794347
                            ],
                            [
                                110.4924,
                                34.795941
                            ],
                            [
                                110.493575,
                                34.797602
                            ],
                            [
                                110.495731,
                                34.79931
                            ],
                            [
                                110.497806,
                                34.801139
                            ],
                            [
                                110.499746,
                                34.802503
                            ],
                            [
                                110.501024,
                                34.803069
                            ],
                            [
                                110.503451,
                                34.803384
                            ],
                            [
                                110.504936,
                                34.803938
                            ],
                            [
                                110.50577,
                                34.804846
                            ],
                            [
                                110.506041,
                                34.805899
                            ],
                            [
                                110.506561,
                                34.806843
                            ],
                            [
                                110.507151,
                                34.806999
                            ],
                            [
                                110.50876,
                                34.806476
                            ],
                            [
                                110.510326,
                                34.805427
                            ],
                            [
                                110.512374,
                                34.804231
                            ],
                            [
                                110.514584,
                                34.803595
                            ],
                            [
                                110.515917,
                                34.802932
                            ],
                            [
                                110.51946,
                                34.802047
                            ],
                            [
                                110.52109,
                                34.801221
                            ],
                            [
                                110.522288,
                                34.801201
                            ],
                            [
                                110.523322,
                                34.801533
                            ],
                            [
                                110.524866,
                                34.802449
                            ],
                            [
                                110.527407,
                                34.80331
                            ],
                            [
                                110.531237,
                                34.803205
                            ],
                            [
                                110.534526,
                                34.802963
                            ],
                            [
                                110.537175,
                                34.802944
                            ],
                            [
                                110.539764,
                                34.80377
                            ],
                            [
                                110.542175,
                                34.804655
                            ],
                            [
                                110.544358,
                                34.804885
                            ],
                            [
                                110.545588,
                                34.804796
                            ],
                            [
                                110.547425,
                                34.803907
                            ],
                            [
                                110.548557,
                                34.803505
                            ],
                            [
                                110.552826,
                                34.800761
                            ],
                            [
                                110.553747,
                                34.799876
                            ],
                            [
                                110.557024,
                                34.796015
                            ],
                            [
                                110.558823,
                                34.794803
                            ],
                            [
                                110.560481,
                                34.794452
                            ],
                            [
                                110.564165,
                                34.794386
                            ],
                            [
                                110.565617,
                                34.794499
                            ],
                            [
                                110.567415,
                                34.794202
                            ],
                            [
                                110.569495,
                                34.793107
                            ],
                            [
                                110.570324,
                                34.792467
                            ],
                            [
                                110.573726,
                                34.790915
                            ],
                            [
                                110.575942,
                                34.79028
                            ],
                            [
                                110.577958,
                                34.790042
                            ],
                            [
                                110.580937,
                                34.790202
                            ],
                            [
                                110.583299,
                                34.790143
                            ],
                            [
                                110.588299,
                                34.790412
                            ],
                            [
                                110.590244,
                                34.790923
                            ],
                            [
                                110.592671,
                                34.792233
                            ],
                            [
                                110.593636,
                                34.793224
                            ],
                            [
                                110.595689,
                                34.795668
                            ],
                            [
                                110.596556,
                                34.795727
                            ],
                            [
                                110.598826,
                                34.795099
                            ],
                            [
                                110.599784,
                                34.7946
                            ],
                            [
                                110.602168,
                                34.79375
                            ],
                            [
                                110.60388,
                                34.793368
                            ],
                            [
                                110.606616,
                                34.792038
                            ],
                            [
                                110.608355,
                                34.791407
                            ],
                            [
                                110.610311,
                                34.791418
                            ],
                            [
                                110.612624,
                                34.791223
                            ],
                            [
                                110.61763,
                                34.791321
                            ],
                            [
                                110.624168,
                                34.791886
                            ],
                            [
                                110.625696,
                                34.792175
                            ],
                            [
                                110.627782,
                                34.791648
                            ],
                            [
                                110.629586,
                                34.790674
                            ],
                            [
                                110.635756,
                                34.787651
                            ],
                            [
                                110.638346,
                                34.786103
                            ],
                            [
                                110.640031,
                                34.784582
                            ],
                            [
                                110.640973,
                                34.784005
                            ],
                            [
                                110.641976,
                                34.7836
                            ],
                            [
                                110.643753,
                                34.783237
                            ],
                            [
                                110.645567,
                                34.782406
                            ],
                            [
                                110.646673,
                                34.782488
                            ],
                            [
                                110.647518,
                                34.78227
                            ],
                            [
                                110.649896,
                                34.78117
                            ],
                            [
                                110.651673,
                                34.780597
                            ],
                            [
                                110.653878,
                                34.780035
                            ],
                            [
                                110.655053,
                                34.780285
                            ],
                            [
                                110.656451,
                                34.780347
                            ],
                            [
                                110.660498,
                                34.782383
                            ],
                            [
                                110.661565,
                                34.783179
                            ],
                            [
                                110.663255,
                                34.783257
                            ],
                            [
                                110.663792,
                                34.783826
                            ],
                            [
                                110.664426,
                                34.787223
                            ],
                            [
                                110.665022,
                                34.788053
                            ],
                            [
                                110.667492,
                                34.789032
                            ],
                            [
                                110.66838,
                                34.788837
                            ],
                            [
                                110.670201,
                                34.789324
                            ],
                            [
                                110.671848,
                                34.790155
                            ],
                            [
                                110.672693,
                                34.791574
                            ],
                            [
                                110.672828,
                                34.795275
                            ],
                            [
                                110.673196,
                                34.797513
                            ],
                            [
                                110.673689,
                                34.798211
                            ],
                            [
                                110.67753,
                                34.799384
                            ],
                            [
                                110.683668,
                                34.802039
                            ],
                            [
                                110.68687,
                                34.80416
                            ],
                            [
                                110.690652,
                                34.805591
                            ],
                            [
                                110.692342,
                                34.806492
                            ],
                            [
                                110.694287,
                                34.806632
                            ],
                            [
                                110.694991,
                                34.806246
                            ],
                            [
                                110.696692,
                                34.803774
                            ],
                            [
                                110.698057,
                                34.798402
                            ],
                            [
                                110.700018,
                                34.796168
                            ],
                            [
                                110.702315,
                                34.794304
                            ],
                            [
                                110.70393,
                                34.793341
                            ],
                            [
                                110.704905,
                                34.792962
                            ],
                            [
                                110.705864,
                                34.793259
                            ],
                            [
                                110.707332,
                                34.794838
                            ],
                            [
                                110.709948,
                                34.797127
                            ],
                            [
                                110.712917,
                                34.798842
                            ],
                            [
                                110.715079,
                                34.799454
                            ],
                            [
                                110.717013,
                                34.800511
                            ],
                            [
                                110.7197,
                                34.801622
                            ],
                            [
                                110.721726,
                                34.80232
                            ],
                            [
                                110.722923,
                                34.803498
                            ],
                            [
                                110.724359,
                                34.805817
                            ],
                            [
                                110.725247,
                                34.807026
                            ],
                            [
                                110.726721,
                                34.807965
                            ],
                            [
                                110.728763,
                                34.808071
                            ],
                            [
                                110.731277,
                                34.808492
                            ],
                            [
                                110.735264,
                                34.808293
                            ],
                            [
                                110.739582,
                                34.809482
                            ],
                            [
                                110.744918,
                                34.809825
                            ],
                            [
                                110.746803,
                                34.810273
                            ],
                            [
                                110.750146,
                                34.811295
                            ],
                            [
                                110.75098,
                                34.811462
                            ],
                            [
                                110.753142,
                                34.811458
                            ],
                            [
                                110.756614,
                                34.811727
                            ],
                            [
                                110.760309,
                                34.813614
                            ],
                            [
                                110.761208,
                                34.813891
                            ],
                            [
                                110.764134,
                                34.814343
                            ],
                            [
                                110.767406,
                                34.815357
                            ],
                            [
                                110.76901,
                                34.81701
                            ],
                            [
                                110.769367,
                                34.818842
                            ],
                            [
                                110.768062,
                                34.821196
                            ],
                            [
                                110.766415,
                                34.825612
                            ],
                            [
                                110.765873,
                                34.82797
                            ],
                            [
                                110.765678,
                                34.829681
                            ],
                            [
                                110.765055,
                                34.831299
                            ],
                            [
                                110.764361,
                                34.832562
                            ],
                            [
                                110.76305,
                                34.833996
                            ],
                            [
                                110.76259,
                                34.834343
                            ],
                            [
                                110.761783,
                                34.836732
                            ],
                            [
                                110.758397,
                                34.839592
                            ],
                            [
                                110.75636,
                                34.840866
                            ],
                            [
                                110.755547,
                                34.84347
                            ],
                            [
                                110.754328,
                                34.84663
                            ],
                            [
                                110.753678,
                                34.850285
                            ],
                            [
                                110.753803,
                                34.853227
                            ],
                            [
                                110.75351,
                                34.855643
                            ],
                            [
                                110.752096,
                                34.859141
                            ],
                            [
                                110.750888,
                                34.860552
                            ],
                            [
                                110.750021,
                                34.861374
                            ],
                            [
                                110.749572,
                                34.862032
                            ],
                            [
                                110.749079,
                                34.864802
                            ],
                            [
                                110.750319,
                                34.866053
                            ],
                            [
                                110.75156,
                                34.867136
                            ],
                            [
                                110.751896,
                                34.867907
                            ],
                            [
                                110.752026,
                                34.869664
                            ],
                            [
                                110.752551,
                                34.871004
                            ],
                            [
                                110.752503,
                                34.87192
                            ],
                            [
                                110.751007,
                                34.874502
                            ],
                            [
                                110.748705,
                                34.876625
                            ],
                            [
                                110.745027,
                                34.881479
                            ],
                            [
                                110.742832,
                                34.88315
                            ],
                            [
                                110.74007,
                                34.884392
                            ],
                            [
                                110.739441,
                                34.886456
                            ],
                            [
                                110.740238,
                                34.890118
                            ],
                            [
                                110.741549,
                                34.894553
                            ],
                            [
                                110.744794,
                                34.896407
                            ],
                            [
                                110.74844,
                                34.898911
                            ],
                            [
                                110.749648,
                                34.900009
                            ],
                            [
                                110.750688,
                                34.904959
                            ],
                            [
                                110.752763,
                                34.910176
                            ],
                            [
                                110.756322,
                                34.912057
                            ],
                            [
                                110.763533,
                                34.912828
                            ],
                            [
                                110.765705,
                                34.911781
                            ],
                            [
                                110.768381,
                                34.911006
                            ],
                            [
                                110.770212,
                                34.91108
                            ],
                            [
                                110.771052,
                                34.911481
                            ],
                            [
                                110.771334,
                                34.919147
                            ],
                            [
                                110.771063,
                                34.925719
                            ],
                            [
                                110.770071,
                                34.926493
                            ],
                            [
                                110.76817,
                                34.926489
                            ],
                            [
                                110.765662,
                                34.926221
                            ],
                            [
                                110.760775,
                                34.925076
                            ],
                            [
                                110.755119,
                                34.92547
                            ],
                            [
                                110.749328,
                                34.926816
                            ],
                            [
                                110.748077,
                                34.928529
                            ],
                            [
                                110.7476,
                                34.941947
                            ],
                            [
                                110.746061,
                                34.948844
                            ],
                            [
                                110.743174,
                                34.956627
                            ],
                            [
                                110.74241,
                                34.959744
                            ],
                            [
                                110.741521,
                                34.962845
                            ],
                            [
                                110.742085,
                                34.965565
                            ],
                            [
                                110.744133,
                                34.968094
                            ],
                            [
                                110.745861,
                                34.970966
                            ],
                            [
                                110.747719,
                                34.974923
                            ],
                            [
                                110.749984,
                                34.977572
                            ],
                            [
                                110.753548,
                                34.979078
                            ],
                            [
                                110.757904,
                                34.981221
                            ],
                            [
                                110.762352,
                                34.984127
                            ],
                            [
                                110.764919,
                                34.986917
                            ],
                            [
                                110.765976,
                                34.989235
                            ],
                            [
                                110.765261,
                                34.992129
                            ],
                            [
                                110.762444,
                                34.993775
                            ],
                            [
                                110.760228,
                                34.99698
                            ],
                            [
                                110.758874,
                                34.999278
                            ],
                            [
                                110.757828,
                                35.002083
                            ],
                            [
                                110.75785,
                                35.003915
                            ],
                            [
                                110.758305,
                                35.006602
                            ],
                            [
                                110.758164,
                                35.01102
                            ],
                            [
                                110.758473,
                                35.013482
                            ],
                            [
                                110.759291,
                                35.017028
                            ],
                            [
                                110.759724,
                                35.018339
                            ],
                            [
                                110.76058,
                                35.019544
                            ],
                            [
                                110.761636,
                                35.020271
                            ],
                            [
                                110.763191,
                                35.021861
                            ],
                            [
                                110.768972,
                                35.022522
                            ],
                            [
                                110.768354,
                                35.028374
                            ],
                            [
                                110.766339,
                                35.032247
                            ],
                            [
                                110.764529,
                                35.032717
                            ],
                            [
                                110.759897,
                                35.031761
                            ],
                            [
                                110.756544,
                                35.033677
                            ],
                            [
                                110.754068,
                                35.037258
                            ],
                            [
                                110.753835,
                                35.040465
                            ],
                            [
                                110.753532,
                                35.042269
                            ],
                            [
                                110.751462,
                                35.043288
                            ],
                            [
                                110.751403,
                                35.043443
                            ],
                            [
                                110.749025,
                                35.043455
                            ],
                            [
                                110.745763,
                                35.041527
                            ],
                            [
                                110.742296,
                                35.040119
                            ],
                            [
                                110.740227,
                                35.039696
                            ],
                            [
                                110.736185,
                                35.040633
                            ],
                            [
                                110.731385,
                                35.041433
                            ],
                            [
                                110.717593,
                                35.038572
                            ],
                            [
                                110.705533,
                                35.035594
                            ],
                            [
                                110.703133,
                                35.034432
                            ],
                            [
                                110.701714,
                                35.031489
                            ],
                            [
                                110.699796,
                                35.030723
                            ],
                            [
                                110.699021,
                                35.030264
                            ],
                            [
                                110.698453,
                                35.029521
                            ],
                            [
                                110.698361,
                                35.02832
                            ],
                            [
                                110.698956,
                                35.025734
                            ],
                            [
                                110.699433,
                                35.024583
                            ],
                            [
                                110.700322,
                                35.023312
                            ],
                            [
                                110.701627,
                                35.022161
                            ],
                            [
                                110.702532,
                                35.021698
                            ],
                            [
                                110.704482,
                                35.021391
                            ],
                            [
                                110.705663,
                                35.020703
                            ],
                            [
                                110.706693,
                                35.019711
                            ],
                            [
                                110.707159,
                                35.01828
                            ],
                            [
                                110.707343,
                                35.01667
                            ],
                            [
                                110.707874,
                                35.014547
                            ],
                            [
                                110.708459,
                                35.011619
                            ],
                            [
                                110.708247,
                                35.011109
                            ],
                            [
                                110.705983,
                                35.008943
                            ],
                            [
                                110.704504,
                                35.00815
                            ],
                            [
                                110.702613,
                                35.007594
                            ],
                            [
                                110.69576,
                                35.006384
                            ],
                            [
                                110.694081,
                                35.006221
                            ],
                            [
                                110.690305,
                                35.00533
                            ],
                            [
                                110.688826,
                                35.004891
                            ],
                            [
                                110.683354,
                                35.002915
                            ],
                            [
                                110.680889,
                                35.001503
                            ],
                            [
                                110.678137,
                                34.999691
                            ],
                            [
                                110.677606,
                                34.999134
                            ],
                            [
                                110.677368,
                                34.997026
                            ],
                            [
                                110.677595,
                                34.995264
                            ],
                            [
                                110.676799,
                                34.99484
                            ],
                            [
                                110.675791,
                                34.994786
                            ],
                            [
                                110.671761,
                                34.994125
                            ],
                            [
                                110.670937,
                                34.994078
                            ],
                            [
                                110.669448,
                                34.992596
                            ],
                            [
                                110.668825,
                                34.992402
                            ],
                            [
                                110.665991,
                                34.991853
                            ],
                            [
                                110.666007,
                                34.990671
                            ],
                            [
                                110.665531,
                                34.990165
                            ],
                            [
                                110.664279,
                                34.990079
                            ],
                            [
                                110.663803,
                                34.989589
                            ],
                            [
                                110.663402,
                                34.988103
                            ],
                            [
                                110.662741,
                                34.987605
                            ],
                            [
                                110.662259,
                                34.987535
                            ],
                            [
                                110.66079,
                                34.988523
                            ],
                            [
                                110.659853,
                                34.988936
                            ],
                            [
                                110.657887,
                                34.989091
                            ],
                            [
                                110.656597,
                                34.989087
                            ],
                            [
                                110.655416,
                                34.988278
                            ],
                            [
                                110.655465,
                                34.986683
                            ],
                            [
                                110.654777,
                                34.985392
                            ],
                            [
                                110.653954,
                                34.984987
                            ],
                            [
                                110.652085,
                                34.984684
                            ],
                            [
                                110.650904,
                                34.983209
                            ],
                            [
                                110.65014,
                                34.983174
                            ],
                            [
                                110.649067,
                                34.983536
                            ],
                            [
                                110.648428,
                                34.984155
                            ],
                            [
                                110.64547,
                                34.984781
                            ],
                            [
                                110.643579,
                                34.985096
                            ],
                            [
                                110.641022,
                                34.985065
                            ],
                            [
                                110.638996,
                                34.985314
                            ],
                            [
                                110.638319,
                                34.986108
                            ],
                            [
                                110.638303,
                                34.987737
                            ],
                            [
                                110.638075,
                                34.987994
                            ],
                            [
                                110.635133,
                                34.988212
                            ],
                            [
                                110.634684,
                                34.988375
                            ],
                            [
                                110.633421,
                                34.990212
                            ],
                            [
                                110.632918,
                                34.99076
                            ],
                            [
                                110.629857,
                                34.991118
                            ],
                            [
                                110.628876,
                                34.990869
                            ],
                            [
                                110.628058,
                                34.989986
                            ],
                            [
                                110.626298,
                                34.989434
                            ],
                            [
                                110.623914,
                                34.989185
                            ],
                            [
                                110.622885,
                                34.98885
                            ],
                            [
                                110.622652,
                                34.986465
                            ],
                            [
                                110.621671,
                                34.985579
                            ],
                            [
                                110.619889,
                                34.984563
                            ],
                            [
                                110.617803,
                                34.984334
                            ],
                            [
                                110.615869,
                                34.984692
                            ],
                            [
                                110.611595,
                                34.986181
                            ],
                            [
                                110.608658,
                                34.987084
                            ],
                            [
                                110.600592,
                                34.988305
                            ],
                            [
                                110.595943,
                                34.992075
                            ],
                            [
                                110.593078,
                                34.993382
                            ],
                            [
                                110.590315,
                                34.993374
                            ],
                            [
                                110.5874,
                                34.991756
                            ],
                            [
                                110.583651,
                                34.991149
                            ],
                            [
                                110.582064,
                                34.98936
                            ],
                            [
                                110.581679,
                                34.985909
                            ],
                            [
                                110.58071,
                                34.984186
                            ],
                            [
                                110.57351,
                                34.981743
                            ],
                            [
                                110.564495,
                                34.980922
                            ],
                            [
                                110.559825,
                                34.980288
                            ],
                            [
                                110.556369,
                                34.980393
                            ],
                            [
                                110.5521,
                                34.980969
                            ],
                            [
                                110.544028,
                                34.980957
                            ],
                            [
                                110.539521,
                                34.98289
                            ],
                            [
                                110.53556,
                                34.985575
                            ],
                            [
                                110.534342,
                                34.986804
                            ],
                            [
                                110.528767,
                                34.988418
                            ],
                            [
                                110.526264,
                                34.988749
                            ],
                            [
                                110.523989,
                                34.991091
                            ],
                            [
                                110.522651,
                                34.993401
                            ],
                            [
                                110.520332,
                                34.994136
                            ],
                            [
                                110.51842,
                                34.993911
                            ],
                            [
                                110.515586,
                                34.994156
                            ],
                            [
                                110.51278,
                                34.99493
                            ],
                            [
                                110.511041,
                                34.996287
                            ],
                            [
                                110.509096,
                                34.996754
                            ],
                            [
                                110.506214,
                                34.996353
                            ],
                            [
                                110.504605,
                                34.995988
                            ],
                            [
                                110.503343,
                                34.994074
                            ],
                            [
                                110.503224,
                                34.99176
                            ],
                            [
                                110.504269,
                                34.987881
                            ],
                            [
                                110.503695,
                                34.985119
                            ],
                            [
                                110.502162,
                                34.984314
                            ],
                            [
                                110.498066,
                                34.985018
                            ],
                            [
                                110.495222,
                                34.985929
                            ],
                            [
                                110.49286,
                                34.988337
                            ],
                            [
                                110.489019,
                                34.991227
                            ],
                            [
                                110.484181,
                                34.992359
                            ],
                            [
                                110.481944,
                                34.993491
                            ],
                            [
                                110.480785,
                                34.996276
                            ],
                            [
                                110.4804,
                                34.998341
                            ],
                            [
                                110.477296,
                                35.001612
                            ],
                            [
                                110.476537,
                                35.002192
                            ],
                            [
                                110.474251,
                                35.003187
                            ],
                            [
                                110.473845,
                                35.003537
                            ],
                            [
                                110.471217,
                                35.004428
                            ],
                            [
                                110.469142,
                                35.004844
                            ],
                            [
                                110.462013,
                                35.006808
                            ],
                            [
                                110.460279,
                                35.007454
                            ],
                            [
                                110.458486,
                                35.00827
                            ],
                            [
                                110.455799,
                                35.009791
                            ],
                            [
                                110.453583,
                                35.01067
                            ],
                            [
                                110.452272,
                                35.011537
                            ],
                            [
                                110.450826,
                                35.012809
                            ],
                            [
                                110.449103,
                                35.013913
                            ],
                            [
                                110.445517,
                                35.016635
                            ],
                            [
                                110.442906,
                                35.019182
                            ],
                            [
                                110.442218,
                                35.019991
                            ],
                            [
                                110.4405,
                                35.021438
                            ],
                            [
                                110.439536,
                                35.02248
                            ],
                            [
                                110.438366,
                                35.02346
                            ],
                            [
                                110.433799,
                                35.02603
                            ],
                            [
                                110.432542,
                                35.026539
                            ],
                            [
                                110.411809,
                                35.03886
                            ],
                            [
                                110.392626,
                                35.049853
                            ],
                            [
                                110.391234,
                                35.050168
                            ],
                            [
                                110.388254,
                                35.051556
                            ],
                            [
                                110.387068,
                                35.052026
                            ],
                            [
                                110.386169,
                                35.052201
                            ],
                            [
                                110.384012,
                                35.053359
                            ],
                            [
                                110.382837,
                                35.054113
                            ],
                            [
                                110.381932,
                                35.054459
                            ],
                            [
                                110.380545,
                                35.054755
                            ],
                            [
                                110.377755,
                                35.054941
                            ],
                            [
                                110.375529,
                                35.055291
                            ],
                            [
                                110.374483,
                                35.055583
                            ],
                            [
                                110.363329,
                                35.056566
                            ],
                            [
                                110.361102,
                                35.056912
                            ],
                            [
                                110.355728,
                                35.057343
                            ],
                            [
                                110.351757,
                                35.057876
                            ],
                            [
                                110.346881,
                                35.058696
                            ],
                            [
                                110.343528,
                                35.058824
                            ],
                            [
                                110.337661,
                                35.059986
                            ],
                            [
                                110.333132,
                                35.04508
                            ],
                            [
                                110.320585,
                                35.038483
                            ],
                            [
                                110.322091,
                                35.017926
                            ],
                            [
                                110.320872,
                                35.005151
                            ],
                            [
                                110.301521,
                                34.988621
                            ],
                            [
                                110.299565,
                                34.979047
                            ],
                            [
                                110.287051,
                                34.967059
                            ],
                            [
                                110.279575,
                                34.957098
                            ]
                        ]
                    ]
                ]
            }
        }
    ]
}