{
    "type": "FeatureCollection",
    "features": [
        {
            "type": "Feature",
            "properties": {
                "adcode": 140802,
                "name": "盐湖区",
                "center": [
                    111.000627,
                    35.025643
                ],
                "centroid": [
                    110.956097,
                    35.056725
                ],
                "childrenNum": 0,
                "level": "district",
                "acroutes": [
                    100000,
                    140000,
                    140800
                ],
                "parent": {
                    "adcode": 140800
                }
            },
            "geometry": {
                "type": "MultiPolygon",
                "coordinates": [
                    [
                        [
                            [
                                111.079694,
                                35.286406
                            ],
                            [
                                111.077756,
                                35.288115
                            ],
                            [
                                111.075093,
                                35.289256
                            ],
                            [
                                111.072063,
                                35.289736
                            ],
                            [
                                111.070403,
                                35.291809
                            ],
                            [
                                111.06791,
                                35.294092
                            ],
                            [
                                111.067225,
                                35.296738
                            ],
                            [
                                111.06586,
                                35.297416
                            ],
                            [
                                111.063845,
                                35.296644
                            ],
                            [
                                111.062476,
                                35.296534
                            ],
                            [
                                111.059052,
                                35.296997
                            ],
                            [
                                111.058703,
                                35.298237
                            ],
                            [
                                111.056465,
                                35.299004
                            ],
                            [
                                111.054746,
                                35.300558
                            ],
                            [
                                111.054545,
                                35.303193
                            ],
                            [
                                111.05347,
                                35.304764
                            ],
                            [
                                111.052307,
                                35.305669
                            ],
                            [
                                111.052307,
                                35.307559
                            ],
                            [
                                111.050888,
                                35.310602
                            ],
                            [
                                111.050834,
                                35.31564
                            ],
                            [
                                111.051483,
                                35.317288
                            ],
                            [
                                111.051094,
                                35.31877
                            ],
                            [
                                111.051241,
                                35.320721
                            ],
                            [
                                111.050355,
                                35.321521
                            ],
                            [
                                111.049711,
                                35.32453
                            ],
                            [
                                111.050776,
                                35.324789
                            ],
                            [
                                111.05219,
                                35.324403
                            ],
                            [
                                111.053144,
                                35.325075
                            ],
                            [
                                111.051116,
                                35.325604
                            ],
                            [
                                111.049353,
                                35.329286
                            ],
                            [
                                111.05066,
                                35.330393
                            ],
                            [
                                111.047808,
                                35.336008
                            ],
                            [
                                111.044443,
                                35.338361
                            ],
                            [
                                111.042961,
                                35.33872
                            ],
                            [
                                111.040459,
                                35.337915
                            ],
                            [
                                111.038906,
                                35.33791
                            ],
                            [
                                111.035607,
                                35.338747
                            ],
                            [
                                111.033812,
                                35.339579
                            ],
                            [
                                111.032385,
                                35.340769
                            ],
                            [
                                111.030277,
                                35.34553
                            ],
                            [
                                111.02837,
                                35.346885
                            ],
                            [
                                111.028016,
                                35.34537
                            ],
                            [
                                111.026996,
                                35.345128
                            ],
                            [
                                111.025868,
                                35.346196
                            ],
                            [
                                111.024829,
                                35.348676
                            ],
                            [
                                111.025868,
                                35.349601
                            ],
                            [
                                111.027868,
                                35.349408
                            ],
                            [
                                111.027184,
                                35.350527
                            ],
                            [
                                111.025425,
                                35.350643
                            ],
                            [
                                111.024346,
                                35.351607
                            ],
                            [
                                111.025425,
                                35.353441
                            ],
                            [
                                111.024982,
                                35.354091
                            ],
                            [
                                111.022681,
                                35.353116
                            ],
                            [
                                111.020922,
                                35.353276
                            ],
                            [
                                111.018715,
                                35.355028
                            ],
                            [
                                111.017234,
                                35.355535
                            ],
                            [
                                111.014638,
                                35.354818
                            ],
                            [
                                111.015712,
                                35.353023
                            ],
                            [
                                111.014933,
                                35.352582
                            ],
                            [
                                111.012136,
                                35.353496
                            ],
                            [
                                111.010319,
                                35.353595
                            ],
                            [
                                111.010708,
                                35.355199
                            ],
                            [
                                111.008014,
                                35.354538
                            ],
                            [
                                111.004912,
                                35.355193
                            ],
                            [
                                111.000628,
                                35.359573
                            ],
                            [
                                111.000145,
                                35.360889
                            ],
                            [
                                110.999935,
                                35.364145
                            ],
                            [
                                111.002566,
                                35.36848
                            ],
                            [
                                111.003923,
                                35.369703
                            ],
                            [
                                111.00377,
                                35.370176
                            ],
                            [
                                111.001318,
                                35.371008
                            ],
                            [
                                110.998364,
                                35.37092
                            ],
                            [
                                110.989859,
                                35.357336
                            ],
                            [
                                110.985854,
                                35.346152
                            ],
                            [
                                110.984797,
                                35.341816
                            ],
                            [
                                110.98392,
                                35.339552
                            ],
                            [
                                110.981324,
                                35.334427
                            ],
                            [
                                110.975188,
                                35.329649
                            ],
                            [
                                110.97115,
                                35.325924
                            ],
                            [
                                110.966406,
                                35.320484
                            ],
                            [
                                110.958014,
                                35.317481
                            ],
                            [
                                110.955624,
                                35.315127
                            ],
                            [
                                110.957812,
                                35.310982
                            ],
                            [
                                110.958672,
                                35.307763
                            ],
                            [
                                110.958976,
                                35.305007
                            ],
                            [
                                110.958878,
                                35.303232
                            ],
                            [
                                110.957284,
                                35.300443
                            ],
                            [
                                110.956984,
                                35.299362
                            ],
                            [
                                110.955445,
                                35.299379
                            ],
                            [
                                110.952329,
                                35.301523
                            ],
                            [
                                110.952338,
                                35.302328
                            ],
                            [
                                110.949698,
                                35.303557
                            ],
                            [
                                110.94528,
                                35.303249
                            ],
                            [
                                110.944156,
                                35.302973
                            ],
                            [
                                110.940621,
                                35.301341
                            ],
                            [
                                110.939,
                                35.300277
                            ],
                            [
                                110.938557,
                                35.299246
                            ],
                            [
                                110.939766,
                                35.295845
                            ],
                            [
                                110.939878,
                                35.294649
                            ],
                            [
                                110.939166,
                                35.293904
                            ],
                            [
                                110.932846,
                                35.290431
                            ],
                            [
                                110.923585,
                                35.287057
                            ],
                            [
                                110.923451,
                                35.286042
                            ],
                            [
                                110.925635,
                                35.276431
                            ],
                            [
                                110.925197,
                                35.273812
                            ],
                            [
                                110.923075,
                                35.273558
                            ],
                            [
                                110.91958,
                                35.273619
                            ],
                            [
                                110.914204,
                                35.276122
                            ],
                            [
                                110.912257,
                                35.276326
                            ],
                            [
                                110.909048,
                                35.274727
                            ],
                            [
                                110.905942,
                                35.272814
                            ],
                            [
                                110.901054,
                                35.270431
                            ],
                            [
                                110.895732,
                                35.263085
                            ],
                            [
                                110.888812,
                                35.255816
                            ],
                            [
                                110.887801,
                                35.249246
                            ],
                            [
                                110.887962,
                                35.244508
                            ],
                            [
                                110.891914,
                                35.243851
                            ],
                            [
                                110.893839,
                                35.241887
                            ],
                            [
                                110.894349,
                                35.239018
                            ],
                            [
                                110.894054,
                                35.237755
                            ],
                            [
                                110.892317,
                                35.234506
                            ],
                            [
                                110.890853,
                                35.230174
                            ],
                            [
                                110.889479,
                                35.227151
                            ],
                            [
                                110.888311,
                                35.223774
                            ],
                            [
                                110.88738,
                                35.222411
                            ],
                            [
                                110.881378,
                                35.217787
                            ],
                            [
                                110.879601,
                                35.215971
                            ],
                            [
                                110.878303,
                                35.213344
                            ],
                            [
                                110.875398,
                                35.210452
                            ],
                            [
                                110.873013,
                                35.209166
                            ],
                            [
                                110.867279,
                                35.208096
                            ],
                            [
                                110.863985,
                                35.206986
                            ],
                            [
                                110.861939,
                                35.206032
                            ],
                            [
                                110.861013,
                                35.204376
                            ],
                            [
                                110.858529,
                                35.201373
                            ],
                            [
                                110.855194,
                                35.197752
                            ],
                            [
                                110.854832,
                                35.196775
                            ],
                            [
                                110.855302,
                                35.195738
                            ],
                            [
                                110.855472,
                                35.192983
                            ],
                            [
                                110.856318,
                                35.189312
                            ],
                            [
                                110.85621,
                                35.187248
                            ],
                            [
                                110.857687,
                                35.18345
                            ],
                            [
                                110.858466,
                                35.179662
                            ],
                            [
                                110.860977,
                                35.176068
                            ],
                            [
                                110.862906,
                                35.174561
                            ],
                            [
                                110.866299,
                                35.173197
                            ],
                            [
                                110.868783,
                                35.171734
                            ],
                            [
                                110.876638,
                                35.165853
                            ],
                            [
                                110.880411,
                                35.162258
                            ],
                            [
                                110.882246,
                                35.159597
                            ],
                            [
                                110.88222,
                                35.157708
                            ],
                            [
                                110.881159,
                                35.156515
                            ],
                            [
                                110.877641,
                                35.154494
                            ],
                            [
                                110.875734,
                                35.15297
                            ],
                            [
                                110.875224,
                                35.151876
                            ],
                            [
                                110.875094,
                                35.148098
                            ],
                            [
                                110.875421,
                                35.146436
                            ],
                            [
                                110.879297,
                                35.140482
                            ],
                            [
                                110.886181,
                                35.131063
                            ],
                            [
                                110.887792,
                                35.127147
                            ],
                            [
                                110.888983,
                                35.123009
                            ],
                            [
                                110.891149,
                                35.119368
                            ],
                            [
                                110.891677,
                                35.117185
                            ],
                            [
                                110.893821,
                                35.112174
                            ],
                            [
                                110.897115,
                                35.109157
                            ],
                            [
                                110.900665,
                                35.100238
                            ],
                            [
                                110.901757,
                                35.098447
                            ],
                            [
                                110.902383,
                                35.094026
                            ],
                            [
                                110.902907,
                                35.092473
                            ],
                            [
                                110.902647,
                                35.08909
                            ],
                            [
                                110.901609,
                                35.085437
                            ],
                            [
                                110.900669,
                                35.083552
                            ],
                            [
                                110.900884,
                                35.079307
                            ],
                            [
                                110.901502,
                                35.076703
                            ],
                            [
                                110.909777,
                                35.070125
                            ],
                            [
                                110.919665,
                                35.067289
                            ],
                            [
                                110.922529,
                                35.061561
                            ],
                            [
                                110.922426,
                                35.054605
                            ],
                            [
                                110.915457,
                                35.049949
                            ],
                            [
                                110.904854,
                                35.053549
                            ],
                            [
                                110.899581,
                                35.059957
                            ],
                            [
                                110.895844,
                                35.061671
                            ],
                            [
                                110.892174,
                                35.060317
                            ],
                            [
                                110.885057,
                                35.056231
                            ],
                            [
                                110.881056,
                                35.055291
                            ],
                            [
                                110.876289,
                                35.054821
                            ],
                            [
                                110.866536,
                                35.046006
                            ],
                            [
                                110.860019,
                                35.043839
                            ],
                            [
                                110.855969,
                                35.04312
                            ],
                            [
                                110.844792,
                                35.044342
                            ],
                            [
                                110.842331,
                                35.043756
                            ],
                            [
                                110.838884,
                                35.041726
                            ],
                            [
                                110.835281,
                                35.036444
                            ],
                            [
                                110.83452,
                                35.032385
                            ],
                            [
                                110.827193,
                                35.028685
                            ],
                            [
                                110.813341,
                                35.028933
                            ],
                            [
                                110.807531,
                                35.029365
                            ],
                            [
                                110.803391,
                                35.031622
                            ],
                            [
                                110.800651,
                                35.03187
                            ],
                            [
                                110.79217,
                                35.027739
                            ],
                            [
                                110.789135,
                                35.025886
                            ],
                            [
                                110.786038,
                                35.016559
                            ],
                            [
                                110.782999,
                                35.014772
                            ],
                            [
                                110.773125,
                                35.017627
                            ],
                            [
                                110.769898,
                                35.020614
                            ],
                            [
                                110.768971,
                                35.022523
                            ],
                            [
                                110.763193,
                                35.021864
                            ],
                            [
                                110.760584,
                                35.019541
                            ],
                            [
                                110.759729,
                                35.018341
                            ],
                            [
                                110.758475,
                                35.013478
                            ],
                            [
                                110.758162,
                                35.011022
                            ],
                            [
                                110.758305,
                                35.006601
                            ],
                            [
                                110.757849,
                                35.003918
                            ],
                            [
                                110.757826,
                                35.002086
                            ],
                            [
                                110.758874,
                                34.999275
                            ],
                            [
                                110.762445,
                                34.993775
                            ],
                            [
                                110.765256,
                                34.992132
                            ],
                            [
                                110.765972,
                                34.989232
                            ],
                            [
                                110.764921,
                                34.986919
                            ],
                            [
                                110.762352,
                                34.98413
                            ],
                            [
                                110.757903,
                                34.981224
                            ],
                            [
                                110.753547,
                                34.979077
                            ],
                            [
                                110.749985,
                                34.977571
                            ],
                            [
                                110.74772,
                                34.97492
                            ],
                            [
                                110.745858,
                                34.970968
                            ],
                            [
                                110.744135,
                                34.968096
                            ],
                            [
                                110.742085,
                                34.965566
                            ],
                            [
                                110.741525,
                                34.962848
                            ],
                            [
                                110.743177,
                                34.956626
                            ],
                            [
                                110.746064,
                                34.948847
                            ],
                            [
                                110.747599,
                                34.941948
                            ],
                            [
                                110.748078,
                                34.928531
                            ],
                            [
                                110.749327,
                                34.926814
                            ],
                            [
                                110.755123,
                                34.925468
                            ],
                            [
                                110.760772,
                                34.925075
                            ],
                            [
                                110.765664,
                                34.926222
                            ],
                            [
                                110.770068,
                                34.926493
                            ],
                            [
                                110.771062,
                                34.925718
                            ],
                            [
                                110.771335,
                                34.919149
                            ],
                            [
                                110.771053,
                                34.911483
                            ],
                            [
                                110.76838,
                                34.911007
                            ],
                            [
                                110.765704,
                                34.911777
                            ],
                            [
                                110.763533,
                                34.912829
                            ],
                            [
                                110.756323,
                                34.912054
                            ],
                            [
                                110.75276,
                                34.910176
                            ],
                            [
                                110.750692,
                                34.904958
                            ],
                            [
                                110.749645,
                                34.900011
                            ],
                            [
                                110.748436,
                                34.898909
                            ],
                            [
                                110.744793,
                                34.896405
                            ],
                            [
                                110.741552,
                                34.894554
                            ],
                            [
                                110.740236,
                                34.890116
                            ],
                            [
                                110.73944,
                                34.886454
                            ],
                            [
                                110.740071,
                                34.884393
                            ],
                            [
                                110.742832,
                                34.883151
                            ],
                            [
                                110.745025,
                                34.881478
                            ],
                            [
                                110.748705,
                                34.876624
                            ],
                            [
                                110.75101,
                                34.874501
                            ],
                            [
                                110.752505,
                                34.871919
                            ],
                            [
                                110.75156,
                                34.867136
                            ],
                            [
                                110.749076,
                                34.864803
                            ],
                            [
                                110.749573,
                                34.862032
                            ],
                            [
                                110.752097,
                                34.859139
                            ],
                            [
                                110.753512,
                                34.855641
                            ],
                            [
                                110.753803,
                                34.853225
                            ],
                            [
                                110.753677,
                                34.850287
                            ],
                            [
                                110.754326,
                                34.846628
                            ],
                            [
                                110.756363,
                                34.840868
                            ],
                            [
                                110.758399,
                                34.839593
                            ],
                            [
                                110.761783,
                                34.836732
                            ],
                            [
                                110.762593,
                                34.834343
                            ],
                            [
                                110.764366,
                                34.832563
                            ],
                            [
                                110.765677,
                                34.82968
                            ],
                            [
                                110.766416,
                                34.825616
                            ],
                            [
                                110.768063,
                                34.821196
                            ],
                            [
                                110.76937,
                                34.818839
                            ],
                            [
                                110.771809,
                                34.821008
                            ],
                            [
                                110.774947,
                                34.822777
                            ],
                            [
                                110.778357,
                                34.823841
                            ],
                            [
                                110.782385,
                                34.823486
                            ],
                            [
                                110.78461,
                                34.823647
                            ],
                            [
                                110.786557,
                                34.824157
                            ],
                            [
                                110.790858,
                                34.823619
                            ],
                            [
                                110.792385,
                                34.82286
                            ],
                            [
                                110.793897,
                                34.821257
                            ],
                            [
                                110.798763,
                                34.821917
                            ],
                            [
                                110.80015,
                                34.821734
                            ],
                            [
                                110.803059,
                                34.820059
                            ],
                            [
                                110.806112,
                                34.81895
                            ],
                            [
                                110.809088,
                                34.818534
                            ],
                            [
                                110.810409,
                                34.818695
                            ],
                            [
                                110.811667,
                                34.819605
                            ],
                            [
                                110.813063,
                                34.82149
                            ],
                            [
                                110.817458,
                                34.825422
                            ],
                            [
                                110.819271,
                                34.82759
                            ],
                            [
                                110.820538,
                                34.829586
                            ],
                            [
                                110.821513,
                                34.830439
                            ],
                            [
                                110.824575,
                                34.832197
                            ],
                            [
                                110.828881,
                                34.833434
                            ],
                            [
                                110.83486,
                                34.834598
                            ],
                            [
                                110.837018,
                                34.835618
                            ],
                            [
                                110.838754,
                                34.835779
                            ],
                            [
                                110.841247,
                                34.835429
                            ],
                            [
                                110.842832,
                                34.83386
                            ],
                            [
                                110.845415,
                                34.835851
                            ],
                            [
                                110.849094,
                                34.836577
                            ],
                            [
                                110.850763,
                                34.836278
                            ],
                            [
                                110.852285,
                                34.835529
                            ],
                            [
                                110.854644,
                                34.835518
                            ],
                            [
                                110.857705,
                                34.836477
                            ],
                            [
                                110.862441,
                                34.838501
                            ],
                            [
                                110.865699,
                                34.838429
                            ],
                            [
                                110.87235,
                                34.836217
                            ],
                            [
                                110.876786,
                                34.834293
                            ],
                            [
                                110.881432,
                                34.83335
                            ],
                            [
                                110.882819,
                                34.833289
                            ],
                            [
                                110.885326,
                                34.833788
                            ],
                            [
                                110.888378,
                                34.8336
                            ],
                            [
                                110.891664,
                                34.835302
                            ],
                            [
                                110.892501,
                                34.836217
                            ],
                            [
                                110.893065,
                                34.837758
                            ],
                            [
                                110.896775,
                                34.84262
                            ],
                            [
                                110.900553,
                                34.845514
                            ],
                            [
                                110.904952,
                                34.847155
                            ],
                            [
                                110.908564,
                                34.846911
                            ],
                            [
                                110.916469,
                                34.852947
                            ],
                            [
                                110.918009,
                                34.85374
                            ],
                            [
                                110.923187,
                                34.857332
                            ],
                            [
                                110.924731,
                                34.8591
                            ],
                            [
                                110.927318,
                                34.863512
                            ],
                            [
                                110.929708,
                                34.864404
                            ],
                            [
                                110.934865,
                                34.863872
                            ],
                            [
                                110.937519,
                                34.864554
                            ],
                            [
                                110.937801,
                                34.865518
                            ],
                            [
                                110.943646,
                                34.873354
                            ],
                            [
                                110.945329,
                                34.874324
                            ],
                            [
                                110.950284,
                                34.874878
                            ],
                            [
                                110.954617,
                                34.875782
                            ],
                            [
                                110.959567,
                                34.875826
                            ],
                            [
                                110.96146,
                                34.876109
                            ],
                            [
                                110.962293,
                                34.876729
                            ],
                            [
                                110.966451,
                                34.881772
                            ],
                            [
                                110.967655,
                                34.884398
                            ],
                            [
                                110.970045,
                                34.885767
                            ],
                            [
                                110.972077,
                                34.886448
                            ],
                            [
                                110.976051,
                                34.886265
                            ],
                            [
                                110.984641,
                                34.886759
                            ],
                            [
                                110.988168,
                                34.890654
                            ],
                            [
                                110.991332,
                                34.892931
                            ],
                            [
                                110.99827,
                                34.896465
                            ],
                            [
                                111.001076,
                                34.897269
                            ],
                            [
                                111.004854,
                                34.898
                            ],
                            [
                                111.006326,
                                34.899407
                            ],
                            [
                                111.008774,
                                34.898033
                            ],
                            [
                                111.012006,
                                34.896837
                            ],
                            [
                                111.017547,
                                34.896504
                            ],
                            [
                                111.018554,
                                34.89723
                            ],
                            [
                                111.017632,
                                34.900332
                            ],
                            [
                                111.021168,
                                34.905601
                            ],
                            [
                                111.024221,
                                34.908996
                            ],
                            [
                                111.027537,
                                34.912381
                            ],
                            [
                                111.029426,
                                34.916313
                            ],
                            [
                                111.031337,
                                34.917205
                            ],
                            [
                                111.035639,
                                34.917327
                            ],
                            [
                                111.039855,
                                34.918756
                            ],
                            [
                                111.040669,
                                34.921115
                            ],
                            [
                                111.042666,
                                34.922184
                            ],
                            [
                                111.045817,
                                34.922389
                            ],
                            [
                                111.048892,
                                34.922035
                            ],
                            [
                                111.054392,
                                34.925252
                            ],
                            [
                                111.056684,
                                34.924953
                            ],
                            [
                                111.059755,
                                34.925601
                            ],
                            [
                                111.060547,
                                34.926892
                            ],
                            [
                                111.060305,
                                34.929478
                            ],
                            [
                                111.0609,
                                34.930657
                            ],
                            [
                                111.064714,
                                34.932169
                            ],
                            [
                                111.067355,
                                34.933526
                            ],
                            [
                                111.068106,
                                34.936494
                            ],
                            [
                                111.07094,
                                34.938388
                            ],
                            [
                                111.071571,
                                34.940653
                            ],
                            [
                                111.07542,
                                34.942707
                            ],
                            [
                                111.077215,
                                34.946489
                            ],
                            [
                                111.079081,
                                34.947386
                            ],
                            [
                                111.082926,
                                34.947291
                            ],
                            [
                                111.085271,
                                34.948089
                            ],
                            [
                                111.087841,
                                34.9495
                            ],
                            [
                                111.092142,
                                34.950231
                            ],
                            [
                                111.094684,
                                34.951128
                            ],
                            [
                                111.095919,
                                34.953559
                            ],
                            [
                                111.099352,
                                34.955408
                            ],
                            [
                                111.101675,
                                34.955823
                            ],
                            [
                                111.107619,
                                34.955602
                            ],
                            [
                                111.108756,
                                34.957229
                            ],
                            [
                                111.111196,
                                34.957866
                            ],
                            [
                                111.112476,
                                34.957384
                            ],
                            [
                                111.115918,
                                34.954123
                            ],
                            [
                                111.116741,
                                34.954101
                            ],
                            [
                                111.11739,
                                34.955474
                            ],
                            [
                                111.115667,
                                34.957251
                            ],
                            [
                                111.112247,
                                34.959709
                            ],
                            [
                                111.112601,
                                34.960307
                            ],
                            [
                                111.114329,
                                34.960047
                            ],
                            [
                                111.115416,
                                34.960385
                            ],
                            [
                                111.116531,
                                34.962178
                            ],
                            [
                                111.119955,
                                34.963119
                            ],
                            [
                                111.120765,
                                34.963933
                            ],
                            [
                                111.121472,
                                34.966601
                            ],
                            [
                                111.123809,
                                34.969258
                            ],
                            [
                                111.127268,
                                34.97223
                            ],
                            [
                                111.127174,
                                34.973
                            ],
                            [
                                111.125317,
                                34.974046
                            ],
                            [
                                111.125317,
                                34.975291
                            ],
                            [
                                111.127461,
                                34.977212
                            ],
                            [
                                111.12862,
                                34.977527
                            ],
                            [
                                111.133163,
                                34.977101
                            ],
                            [
                                111.136865,
                                34.97761
                            ],
                            [
                                111.139993,
                                34.979547
                            ],
                            [
                                111.142849,
                                34.982187
                            ],
                            [
                                111.144872,
                                34.983001
                            ],
                            [
                                111.147168,
                                34.983233
                            ],
                            [
                                111.147844,
                                34.983681
                            ],
                            [
                                111.14775,
                                34.985364
                            ],
                            [
                                111.145516,
                                34.98745
                            ],
                            [
                                111.144339,
                                34.989586
                            ],
                            [
                                111.145324,
                                34.992729
                            ],
                            [
                                111.144577,
                                34.99704
                            ],
                            [
                                111.145405,
                                34.998628
                            ],
                            [
                                111.148502,
                                34.999519
                            ],
                            [
                                111.149428,
                                35.001052
                            ],
                            [
                                111.150717,
                                35.002108
                            ],
                            [
                                111.153121,
                                35.00192
                            ],
                            [
                                111.15569,
                                35.000288
                            ],
                            [
                                111.157847,
                                35.000288
                            ],
                            [
                                111.160014,
                                35.002059
                            ],
                            [
                                111.16077,
                                35.003801
                            ],
                            [
                                111.165286,
                                35.00612
                            ],
                            [
                                111.167153,
                                35.006723
                            ],
                            [
                                111.168111,
                                35.00747
                            ],
                            [
                                111.16871,
                                35.008831
                            ],
                            [
                                111.171378,
                                35.00929
                            ],
                            [
                                111.172179,
                                35.010845
                            ],
                            [
                                111.173374,
                                35.011669
                            ],
                            [
                                111.174829,
                                35.011741
                            ],
                            [
                                111.176767,
                                35.013373
                            ],
                            [
                                111.178204,
                                35.013755
                            ],
                            [
                                111.182809,
                                35.016321
                            ],
                            [
                                111.181256,
                                35.01823
                            ],
                            [
                                111.180912,
                                35.019547
                            ],
                            [
                                111.18212,
                                35.021112
                            ],
                            [
                                111.186395,
                                35.021433
                            ],
                            [
                                111.186896,
                                35.022821
                            ],
                            [
                                111.182809,
                                35.026195
                            ],
                            [
                                111.182138,
                                35.027434
                            ],
                            [
                                111.182053,
                                35.030084
                            ],
                            [
                                111.179999,
                                35.031599
                            ],
                            [
                                111.168388,
                                35.038142
                            ],
                            [
                                111.163201,
                                35.040686
                            ],
                            [
                                111.16099,
                                35.041356
                            ],
                            [
                                111.160408,
                                35.043861
                            ],
                            [
                                111.158268,
                                35.042981
                            ],
                            [
                                111.157252,
                                35.043086
                            ],
                            [
                                111.158107,
                                35.044087
                            ],
                            [
                                111.156957,
                                35.044215
                            ],
                            [
                                111.156617,
                                35.043086
                            ],
                            [
                                111.155068,
                                35.043993
                            ],
                            [
                                111.155587,
                                35.045287
                            ],
                            [
                                111.154056,
                                35.046316
                            ],
                            [
                                111.152436,
                                35.048523
                            ],
                            [
                                111.15309,
                                35.04954
                            ],
                            [
                                111.152002,
                                35.051851
                            ],
                            [
                                111.153654,
                                35.052017
                            ],
                            [
                                111.153967,
                                35.052681
                            ],
                            [
                                111.153416,
                                35.054605
                            ],
                            [
                                111.15279,
                                35.055285
                            ],
                            [
                                111.148368,
                                35.05784
                            ],
                            [
                                111.147737,
                                35.058597
                            ],
                            [
                                111.148059,
                                35.059957
                            ],
                            [
                                111.145749,
                                35.060046
                            ],
                            [
                                111.142088,
                                35.062213
                            ],
                            [
                                111.137939,
                                35.065238
                            ],
                            [
                                111.134819,
                                35.064303
                            ],
                            [
                                111.135347,
                                35.067432
                            ],
                            [
                                111.138633,
                                35.070849
                            ],
                            [
                                111.138122,
                                35.072712
                            ],
                            [
                                111.139147,
                                35.074509
                            ],
                            [
                                111.137523,
                                35.074547
                            ],
                            [
                                111.13733,
                                35.076714
                            ],
                            [
                                111.137617,
                                35.077571
                            ],
                            [
                                111.136847,
                                35.07845
                            ],
                            [
                                111.137044,
                                35.07981
                            ],
                            [
                                111.136265,
                                35.080435
                            ],
                            [
                                111.136972,
                                35.082159
                            ],
                            [
                                111.133987,
                                35.081921
                            ],
                            [
                                111.128857,
                                35.085398
                            ],
                            [
                                111.127497,
                                35.084436
                            ],
                            [
                                111.126315,
                                35.084359
                            ],
                            [
                                111.124704,
                                35.085299
                            ],
                            [
                                111.123025,
                                35.084586
                            ],
                            [
                                111.121884,
                                35.084685
                            ],
                            [
                                111.120331,
                                35.086393
                            ],
                            [
                                111.120286,
                                35.087769
                            ],
                            [
                                111.117462,
                                35.086465
                            ],
                            [
                                111.117063,
                                35.087974
                            ],
                            [
                                111.116392,
                                35.088178
                            ],
                            [
                                111.11487,
                                35.086802
                            ],
                            [
                                111.111478,
                                35.086294
                            ],
                            [
                                111.110018,
                                35.086863
                            ],
                            [
                                111.108971,
                                35.086227
                            ],
                            [
                                111.10569,
                                35.086111
                            ],
                            [
                                111.10245,
                                35.086913
                            ],
                            [
                                111.100382,
                                35.086371
                            ],
                            [
                                111.099822,
                                35.087874
                            ],
                            [
                                111.101286,
                                35.089118
                            ],
                            [
                                111.100874,
                                35.090892
                            ],
                            [
                                111.101917,
                                35.091964
                            ],
                            [
                                111.101837,
                                35.092821
                            ],
                            [
                                111.100315,
                                35.093893
                            ],
                            [
                                111.101671,
                                35.095767
                            ],
                            [
                                111.101429,
                                35.096386
                            ],
                            [
                                111.098104,
                                35.098674
                            ],
                            [
                                111.098135,
                                35.101061
                            ],
                            [
                                111.095991,
                                35.104482
                            ],
                            [
                                111.095624,
                                35.106781
                            ],
                            [
                                111.096237,
                                35.10809
                            ],
                            [
                                111.09758,
                                35.108792
                            ],
                            [
                                111.100386,
                                35.109588
                            ],
                            [
                                111.105856,
                                35.113036
                            ],
                            [
                                111.105892,
                                35.113936
                            ],
                            [
                                111.103949,
                                35.115384
                            ],
                            [
                                111.101071,
                                35.116942
                            ],
                            [
                                111.100565,
                                35.118268
                            ],
                            [
                                111.102298,
                                35.119445
                            ],
                            [
                                111.106518,
                                35.122942
                            ],
                            [
                                111.112749,
                                35.13018
                            ],
                            [
                                111.112708,
                                35.130981
                            ],
                            [
                                111.111057,
                                35.131859
                            ],
                            [
                                111.112328,
                                35.133417
                            ],
                            [
                                111.111979,
                                35.135339
                            ],
                            [
                                111.112905,
                                35.136532
                            ],
                            [
                                111.112811,
                                35.138134
                            ],
                            [
                                111.111213,
                                35.138985
                            ],
                            [
                                111.110864,
                                35.139813
                            ],
                            [
                                111.114772,
                                35.143625
                            ],
                            [
                                111.114423,
                                35.144332
                            ],
                            [
                                111.112619,
                                35.14526
                            ],
                            [
                                111.112735,
                                35.146303
                            ],
                            [
                                111.114185,
                                35.147176
                            ],
                            [
                                111.113809,
                                35.151744
                            ],
                            [
                                111.111916,
                                35.153621
                            ],
                            [
                                111.108013,
                                35.155306
                            ],
                            [
                                111.107154,
                                35.156151
                            ],
                            [
                                111.106894,
                                35.157471
                            ],
                            [
                                111.106903,
                                35.16376
                            ],
                            [
                                111.107588,
                                35.165875
                            ],
                            [
                                111.106872,
                                35.166632
                            ],
                            [
                                111.103707,
                                35.168725
                            ],
                            [
                                111.103801,
                                35.170674
                            ],
                            [
                                111.102056,
                                35.173247
                            ],
                            [
                                111.097862,
                                35.178116
                            ],
                            [
                                111.096792,
                                35.178889
                            ],
                            [
                                111.09493,
                                35.17868
                            ],
                            [
                                111.092791,
                                35.17641
                            ],
                            [
                                111.090651,
                                35.174644
                            ],
                            [
                                111.088109,
                                35.173688
                            ],
                            [
                                111.081856,
                                35.174804
                            ],
                            [
                                111.078356,
                                35.17476
                            ],
                            [
                                111.076749,
                                35.175317
                            ],
                            [
                                111.075868,
                                35.176283
                            ],
                            [
                                111.074212,
                                35.180441
                            ],
                            [
                                111.074118,
                                35.181363
                            ],
                            [
                                111.075478,
                                35.182097
                            ],
                            [
                                111.075402,
                                35.182842
                            ],
                            [
                                111.074095,
                                35.184123
                            ],
                            [
                                111.074458,
                                35.18674
                            ],
                            [
                                111.074171,
                                35.187861
                            ],
                            [
                                111.07478,
                                35.188821
                            ],
                            [
                                111.073728,
                                35.189329
                            ],
                            [
                                111.073343,
                                35.190339
                            ],
                            [
                                111.074001,
                                35.19136
                            ],
                            [
                                111.072533,
                                35.192023
                            ],
                            [
                                111.071539,
                                35.193243
                            ],
                            [
                                111.073486,
                                35.194407
                            ],
                            [
                                111.073294,
                                35.19576
                            ],
                            [
                                111.071763,
                                35.197228
                            ],
                            [
                                111.071683,
                                35.1998
                            ],
                            [
                                111.070908,
                                35.200523
                            ],
                            [
                                111.069248,
                                35.200717
                            ],
                            [
                                111.069248,
                                35.201688
                            ],
                            [
                                111.070429,
                                35.202488
                            ],
                            [
                                111.070134,
                                35.203438
                            ],
                            [
                                111.067981,
                                35.207373
                            ],
                            [
                                111.067059,
                                35.210165
                            ],
                            [
                                111.067355,
                                35.213008
                            ],
                            [
                                111.067211,
                                35.217682
                            ],
                            [
                                111.066177,
                                35.218725
                            ],
                            [
                                111.065408,
                                35.223972
                            ],
                            [
                                111.066629,
                                35.225606
                            ],
                            [
                                111.066867,
                                35.226649
                            ],
                            [
                                111.066482,
                                35.228254
                            ],
                            [
                                111.064969,
                                35.229639
                            ],
                            [
                                111.062485,
                                35.229783
                            ],
                            [
                                111.060918,
                                35.231565
                            ],
                            [
                                111.061482,
                                35.233281
                            ],
                            [
                                111.060336,
                                35.234081
                            ],
                            [
                                111.058277,
                                35.234699
                            ],
                            [
                                111.055592,
                                35.237452
                            ],
                            [
                                111.053421,
                                35.237694
                            ],
                            [
                                111.049711,
                                35.243459
                            ],
                            [
                                111.046649,
                                35.243454
                            ],
                            [
                                111.046604,
                                35.244717
                            ],
                            [
                                111.048243,
                                35.245843
                            ],
                            [
                                111.047455,
                                35.247718
                            ],
                            [
                                111.046237,
                                35.24784
                            ],
                            [
                                111.04438,
                                35.247117
                            ],
                            [
                                111.043722,
                                35.247994
                            ],
                            [
                                111.043843,
                                35.24939
                            ],
                            [
                                111.04502,
                                35.250063
                            ],
                            [
                                111.04519,
                                35.251431
                            ],
                            [
                                111.043655,
                                35.253973
                            ],
                            [
                                111.044237,
                                35.255275
                            ],
                            [
                                111.046269,
                                35.256163
                            ],
                            [
                                111.046215,
                                35.257961
                            ],
                            [
                                111.047907,
                                35.258623
                            ],
                            [
                                111.048695,
                                35.259864
                            ],
                            [
                                111.05305,
                                35.261298
                            ],
                            [
                                111.054222,
                                35.262479
                            ],
                            [
                                111.061433,
                                35.264933
                            ],
                            [
                                111.06265,
                                35.265688
                            ],
                            [
                                111.062064,
                                35.267459
                            ],
                            [
                                111.062265,
                                35.268413
                            ],
                            [
                                111.063581,
                                35.269091
                            ],
                            [
                                111.065685,
                                35.269505
                            ],
                            [
                                111.067055,
                                35.268975
                            ],
                            [
                                111.068621,
                                35.269174
                            ],
                            [
                                111.070765,
                                35.269946
                            ],
                            [
                                111.072171,
                                35.269924
                            ],
                            [
                                111.072851,
                                35.268639
                            ],
                            [
                                111.075169,
                                35.268347
                            ],
                            [
                                111.076418,
                                35.269725
                            ],
                            [
                                111.079059,
                                35.270746
                            ],
                            [
                                111.077103,
                                35.27347
                            ],
                            [
                                111.077667,
                                35.274391
                            ],
                            [
                                111.079927,
                                35.275108
                            ],
                            [
                                111.080393,
                                35.27647
                            ],
                            [
                                111.082129,
                                35.277501
                            ],
                            [
                                111.081274,
                                35.280506
                            ],
                            [
                                111.082304,
                                35.280969
                            ],
                            [
                                111.079592,
                                35.283622
                            ],
                            [
                                111.080254,
                                35.28484
                            ],
                            [
                                111.079694,
                                35.286406
                            ]
                        ]
                    ]
                ]
            }
        }
    ]
}