{
    "type": "FeatureCollection",
    "features": [
        {
            "type": "Feature",
            "properties": {
                "adcode": 140927,
                "name": "神池县",
                "center": [
                    112.200438,
                    39.088467
                ],
                "centroid": [
                    112.002706,
                    39.16701
                ],
                "childrenNum": 0,
                "level": "district",
                "acroutes": [
                    100000,
                    140000,
                    140900
                ],
                "parent": {
                    "adcode": 140900
                }
            },
            "geometry": {
                "type": "MultiPolygon",
                "coordinates": [
                    [
                        [
                            [
                                112.023701,
                                39.366125
                            ],
                            [
                                112.023165,
                                39.36889
                            ],
                            [
                                112.021144,
                                39.37026
                            ],
                            [
                                112.019996,
                                39.371963
                            ],
                            [
                                112.016973,
                                39.374466
                            ],
                            [
                                112.010623,
                                39.380152
                            ],
                            [
                                112.008899,
                                39.381963
                            ],
                            [
                                112.007163,
                                39.382992
                            ],
                            [
                                112.006453,
                                39.384461
                            ],
                            [
                                112.007478,
                                39.386893
                            ],
                            [
                                112.0034,
                                39.389913
                            ],
                            [
                                111.999322,
                                39.393189
                            ],
                            [
                                111.996509,
                                39.395133
                            ],
                            [
                                111.990398,
                                39.397635
                            ],
                            [
                                111.980565,
                                39.402503
                            ],
                            [
                                111.974513,
                                39.404091
                            ],
                            [
                                111.96673,
                                39.404916
                            ],
                            [
                                111.958808,
                                39.403214
                            ],
                            [
                                111.950088,
                                39.400105
                            ],
                            [
                                111.937826,
                                39.39663
                            ],
                            [
                                111.933655,
                                39.392331
                            ],
                            [
                                111.928138,
                                39.390501
                            ],
                            [
                                111.920735,
                                39.390202
                            ],
                            [
                                111.908979,
                                39.388591
                            ],
                            [
                                111.895232,
                                39.38576
                            ],
                            [
                                111.886319,
                                39.381749
                            ],
                            [
                                111.881484,
                                39.378805
                            ],
                            [
                                111.879556,
                                39.376434
                            ],
                            [
                                111.879626,
                                39.366343
                            ],
                            [
                                111.876609,
                                39.358191
                            ],
                            [
                                111.872438,
                                39.349544
                            ],
                            [
                                111.869187,
                                39.345057
                            ],
                            [
                                111.861166,
                                39.336717
                            ],
                            [
                                111.853861,
                                39.330934
                            ],
                            [
                                111.847319,
                                39.32701
                            ],
                            [
                                111.840178,
                                39.323294
                            ],
                            [
                                111.834673,
                                39.321477
                            ],
                            [
                                111.823057,
                                39.318506
                            ],
                            [
                                111.815461,
                                39.321662
                            ],
                            [
                                111.808966,
                                39.325994
                            ],
                            [
                                111.803275,
                                39.331522
                            ],
                            [
                                111.800823,
                                39.332803
                            ],
                            [
                                111.790902,
                                39.339763
                            ],
                            [
                                111.786126,
                                39.344848
                            ],
                            [
                                111.779753,
                                39.34712
                            ],
                            [
                                111.774685,
                                39.347841
                            ],
                            [
                                111.766122,
                                39.3475
                            ],
                            [
                                111.760972,
                                39.344768
                            ],
                            [
                                111.753126,
                                39.338022
                            ],
                            [
                                111.746368,
                                39.332694
                            ],
                            [
                                111.73893,
                                39.324352
                            ],
                            [
                                111.729673,
                                39.32076
                            ],
                            [
                                111.722683,
                                39.314491
                            ],
                            [
                                111.71973,
                                39.310006
                            ],
                            [
                                111.718215,
                                39.306048
                            ],
                            [
                                111.720138,
                                39.299469
                            ],
                            [
                                111.726726,
                                39.294238
                            ],
                            [
                                111.734054,
                                39.291105
                            ],
                            [
                                111.737322,
                                39.286647
                            ],
                            [
                                111.738836,
                                39.281662
                            ],
                            [
                                111.739646,
                                39.278481
                            ],
                            [
                                111.743852,
                                39.273143
                            ],
                            [
                                111.749619,
                                39.266728
                            ],
                            [
                                111.750836,
                                39.263769
                            ],
                            [
                                111.752852,
                                39.262283
                            ],
                            [
                                111.75298,
                                39.259504
                            ],
                            [
                                111.751809,
                                39.257258
                            ],
                            [
                                111.749299,
                                39.254617
                            ],
                            [
                                111.7473,
                                39.251482
                            ],
                            [
                                111.738953,
                                39.246124
                            ],
                            [
                                111.744895,
                                39.231462
                            ],
                            [
                                111.749089,
                                39.228122
                            ],
                            [
                                111.753959,
                                39.225765
                            ],
                            [
                                111.758199,
                                39.224534
                            ],
                            [
                                111.76085,
                                39.22347
                            ],
                            [
                                111.763716,
                                39.223584
                            ],
                            [
                                111.766687,
                                39.226863
                            ],
                            [
                                111.768638,
                                39.228321
                            ],
                            [
                                111.770648,
                                39.229315
                            ],
                            [
                                111.772716,
                                39.229742
                            ],
                            [
                                111.774842,
                                39.229419
                            ],
                            [
                                111.775931,
                                39.228773
                            ],
                            [
                                111.77906,
                                39.22471
                            ],
                            [
                                111.781436,
                                39.220025
                            ],
                            [
                                111.783021,
                                39.218851
                            ],
                            [
                                111.78552,
                                39.216066
                            ],
                            [
                                111.788339,
                                39.214122
                            ],
                            [
                                111.790256,
                                39.211855
                            ],
                            [
                                111.79152,
                                39.209484
                            ],
                            [
                                111.792125,
                                39.207126
                            ],
                            [
                                111.792306,
                                39.203053
                            ],
                            [
                                111.791817,
                                39.201289
                            ],
                            [
                                111.790605,
                                39.199991
                            ],
                            [
                                111.790326,
                                39.197481
                            ],
                            [
                                111.790774,
                                39.195062
                            ],
                            [
                                111.790559,
                                39.192547
                            ],
                            [
                                111.789271,
                                39.191839
                            ],
                            [
                                111.788607,
                                39.190274
                            ],
                            [
                                111.786766,
                                39.18765
                            ],
                            [
                                111.780632,
                                39.183029
                            ],
                            [
                                111.774225,
                                39.179767
                            ],
                            [
                                111.768959,
                                39.178074
                            ],
                            [
                                111.767467,
                                39.176296
                            ],
                            [
                                111.757151,
                                39.171512
                            ],
                            [
                                111.752887,
                                39.169049
                            ],
                            [
                                111.746928,
                                39.16513
                            ],
                            [
                                111.743759,
                                39.159484
                            ],
                            [
                                111.744662,
                                39.154932
                            ],
                            [
                                111.746858,
                                39.148596
                            ],
                            [
                                111.749264,
                                39.143644
                            ],
                            [
                                111.75513,
                                39.13539
                            ],
                            [
                                111.761683,
                                39.130151
                            ],
                            [
                                111.769623,
                                39.117383
                            ],
                            [
                                111.774924,
                                39.113238
                            ],
                            [
                                111.783428,
                                39.10508
                            ],
                            [
                                111.794823,
                                39.09336
                            ],
                            [
                                111.811553,
                                39.085295
                            ],
                            [
                                111.822766,
                                39.085033
                            ],
                            [
                                111.833659,
                                39.080633
                            ],
                            [
                                111.845607,
                                39.077876
                            ],
                            [
                                111.853581,
                                39.073129
                            ],
                            [
                                111.858807,
                                39.069657
                            ],
                            [
                                111.864597,
                                39.066666
                            ],
                            [
                                111.872822,
                                39.062628
                            ],
                            [
                                111.881857,
                                39.059527
                            ],
                            [
                                111.893426,
                                39.058369
                            ],
                            [
                                111.902292,
                                39.058027
                            ],
                            [
                                111.912783,
                                39.055688
                            ],
                            [
                                111.924107,
                                39.049481
                            ],
                            [
                                111.930795,
                                39.041944
                            ],
                            [
                                111.942538,
                                39.024748
                            ],
                            [
                                111.948905,
                                39.013067
                            ],
                            [
                                111.954678,
                                39.005961
                            ],
                            [
                                111.960515,
                                38.997938
                            ],
                            [
                                111.965513,
                                38.993781
                            ],
                            [
                                111.97213,
                                38.991993
                            ],
                            [
                                111.979686,
                                38.989547
                            ],
                            [
                                111.984433,
                                38.984698
                            ],
                            [
                                111.986524,
                                38.979735
                            ],
                            [
                                111.991051,
                                38.973721
                            ],
                            [
                                111.994808,
                                38.965848
                            ],
                            [
                                112.000592,
                                38.953923
                            ],
                            [
                                112.001093,
                                38.950727
                            ],
                            [
                                112.005643,
                                38.944263
                            ],
                            [
                                112.01335,
                                38.939301
                            ],
                            [
                                112.019064,
                                38.933113
                            ],
                            [
                                112.024755,
                                38.929348
                            ],
                            [
                                112.024703,
                                38.930264
                            ],
                            [
                                112.027784,
                                38.932917
                            ],
                            [
                                112.031116,
                                38.936267
                            ],
                            [
                                112.034483,
                                38.939158
                            ],
                            [
                                112.038235,
                                38.940461
                            ],
                            [
                                112.043081,
                                38.938824
                            ],
                            [
                                112.051546,
                                38.935761
                            ],
                            [
                                112.056951,
                                38.932979
                            ],
                            [
                                112.063347,
                                38.931934
                            ],
                            [
                                112.072312,
                                38.931615
                            ],
                            [
                                112.081283,
                                38.931801
                            ],
                            [
                                112.091506,
                                38.930465
                            ],
                            [
                                112.101118,
                                38.931634
                            ],
                            [
                                112.108901,
                                38.938433
                            ],
                            [
                                112.115967,
                                38.943056
                            ],
                            [
                                112.122683,
                                38.948814
                            ],
                            [
                                112.131508,
                                38.953499
                            ],
                            [
                                112.14045,
                                38.961174
                            ],
                            [
                                112.14631,
                                38.966429
                            ],
                            [
                                112.150277,
                                38.973693
                            ],
                            [
                                112.149584,
                                38.986625
                            ],
                            [
                                112.14938,
                                38.993876
                            ],
                            [
                                112.150417,
                                38.99861
                            ],
                            [
                                112.155025,
                                39.001866
                            ],
                            [
                                112.165982,
                                39.00547
                            ],
                            [
                                112.177615,
                                39.007491
                            ],
                            [
                                112.188438,
                                39.008563
                            ],
                            [
                                112.202424,
                                39.010665
                            ],
                            [
                                112.212723,
                                39.015622
                            ],
                            [
                                112.219818,
                                39.020007
                            ],
                            [
                                112.222218,
                                39.023991
                            ],
                            [
                                112.223401,
                                39.028851
                            ],
                            [
                                112.221397,
                                39.037733
                            ],
                            [
                                112.222475,
                                39.044198
                            ],
                            [
                                112.224403,
                                39.051382
                            ],
                            [
                                112.228428,
                                39.057955
                            ],
                            [
                                112.233613,
                                39.05997
                            ],
                            [
                                112.243247,
                                39.06147
                            ],
                            [
                                112.251677,
                                39.05856
                            ],
                            [
                                112.253966,
                                39.057931
                            ],
                            [
                                112.257135,
                                39.058889
                            ],
                            [
                                112.260962,
                                39.060813
                            ],
                            [
                                112.265878,
                                39.060318
                            ],
                            [
                                112.266531,
                                39.059636
                            ],
                            [
                                112.274057,
                                39.055926
                            ],
                            [
                                112.277424,
                                39.054826
                            ],
                            [
                                112.280779,
                                39.052344
                            ],
                            [
                                112.283826,
                                39.048952
                            ],
                            [
                                112.287863,
                                39.048533
                            ],
                            [
                                112.291684,
                                39.048628
                            ],
                            [
                                112.293164,
                                39.04919
                            ],
                            [
                                112.296129,
                                39.052211
                            ],
                            [
                                112.297818,
                                39.059189
                            ],
                            [
                                112.299694,
                                39.063809
                            ],
                            [
                                112.300049,
                                39.069648
                            ],
                            [
                                112.298826,
                                39.0724
                            ],
                            [
                                112.29709,
                                39.074986
                            ],
                            [
                                112.29667,
                                39.076924
                            ],
                            [
                                112.298016,
                                39.079781
                            ],
                            [
                                112.299956,
                                39.082291
                            ],
                            [
                                112.300731,
                                39.085942
                            ],
                            [
                                112.300183,
                                39.089899
                            ],
                            [
                                112.296606,
                                39.092546
                            ],
                            [
                                112.291399,
                                39.094517
                            ],
                            [
                                112.287443,
                                39.095679
                            ],
                            [
                                112.284309,
                                39.098506
                            ],
                            [
                                112.281694,
                                39.101658
                            ],
                            [
                                112.271966,
                                39.106065
                            ],
                            [
                                112.265168,
                                39.108902
                            ],
                            [
                                112.261952,
                                39.111035
                            ],
                            [
                                112.260426,
                                39.112819
                            ],
                            [
                                112.260834,
                                39.116655
                            ],
                            [
                                112.261807,
                                39.118878
                            ],
                            [
                                112.2637,
                                39.125107
                            ],
                            [
                                112.266374,
                                39.128467
                            ],
                            [
                                112.265937,
                                39.12859
                            ],
                            [
                                112.263985,
                                39.131626
                            ],
                            [
                                112.265826,
                                39.133634
                            ],
                            [
                                112.265855,
                                39.134457
                            ],
                            [
                                112.264865,
                                39.136294
                            ],
                            [
                                112.266321,
                                39.138477
                            ],
                            [
                                112.268436,
                                39.143677
                            ],
                            [
                                112.268645,
                                39.149338
                            ],
                            [
                                112.266245,
                                39.153187
                            ],
                            [
                                112.266199,
                                39.156678
                            ],
                            [
                                112.270137,
                                39.160483
                            ],
                            [
                                112.272729,
                                39.162357
                            ],
                            [
                                112.273043,
                                39.164131
                            ],
                            [
                                112.271424,
                                39.164664
                            ],
                            [
                                112.266344,
                                39.163941
                            ],
                            [
                                112.265034,
                                39.164692
                            ],
                            [
                                112.265284,
                                39.168121
                            ],
                            [
                                112.26416,
                                39.173333
                            ],
                            [
                                112.263519,
                                39.175459
                            ],
                            [
                                112.262139,
                                39.176952
                            ],
                            [
                                112.259127,
                                39.177951
                            ],
                            [
                                112.252847,
                                39.181754
                            ],
                            [
                                112.250284,
                                39.182748
                            ],
                            [
                                112.244762,
                                39.181122
                            ],
                            [
                                112.240498,
                                39.18097
                            ],
                            [
                                112.237719,
                                39.182258
                            ],
                            [
                                112.234638,
                                39.182444
                            ],
                            [
                                112.231912,
                                39.181089
                            ],
                            [
                                112.228137,
                                39.178022
                            ],
                            [
                                112.2235,
                                39.176334
                            ],
                            [
                                112.218659,
                                39.175678
                            ],
                            [
                                112.215799,
                                39.176904
                            ],
                            [
                                112.214721,
                                39.178863
                            ],
                            [
                                112.215549,
                                39.181365
                            ],
                            [
                                112.217919,
                                39.184213
                            ],
                            [
                                112.219038,
                                39.1865
                            ],
                            [
                                112.221059,
                                39.18997
                            ],
                            [
                                112.22131,
                                39.193745
                            ],
                            [
                                112.219702,
                                39.203599
                            ],
                            [
                                112.217669,
                                39.205334
                            ],
                            [
                                112.210486,
                                39.20821
                            ],
                            [
                                112.205162,
                                39.209593
                            ],
                            [
                                112.201871,
                                39.211385
                            ],
                            [
                                112.201737,
                                39.212939
                            ],
                            [
                                112.202203,
                                39.215277
                            ],
                            [
                                112.2031,
                                39.217791
                            ],
                            [
                                112.203281,
                                39.221564
                            ],
                            [
                                112.202488,
                                39.223346
                            ],
                            [
                                112.1995,
                                39.22577
                            ],
                            [
                                112.192271,
                                39.229961
                            ],
                            [
                                112.192009,
                                39.233044
                            ],
                            [
                                112.194356,
                                39.249686
                            ],
                            [
                                112.190774,
                                39.257851
                            ],
                            [
                                112.188368,
                                39.26176
                            ],
                            [
                                112.182828,
                                39.266638
                            ],
                            [
                                112.174015,
                                39.269264
                            ],
                            [
                                112.164828,
                                39.273528
                            ],
                            [
                                112.161182,
                                39.275
                            ],
                            [
                                112.15178,
                                39.277669
                            ],
                            [
                                112.143636,
                                39.278841
                            ],
                            [
                                112.134782,
                                39.27915
                            ],
                            [
                                112.128724,
                                39.278286
                            ],
                            [
                                112.122899,
                                39.276942
                            ],
                            [
                                112.114528,
                                39.27443
                            ],
                            [
                                112.107986,
                                39.270142
                            ],
                            [
                                112.1048,
                                39.26441
                            ],
                            [
                                112.102761,
                                39.260426
                            ],
                            [
                                112.100623,
                                39.255761
                            ],
                            [
                                112.097466,
                                39.252337
                            ],
                            [
                                112.092811,
                                39.250883
                            ],
                            [
                                112.08539,
                                39.253125
                            ],
                            [
                                112.080415,
                                39.260008
                            ],
                            [
                                112.077468,
                                39.26441
                            ],
                            [
                                112.074771,
                                39.270631
                            ],
                            [
                                112.070798,
                                39.276277
                            ],
                            [
                                112.068072,
                                39.282274
                            ],
                            [
                                112.057528,
                                39.289847
                            ],
                            [
                                112.052617,
                                39.290939
                            ],
                            [
                                112.048511,
                                39.297044
                            ],
                            [
                                112.054487,
                                39.29936
                            ],
                            [
                                112.057446,
                                39.300257
                            ],
                            [
                                112.064192,
                                39.304899
                            ],
                            [
                                112.064944,
                                39.306955
                            ],
                            [
                                112.063918,
                                39.308611
                            ],
                            [
                                112.054208,
                                39.313215
                            ],
                            [
                                112.053031,
                                39.31396
                            ],
                            [
                                112.051272,
                                39.315963
                            ],
                            [
                                112.049961,
                                39.318539
                            ],
                            [
                                112.049099,
                                39.322492
                            ],
                            [
                                112.048755,
                                39.325695
                            ],
                            [
                                112.051732,
                                39.329586
                            ],
                            [
                                112.053299,
                                39.332385
                            ],
                            [
                                112.048749,
                                39.336508
                            ],
                            [
                                112.04448,
                                39.338634
                            ],
                            [
                                112.035847,
                                39.340304
                            ],
                            [
                                112.032369,
                                39.34083
                            ],
                            [
                                112.028245,
                                39.343178
                            ],
                            [
                                112.024132,
                                39.347813
                            ],
                            [
                                112.021726,
                                39.351873
                            ],
                            [
                                112.019687,
                                39.357086
                            ],
                            [
                                112.019781,
                                39.360634
                            ],
                            [
                                112.02221,
                                39.363247
                            ],
                            [
                                112.023701,
                                39.366125
                            ]
                        ]
                    ]
                ]
            }
        }
    ]
}