{
    "type": "FeatureCollection",
    "features": [
        {
            "type": "Feature",
            "properties": {
                "adcode": 140932,
                "name": "偏关县",
                "center": [
                    111.500477,
                    39.442153
                ],
                "centroid": [
                    111.665441,
                    39.458341
                ],
                "childrenNum": 0,
                "level": "district",
                "acroutes": [
                    100000,
                    140000,
                    140900
                ],
                "parent": {
                    "adcode": 140900
                }
            },
            "geometry": {
                "type": "MultiPolygon",
                "coordinates": [
                    [
                        [
                            [
                                111.446847,
                                39.642189
                            ],
                            [
                                111.447015,
                                39.64055
                            ],
                            [
                                111.445166,
                                39.640079
                            ],
                            [
                                111.443343,
                                39.641665
                            ],
                            [
                                111.440048,
                                39.642998
                            ],
                            [
                                111.438102,
                                39.643011
                            ],
                            [
                                111.438056,
                                39.640816
                            ],
                            [
                                111.438316,
                                39.637151
                            ],
                            [
                                111.439431,
                                39.634823
                            ],
                            [
                                111.442747,
                                39.630162
                            ],
                            [
                                111.445328,
                                39.629037
                            ],
                            [
                                111.44817,
                                39.628513
                            ],
                            [
                                111.455864,
                                39.628326
                            ],
                            [
                                111.459691,
                                39.627504
                            ],
                            [
                                111.46193,
                                39.626291
                            ],
                            [
                                111.462922,
                                39.624478
                            ],
                            [
                                111.462968,
                                39.622541
                            ],
                            [
                                111.462442,
                                39.614697
                            ],
                            [
                                111.462702,
                                39.610559
                            ],
                            [
                                111.461969,
                                39.608661
                            ],
                            [
                                111.460554,
                                39.606852
                            ],
                            [
                                111.457499,
                                39.605785
                            ],
                            [
                                111.455176,
                                39.606176
                            ],
                            [
                                111.451972,
                                39.608096
                            ],
                            [
                                111.450233,
                                39.610408
                            ],
                            [
                                111.448559,
                                39.614203
                            ],
                            [
                                111.446399,
                                39.617786
                            ],
                            [
                                111.443376,
                                39.620194
                            ],
                            [
                                111.43971,
                                39.621399
                            ],
                            [
                                111.436103,
                                39.62139
                            ],
                            [
                                111.433872,
                                39.62111
                            ],
                            [
                                111.430317,
                                39.618612
                            ],
                            [
                                111.429104,
                                39.616514
                            ],
                            [
                                111.428974,
                                39.61367
                            ],
                            [
                                111.430524,
                                39.610568
                            ],
                            [
                                111.433405,
                                39.606901
                            ],
                            [
                                111.438789,
                                39.60146
                            ],
                            [
                                111.44021,
                                39.599393
                            ],
                            [
                                111.440859,
                                39.596601
                            ],
                            [
                                111.440463,
                                39.5928
                            ],
                            [
                                111.438309,
                                39.587589
                            ],
                            [
                                111.435721,
                                39.583321
                            ],
                            [
                                111.434955,
                                39.579901
                            ],
                            [
                                111.435357,
                                39.575797
                            ],
                            [
                                111.434812,
                                39.568659
                            ],
                            [
                                111.433204,
                                39.561863
                            ],
                            [
                                111.426055,
                                39.550454
                            ],
                            [
                                111.422499,
                                39.542121
                            ],
                            [
                                111.422169,
                                39.539171
                            ],
                            [
                                111.423447,
                                39.536866
                            ],
                            [
                                111.429902,
                                39.531073
                            ],
                            [
                                111.434002,
                                39.523388
                            ],
                            [
                                111.433872,
                                39.519614
                            ],
                            [
                                111.431446,
                                39.511536
                            ],
                            [
                                111.43151,
                                39.508776
                            ],
                            [
                                111.426489,
                                39.503399
                            ],
                            [
                                111.423297,
                                39.501676
                            ],
                            [
                                111.418776,
                                39.500256
                            ],
                            [
                                111.41489,
                                39.500861
                            ],
                            [
                                111.411166,
                                39.500447
                            ],
                            [
                                111.400877,
                                39.496681
                            ],
                            [
                                111.396135,
                                39.495381
                            ],
                            [
                                111.392437,
                                39.493978
                            ],
                            [
                                111.388649,
                                39.492166
                            ],
                            [
                                111.385067,
                                39.48962
                            ],
                            [
                                111.381908,
                                39.486761
                            ],
                            [
                                111.3769,
                                39.483154
                            ],
                            [
                                111.372093,
                                39.478946
                            ],
                            [
                                111.369284,
                                39.475326
                            ],
                            [
                                111.367642,
                                39.472155
                            ],
                            [
                                111.365236,
                                39.469665
                            ],
                            [
                                111.364146,
                                39.467291
                            ],
                            [
                                111.363536,
                                39.462646
                            ],
                            [
                                111.364762,
                                39.457546
                            ],
                            [
                                111.364554,
                                39.453033
                            ],
                            [
                                111.368272,
                                39.45298
                            ],
                            [
                                111.377101,
                                39.452244
                            ],
                            [
                                111.383991,
                                39.451928
                            ],
                            [
                                111.388882,
                                39.45281
                            ],
                            [
                                111.399904,
                                39.452378
                            ],
                            [
                                111.40739,
                                39.451563
                            ],
                            [
                                111.410777,
                                39.44987
                            ],
                            [
                                111.418244,
                                39.445143
                            ],
                            [
                                111.420826,
                                39.438139
                            ],
                            [
                                111.419314,
                                39.43027
                            ],
                            [
                                111.417764,
                                39.422859
                            ],
                            [
                                111.417997,
                                39.419658
                            ],
                            [
                                111.420943,
                                39.411751
                            ],
                            [
                                111.424828,
                                39.402965
                            ],
                            [
                                111.427605,
                                39.397348
                            ],
                            [
                                111.433385,
                                39.395297
                            ],
                            [
                                111.44095,
                                39.39309
                            ],
                            [
                                111.444608,
                                39.391637
                            ],
                            [
                                111.452503,
                                39.384618
                            ],
                            [
                                111.451783,
                                39.378161
                            ],
                            [
                                111.448897,
                                39.372997
                            ],
                            [
                                111.443947,
                                39.367738
                            ],
                            [
                                111.439516,
                                39.363425
                            ],
                            [
                                111.435565,
                                39.3566
                            ],
                            [
                                111.424517,
                                39.349475
                            ],
                            [
                                111.420793,
                                39.343577
                            ],
                            [
                                111.417705,
                                39.337018
                            ],
                            [
                                111.418691,
                                39.331547
                            ],
                            [
                                111.423674,
                                39.323956
                            ],
                            [
                                111.435876,
                                39.318962
                            ],
                            [
                                111.455053,
                                39.311498
                            ],
                            [
                                111.464752,
                                39.307999
                            ],
                            [
                                111.473172,
                                39.301682
                            ],
                            [
                                111.483526,
                                39.284661
                            ],
                            [
                                111.487808,
                                39.278405
                            ],
                            [
                                111.496916,
                                39.274635
                            ],
                            [
                                111.509702,
                                39.273309
                            ],
                            [
                                111.517773,
                                39.271795
                            ],
                            [
                                111.530365,
                                39.264724
                            ],
                            [
                                111.533809,
                                39.257742
                            ],
                            [
                                111.53898,
                                39.251287
                            ],
                            [
                                111.545869,
                                39.249727
                            ],
                            [
                                111.551773,
                                39.249741
                            ],
                            [
                                111.566655,
                                39.252176
                            ],
                            [
                                111.579584,
                                39.253395
                            ],
                            [
                                111.589925,
                                39.252493
                            ],
                            [
                                111.593266,
                                39.252917
                            ],
                            [
                                111.596425,
                                39.25159
                            ],
                            [
                                111.602095,
                                39.248387
                            ],
                            [
                                111.605041,
                                39.246555
                            ],
                            [
                                111.608719,
                                39.246037
                            ],
                            [
                                111.614097,
                                39.243749
                            ],
                            [
                                111.615193,
                                39.241743
                            ],
                            [
                                111.615193,
                                39.238481
                            ],
                            [
                                111.614823,
                                39.234656
                            ],
                            [
                                111.613494,
                                39.226983
                            ],
                            [
                                111.613714,
                                39.222638
                            ],
                            [
                                111.615193,
                                39.220117
                            ],
                            [
                                111.61629,
                                39.21892
                            ],
                            [
                                111.618962,
                                39.218124
                            ],
                            [
                                111.621058,
                                39.21887
                            ],
                            [
                                111.625035,
                                39.219612
                            ],
                            [
                                111.626825,
                                39.219603
                            ],
                            [
                                111.63245,
                                39.22018
                            ],
                            [
                                111.635285,
                                39.222106
                            ],
                            [
                                111.637393,
                                39.222683
                            ],
                            [
                                111.646618,
                                39.225914
                            ],
                            [
                                111.651639,
                                39.226527
                            ],
                            [
                                111.654993,
                                39.22768
                            ],
                            [
                                111.658594,
                                39.231362
                            ],
                            [
                                111.659774,
                                39.23222
                            ],
                            [
                                111.661617,
                                39.232511
                            ],
                            [
                                111.665671,
                                39.232345
                            ],
                            [
                                111.668921,
                                39.232457
                            ],
                            [
                                111.670764,
                                39.233892
                            ],
                            [
                                111.671283,
                                39.237324
                            ],
                            [
                                111.671296,
                                39.250022
                            ],
                            [
                                111.671374,
                                39.251796
                            ],
                            [
                                111.672185,
                                39.252319
                            ],
                            [
                                111.680599,
                                39.253243
                            ],
                            [
                                111.682221,
                                39.25319
                            ],
                            [
                                111.683765,
                                39.249696
                            ],
                            [
                                111.685237,
                                39.247002
                            ],
                            [
                                111.686781,
                                39.245233
                            ],
                            [
                                111.690025,
                                39.243289
                            ],
                            [
                                111.693126,
                                39.242149
                            ],
                            [
                                111.694812,
                                39.24181
                            ],
                            [
                                111.697401,
                                39.242324
                            ],
                            [
                                111.707936,
                                39.246099
                            ],
                            [
                                111.710817,
                                39.246778
                            ],
                            [
                                111.713924,
                                39.246738
                            ],
                            [
                                111.716441,
                                39.246403
                            ],
                            [
                                111.718413,
                                39.246747
                            ],
                            [
                                111.720113,
                                39.247565
                            ],
                            [
                                111.724181,
                                39.251295
                            ],
                            [
                                111.726419,
                                39.252327
                            ],
                            [
                                111.732244,
                                39.253409
                            ],
                            [
                                111.736085,
                                39.253315
                            ],
                            [
                                111.738836,
                                39.252846
                            ],
                            [
                                111.739355,
                                39.252015
                            ],
                            [
                                111.738018,
                                39.248914
                            ],
                            [
                                111.738952,
                                39.246122
                            ],
                            [
                                111.747302,
                                39.251479
                            ],
                            [
                                111.7493,
                                39.254619
                            ],
                            [
                                111.75181,
                                39.25726
                            ],
                            [
                                111.752978,
                                39.259507
                            ],
                            [
                                111.752848,
                                39.262281
                            ],
                            [
                                111.750837,
                                39.263768
                            ],
                            [
                                111.749618,
                                39.26673
                            ],
                            [
                                111.74385,
                                39.273143
                            ],
                            [
                                111.739647,
                                39.278481
                            ],
                            [
                                111.738836,
                                39.28166
                            ],
                            [
                                111.737318,
                                39.286644
                            ],
                            [
                                111.734054,
                                39.291105
                            ],
                            [
                                111.726724,
                                39.294239
                            ],
                            [
                                111.720133,
                                39.299467
                            ],
                            [
                                111.718212,
                                39.306048
                            ],
                            [
                                111.71973,
                                39.310007
                            ],
                            [
                                111.722682,
                                39.314494
                            ],
                            [
                                111.729675,
                                39.32076
                            ],
                            [
                                111.738933,
                                39.324353
                            ],
                            [
                                111.746367,
                                39.332694
                            ],
                            [
                                111.753127,
                                39.338022
                            ],
                            [
                                111.76097,
                                39.344768
                            ],
                            [
                                111.766121,
                                39.347499
                            ],
                            [
                                111.774685,
                                39.347843
                            ],
                            [
                                111.779751,
                                39.34712
                            ],
                            [
                                111.786128,
                                39.344849
                            ],
                            [
                                111.790903,
                                39.339762
                            ],
                            [
                                111.800822,
                                39.332801
                            ],
                            [
                                111.803274,
                                39.33152
                            ],
                            [
                                111.808964,
                                39.325996
                            ],
                            [
                                111.815464,
                                39.321662
                            ],
                            [
                                111.823054,
                                39.318506
                            ],
                            [
                                111.834673,
                                39.321479
                            ],
                            [
                                111.840175,
                                39.323295
                            ],
                            [
                                111.847317,
                                39.327009
                            ],
                            [
                                111.853856,
                                39.330931
                            ],
                            [
                                111.861168,
                                39.336715
                            ],
                            [
                                111.869192,
                                39.345059
                            ],
                            [
                                111.872443,
                                39.349542
                            ],
                            [
                                111.876607,
                                39.358193
                            ],
                            [
                                111.879624,
                                39.366347
                            ],
                            [
                                111.879559,
                                39.376435
                            ],
                            [
                                111.881479,
                                39.378803
                            ],
                            [
                                111.886319,
                                39.381746
                            ],
                            [
                                111.895233,
                                39.385764
                            ],
                            [
                                111.908979,
                                39.388587
                            ],
                            [
                                111.920734,
                                39.390205
                            ],
                            [
                                111.928136,
                                39.3905
                            ],
                            [
                                111.933657,
                                39.392328
                            ],
                            [
                                111.937829,
                                39.39663
                            ],
                            [
                                111.95009,
                                39.400103
                            ],
                            [
                                111.958809,
                                39.403215
                            ],
                            [
                                111.96673,
                                39.404918
                            ],
                            [
                                111.974515,
                                39.404089
                            ],
                            [
                                111.980567,
                                39.402502
                            ],
                            [
                                111.990402,
                                39.397638
                            ],
                            [
                                111.996507,
                                39.395132
                            ],
                            [
                                111.999322,
                                39.393188
                            ],
                            [
                                112.003396,
                                39.389911
                            ],
                            [
                                112.007477,
                                39.386892
                            ],
                            [
                                112.010656,
                                39.392796
                            ],
                            [
                                112.011635,
                                39.396626
                            ],
                            [
                                112.012251,
                                39.400228
                            ],
                            [
                                112.012264,
                                39.402805
                            ],
                            [
                                112.010441,
                                39.407147
                            ],
                            [
                                112.008612,
                                39.410187
                            ],
                            [
                                112.005511,
                                39.411787
                            ],
                            [
                                112.001969,
                                39.412478
                            ],
                            [
                                111.999744,
                                39.413227
                            ],
                            [
                                111.998732,
                                39.416432
                            ],
                            [
                                111.998751,
                                39.420091
                            ],
                            [
                                111.998252,
                                39.423527
                            ],
                            [
                                111.995748,
                                39.426268
                            ],
                            [
                                111.992958,
                                39.42879
                            ],
                            [
                                111.989494,
                                39.432221
                            ],
                            [
                                111.987749,
                                39.437889
                            ],
                            [
                                111.987106,
                                39.44149
                            ],
                            [
                                111.987651,
                                39.446297
                            ],
                            [
                                111.987295,
                                39.448418
                            ],
                            [
                                111.985225,
                                39.449211
                            ],
                            [
                                111.982559,
                                39.44893
                            ],
                            [
                                111.980853,
                                39.448364
                            ],
                            [
                                111.978692,
                                39.446248
                            ],
                            [
                                111.976097,
                                39.445219
                            ],
                            [
                                111.974028,
                                39.445446
                            ],
                            [
                                111.971264,
                                39.446471
                            ],
                            [
                                111.965432,
                                39.450939
                            ],
                            [
                                111.959081,
                                39.454347
                            ],
                            [
                                111.951536,
                                39.460058
                            ],
                            [
                                111.94283,
                                39.463051
                            ],
                            [
                                111.940534,
                                39.463283
                            ],
                            [
                                111.936246,
                                39.463007
                            ],
                            [
                                111.928993,
                                39.459532
                            ],
                            [
                                111.926106,
                                39.458797
                            ],
                            [
                                111.923303,
                                39.45869
                            ],
                            [
                                111.922051,
                                39.459033
                            ],
                            [
                                111.92043,
                                39.461154
                            ],
                            [
                                111.920151,
                                39.462085
                            ],
                            [
                                111.914883,
                                39.463287
                            ],
                            [
                                111.912411,
                                39.466953
                            ],
                            [
                                111.909271,
                                39.472288
                            ],
                            [
                                111.907111,
                                39.480318
                            ],
                            [
                                111.903316,
                                39.487322
                            ],
                            [
                                111.898347,
                                39.494433
                            ],
                            [
                                111.895778,
                                39.497411
                            ],
                            [
                                111.894947,
                                39.50002
                            ],
                            [
                                111.894701,
                                39.502575
                            ],
                            [
                                111.895855,
                                39.506635
                            ],
                            [
                                111.897367,
                                39.511122
                            ],
                            [
                                111.901798,
                                39.515141
                            ],
                            [
                                111.906008,
                                39.517558
                            ],
                            [
                                111.920871,
                                39.521625
                            ],
                            [
                                111.934228,
                                39.523299
                            ],
                            [
                                111.943797,
                                39.52551
                            ],
                            [
                                111.954585,
                                39.525786
                            ],
                            [
                                111.967949,
                                39.525168
                            ],
                            [
                                111.977888,
                                39.525742
                            ],
                            [
                                111.987509,
                                39.52612
                            ],
                            [
                                111.995903,
                                39.528443
                            ],
                            [
                                112.002216,
                                39.537164
                            ],
                            [
                                111.996377,
                                39.542486
                            ],
                            [
                                111.992485,
                                39.546721
                            ],
                            [
                                111.986185,
                                39.552998
                            ],
                            [
                                111.980775,
                                39.559199
                            ],
                            [
                                111.976292,
                                39.563478
                            ],
                            [
                                111.971706,
                                39.567085
                            ],
                            [
                                111.964693,
                                39.57042
                            ],
                            [
                                111.956862,
                                39.57428
                            ],
                            [
                                111.949824,
                                39.579474
                            ],
                            [
                                111.942727,
                                39.585317
                            ],
                            [
                                111.941033,
                                39.590092
                            ],
                            [
                                111.939937,
                                39.594552
                            ],
                            [
                                111.939373,
                                39.599766
                            ],
                            [
                                111.938276,
                                39.603651
                            ],
                            [
                                111.935487,
                                39.607719
                            ],
                            [
                                111.932755,
                                39.609501
                            ],
                            [
                                111.930264,
                                39.611426
                            ],
                            [
                                111.92824,
                                39.610305
                            ],
                            [
                                111.925431,
                                39.610599
                            ],
                            [
                                111.922116,
                                39.612608
                            ],
                            [
                                111.919022,
                                39.615759
                            ],
                            [
                                111.915914,
                                39.616052
                            ],
                            [
                                111.914494,
                                39.613488
                            ],
                            [
                                111.912729,
                                39.613377
                            ],
                            [
                                111.910426,
                                39.613728
                            ],
                            [
                                111.909031,
                                39.614701
                            ],
                            [
                                111.906521,
                                39.615857
                            ],
                            [
                                111.902018,
                                39.617186
                            ],
                            [
                                111.89847,
                                39.616568
                            ],
                            [
                                111.895654,
                                39.614914
                            ],
                            [
                                111.893196,
                                39.612692
                            ],
                            [
                                111.892086,
                                39.612074
                            ],
                            [
                                111.890983,
                                39.612243
                            ],
                            [
                                111.888992,
                                39.613341
                            ],
                            [
                                111.887519,
                                39.613346
                            ],
                            [
                                111.885378,
                                39.61255
                            ],
                            [
                                111.884769,
                                39.611634
                            ],
                            [
                                111.882556,
                                39.610559
                            ],
                            [
                                111.881953,
                                39.609425
                            ],
                            [
                                111.880701,
                                39.608972
                            ],
                            [
                                111.878917,
                                39.605887
                            ],
                            [
                                111.877366,
                                39.606403
                            ],
                            [
                                111.874869,
                                39.609216
                            ],
                            [
                                111.873318,
                                39.609968
                            ],
                            [
                                111.869718,
                                39.612328
                            ],
                            [
                                111.86772,
                                39.612679
                            ],
                            [
                                111.862673,
                                39.614252
                            ],
                            [
                                111.855958,
                                39.614252
                            ],
                            [
                                111.853084,
                                39.615519
                            ],
                            [
                                111.849406,
                                39.617652
                            ],
                            [
                                111.842555,
                                39.620141
                            ],
                            [
                                111.839753,
                                39.620381
                            ],
                            [
                                111.835692,
                                39.620056
                            ],
                            [
                                111.832513,
                                39.618919
                            ],
                            [
                                111.830742,
                                39.617443
                            ],
                            [
                                111.826824,
                                39.61575
                            ],
                            [
                                111.825046,
                                39.613008
                            ],
                            [
                                111.823353,
                                39.612617
                            ],
                            [
                                111.820758,
                                39.60999
                            ],
                            [
                                111.820239,
                                39.608736
                            ],
                            [
                                111.816392,
                                39.605723
                            ],
                            [
                                111.814472,
                                39.605612
                            ],
                            [
                                111.810936,
                                39.604256
                            ],
                            [
                                111.809152,
                                39.603238
                            ],
                            [
                                111.807978,
                                39.6017
                            ],
                            [
                                111.806427,
                                39.600731
                            ],
                            [
                                111.804942,
                                39.598677
                            ],
                            [
                                111.803677,
                                39.597535
                            ],
                            [
                                111.801834,
                                39.597432
                            ],
                            [
                                111.796592,
                                39.595561
                            ],
                            [
                                111.792382,
                                39.592893
                            ],
                            [
                                111.791202,
                                39.5918
                            ],
                            [
                                111.788827,
                                39.590781
                            ],
                            [
                                111.787646,
                                39.589701
                            ],
                            [
                                111.783592,
                                39.58891
                            ],
                            [
                                111.781665,
                                39.589261
                            ],
                            [
                                111.778934,
                                39.591039
                            ],
                            [
                                111.775541,
                                39.593902
                            ],
                            [
                                111.770747,
                                39.593685
                            ],
                            [
                                111.76749,
                                39.593689
                            ],
                            [
                                111.765135,
                                39.593298
                            ],
                            [
                                111.762248,
                                39.59376
                            ],
                            [
                                111.756124,
                                39.596223
                            ],
                            [
                                111.751168,
                                39.597539
                            ],
                            [
                                111.744298,
                                39.6011
                            ],
                            [
                                111.739426,
                                39.603047
                            ],
                            [
                                111.7341,
                                39.604416
                            ],
                            [
                                111.72795,
                                39.605394
                            ],
                            [
                                111.722702,
                                39.606025
                            ],
                            [
                                111.716188,
                                39.610648
                            ],
                            [
                                111.714119,
                                39.61323
                            ],
                            [
                                111.713165,
                                39.615226
                            ],
                            [
                                111.711757,
                                39.617168
                            ],
                            [
                                111.707833,
                                39.621452
                            ],
                            [
                                111.70383,
                                39.624021
                            ],
                            [
                                111.70176,
                                39.625163
                            ],
                            [
                                111.698951,
                                39.626247
                            ],
                            [
                                111.694287,
                                39.628869
                            ],
                            [
                                111.690875,
                                39.630126
                            ],
                            [
                                111.68695,
                                39.630944
                            ],
                            [
                                111.683382,
                                39.631264
                            ],
                            [
                                111.681085,
                                39.632637
                            ],
                            [
                                111.676272,
                                39.633943
                            ],
                            [
                                111.673229,
                                39.635196
                            ],
                            [
                                111.669596,
                                39.637591
                            ],
                            [
                                111.661889,
                                39.641016
                            ],
                            [
                                111.659145,
                                39.641345
                            ],
                            [
                                111.653358,
                                39.641123
                            ],
                            [
                                111.652567,
                                39.641292
                            ],
                            [
                                111.646534,
                                39.644273
                            ],
                            [
                                111.634234,
                                39.642122
                            ],
                            [
                                111.631717,
                                39.641216
                            ],
                            [
                                111.62772,
                                39.636467
                            ],
                            [
                                111.62519,
                                39.633721
                            ],
                            [
                                111.622381,
                                39.633085
                            ],
                            [
                                111.619942,
                                39.632917
                            ],
                            [
                                111.616607,
                                39.633321
                            ],
                            [
                                111.613052,
                                39.634743
                            ],
                            [
                                111.611197,
                                39.635716
                            ],
                            [
                                111.608317,
                                39.636578
                            ],
                            [
                                111.606169,
                                39.637608
                            ],
                            [
                                111.603367,
                                39.639377
                            ],
                            [
                                111.597515,
                                39.642233
                            ],
                            [
                                111.595809,
                                39.643433
                            ],
                            [
                                111.589607,
                                39.644926
                            ],
                            [
                                111.586428,
                                39.645046
                            ],
                            [
                                111.58406,
                                39.644068
                            ],
                            [
                                111.582147,
                                39.644015
                            ],
                            [
                                111.575406,
                                39.643389
                            ],
                            [
                                111.572753,
                                39.64294
                            ],
                            [
                                111.570093,
                                39.643055
                            ],
                            [
                                111.568621,
                                39.64358
                            ],
                            [
                                111.567433,
                                39.644721
                            ],
                            [
                                111.565961,
                                39.647405
                            ],
                            [
                                111.564404,
                                39.649417
                            ],
                            [
                                111.563379,
                                39.651238
                            ],
                            [
                                111.560051,
                                39.653584
                            ],
                            [
                                111.557612,
                                39.654223
                            ],
                            [
                                111.555399,
                                39.65389
                            ],
                            [
                                111.55333,
                                39.654001
                            ],
                            [
                                111.546473,
                                39.653446
                            ],
                            [
                                111.541672,
                                39.655858
                            ],
                            [
                                111.537909,
                                39.65695
                            ],
                            [
                                111.535068,
                                39.658034
                            ],
                            [
                                111.531597,
                                39.659695
                            ],
                            [
                                111.525324,
                                39.662285
                            ],
                            [
                                111.522087,
                                39.663209
                            ],
                            [
                                111.517208,
                                39.663675
                            ],
                            [
                                111.511752,
                                39.663582
                            ],
                            [
                                111.509917,
                                39.663129
                            ],
                            [
                                111.503825,
                                39.662556
                            ],
                            [
                                111.501937,
                                39.663093
                            ],
                            [
                                111.500601,
                                39.662382
                            ],
                            [
                                111.497305,
                                39.661836
                            ],
                            [
                                111.491473,
                                39.659971
                            ],
                            [
                                111.487639,
                                39.658598
                            ],
                            [
                                111.482773,
                                39.656608
                            ],
                            [
                                111.473782,
                                39.651713
                            ],
                            [
                                111.469585,
                                39.649768
                            ],
                            [
                                111.46154,
                                39.646352
                            ],
                            [
                                111.455708,
                                39.644752
                            ],
                            [
                                111.451206,
                                39.643104
                            ],
                            [
                                111.446847,
                                39.642189
                            ]
                        ]
                    ]
                ]
            }
        }
    ]
}