{
    "type": "FeatureCollection",
    "features": [
        {
            "type": "Feature",
            "properties": {
                "adcode": 140931,
                "name": "保德县",
                "center": [
                    111.085688,
                    39.022576
                ],
                "centroid": [
                    111.135553,
                    38.881563
                ],
                "childrenNum": 0,
                "level": "district",
                "acroutes": [
                    100000,
                    140000,
                    140900
                ],
                "parent": {
                    "adcode": 140900
                }
            },
            "geometry": {
                "type": "MultiPolygon",
                "coordinates": [
                    [
                        [
                            [
                                111.211481,
                                38.723989
                            ],
                            [
                                111.213427,
                                38.725302
                            ],
                            [
                                111.219662,
                                38.73224
                            ],
                            [
                                111.223444,
                                38.737969
                            ],
                            [
                                111.225667,
                                38.738413
                            ],
                            [
                                111.229414,
                                38.735429
                            ],
                            [
                                111.235895,
                                38.728172
                            ],
                            [
                                111.243224,
                                38.730611
                            ],
                            [
                                111.250354,
                                38.732395
                            ],
                            [
                                111.253906,
                                38.734615
                            ],
                            [
                                111.257922,
                                38.73817
                            ],
                            [
                                111.260817,
                                38.74151
                            ],
                            [
                                111.262372,
                                38.74507
                            ],
                            [
                                111.258367,
                                38.748409
                            ],
                            [
                                111.249245,
                                38.753309
                            ],
                            [
                                111.24013,
                                38.754425
                            ],
                            [
                                111.231023,
                                38.757554
                            ],
                            [
                                111.224241,
                                38.76184
                            ],
                            [
                                111.221221,
                                38.76699
                            ],
                            [
                                111.219111,
                                38.771724
                            ],
                            [
                                111.216463,
                                38.787678
                            ],
                            [
                                111.223393,
                                38.79327
                            ],
                            [
                                111.227132,
                                38.794349
                            ],
                            [
                                111.235126,
                                38.797691
                            ],
                            [
                                111.240853,
                                38.799785
                            ],
                            [
                                111.242017,
                                38.803972
                            ],
                            [
                                111.239841,
                                38.809613
                            ],
                            [
                                111.238954,
                                38.817612
                            ],
                            [
                                111.242974,
                                38.830878
                            ],
                            [
                                111.24283,
                                38.836846
                            ],
                            [
                                111.244533,
                                38.841739
                            ],
                            [
                                111.246647,
                                38.844554
                            ],
                            [
                                111.249921,
                                38.846418
                            ],
                            [
                                111.256054,
                                38.848962
                            ],
                            [
                                111.260727,
                                38.85047
                            ],
                            [
                                111.264751,
                                38.851516
                            ],
                            [
                                111.266708,
                                38.854449
                            ],
                            [
                                111.268291,
                                38.859442
                            ],
                            [
                                111.269314,
                                38.861492
                            ],
                            [
                                111.271752,
                                38.862913
                            ],
                            [
                                111.273885,
                                38.863361
                            ],
                            [
                                111.278363,
                                38.863397
                            ],
                            [
                                111.283125,
                                38.863032
                            ],
                            [
                                111.284731,
                                38.861821
                            ],
                            [
                                111.287544,
                                38.857048
                            ],
                            [
                                111.288622,
                                38.854695
                            ],
                            [
                                111.290251,
                                38.849017
                            ],
                            [
                                111.291634,
                                38.847752
                            ],
                            [
                                111.293607,
                                38.847345
                            ],
                            [
                                111.29574,
                                38.84756
                            ],
                            [
                                111.299948,
                                38.849547
                            ],
                            [
                                111.302894,
                                38.848665
                            ],
                            [
                                111.304952,
                                38.848675
                            ],
                            [
                                111.307363,
                                38.850009
                            ],
                            [
                                111.31284,
                                38.854851
                            ],
                            [
                                111.315106,
                                38.856239
                            ],
                            [
                                111.317579,
                                38.860725
                            ],
                            [
                                111.3177,
                                38.864562
                            ],
                            [
                                111.320748,
                                38.869563
                            ],
                            [
                                111.323154,
                                38.87376
                            ],
                            [
                                111.327186,
                                38.877436
                            ],
                            [
                                111.326647,
                                38.88477
                            ],
                            [
                                111.324557,
                                38.889258
                            ],
                            [
                                111.320013,
                                38.894787
                            ],
                            [
                                111.316208,
                                38.902425
                            ],
                            [
                                111.317177,
                                38.909354
                            ],
                            [
                                111.315192,
                                38.916383
                            ],
                            [
                                111.314032,
                                38.920002
                            ],
                            [
                                111.310352,
                                38.926035
                            ],
                            [
                                111.310727,
                                38.932939
                            ],
                            [
                                111.311324,
                                38.9345
                            ],
                            [
                                111.314825,
                                38.939049
                            ],
                            [
                                111.318025,
                                38.944164
                            ],
                            [
                                111.319837,
                                38.94905
                            ],
                            [
                                111.324666,
                                38.952508
                            ],
                            [
                                111.330605,
                                38.95461
                            ],
                            [
                                111.333683,
                                38.956745
                            ],
                            [
                                111.33543,
                                38.959619
                            ],
                            [
                                111.335629,
                                38.963797
                            ],
                            [
                                111.333402,
                                38.967227
                            ],
                            [
                                111.327999,
                                38.973042
                            ],
                            [
                                111.325702,
                                38.976471
                            ],
                            [
                                111.324502,
                                38.979905
                            ],
                            [
                                111.323674,
                                38.98379
                            ],
                            [
                                111.323799,
                                38.987118
                            ],
                            [
                                111.321947,
                                38.988947
                            ],
                            [
                                111.319291,
                                38.990647
                            ],
                            [
                                111.316782,
                                38.992703
                            ],
                            [
                                111.314485,
                                38.994974
                            ],
                            [
                                111.314028,
                                38.99796
                            ],
                            [
                                111.309941,
                                39.000704
                            ],
                            [
                                111.307894,
                                39.003175
                            ],
                            [
                                111.302003,
                                39.005787
                            ],
                            [
                                111.298768,
                                39.006229
                            ],
                            [
                                111.29492,
                                39.007423
                            ],
                            [
                                111.291919,
                                39.00798
                            ],
                            [
                                111.288387,
                                39.009055
                            ],
                            [
                                111.282238,
                                39.010578
                            ],
                            [
                                111.275366,
                                39.011986
                            ],
                            [
                                111.273893,
                                39.012032
                            ],
                            [
                                111.271272,
                                39.014452
                            ],
                            [
                                111.271901,
                                39.015651
                            ],
                            [
                                111.27469,
                                39.017697
                            ],
                            [
                                111.276858,
                                39.020103
                            ],
                            [
                                111.278417,
                                39.0224
                            ],
                            [
                                111.279988,
                                39.028055
                            ],
                            [
                                111.280781,
                                39.033364
                            ],
                            [
                                111.279964,
                                39.036098
                            ],
                            [
                                111.278327,
                                39.039634
                            ],
                            [
                                111.275303,
                                39.044144
                            ],
                            [
                                111.270779,
                                39.048208
                            ],
                            [
                                111.268365,
                                39.049561
                            ],
                            [
                                111.261809,
                                39.0528
                            ],
                            [
                                111.256578,
                                39.055947
                            ],
                            [
                                111.25396,
                                39.058612
                            ],
                            [
                                111.249585,
                                39.060607
                            ],
                            [
                                111.242459,
                                39.061623
                            ],
                            [
                                111.240247,
                                39.063622
                            ],
                            [
                                111.238911,
                                39.066587
                            ],
                            [
                                111.237583,
                                39.068304
                            ],
                            [
                                111.236333,
                                39.068933
                            ],
                            [
                                111.234129,
                                39.068755
                            ],
                            [
                                111.230383,
                                39.069265
                            ],
                            [
                                111.225913,
                                39.0684
                            ],
                            [
                                111.222686,
                                39.068564
                            ],
                            [
                                111.219014,
                                39.069069
                            ],
                            [
                                111.216146,
                                39.070613
                            ],
                            [
                                111.212763,
                                39.073473
                            ],
                            [
                                111.210102,
                                39.077184
                            ],
                            [
                                111.206715,
                                39.078851
                            ],
                            [
                                111.204207,
                                39.084069
                            ],
                            [
                                111.201624,
                                39.091076
                            ],
                            [
                                111.197272,
                                39.098005
                            ],
                            [
                                111.190935,
                                39.106836
                            ],
                            [
                                111.184966,
                                39.10949
                            ],
                            [
                                111.17464,
                                39.112148
                            ],
                            [
                                111.165576,
                                39.115284
                            ],
                            [
                                111.162497,
                                39.108443
                            ],
                            [
                                111.161087,
                                39.107032
                            ],
                            [
                                111.158262,
                                39.105057
                            ],
                            [
                                111.152992,
                                39.102708
                            ],
                            [
                                111.149601,
                                39.101866
                            ],
                            [
                                111.147339,
                                39.100546
                            ],
                            [
                                111.14555,
                                39.098192
                            ],
                            [
                                111.144987,
                                39.095456
                            ],
                            [
                                111.145362,
                                39.09338
                            ],
                            [
                                111.146538,
                                39.089843
                            ],
                            [
                                111.146632,
                                39.087202
                            ],
                            [
                                111.145784,
                                39.079848
                            ],
                            [
                                111.14437,
                                39.074001
                            ],
                            [
                                111.141072,
                                39.068441
                            ],
                            [
                                111.138341,
                                39.064292
                            ],
                            [
                                111.133677,
                                39.060857
                            ],
                            [
                                111.12246,
                                39.051151
                            ],
                            [
                                111.115955,
                                39.045588
                            ],
                            [
                                111.108599,
                                39.041442
                            ],
                            [
                                111.10218,
                                39.036913
                            ],
                            [
                                111.094155,
                                39.030215
                            ],
                            [
                                111.088943,
                                39.027098
                            ],
                            [
                                111.085677,
                                39.025868
                            ],
                            [
                                111.080368,
                                39.024542
                            ],
                            [
                                111.072171,
                                39.023143
                            ],
                            [
                                111.070394,
                                39.023189
                            ],
                            [
                                111.067276,
                                39.022405
                            ],
                            [
                                111.060857,
                                39.022705
                            ],
                            [
                                111.052801,
                                39.022368
                            ],
                            [
                                111.038237,
                                39.020121
                            ],
                            [
                                111.028106,
                                39.016129
                            ],
                            [
                                111.019624,
                                39.010044
                            ],
                            [
                                111.01821,
                                39.008791
                            ],
                            [
                                111.015811,
                                39.007647
                            ],
                            [
                                111.010744,
                                39.004132
                            ],
                            [
                                111.000086,
                                38.999701
                            ],
                            [
                                110.998399,
                                38.998502
                            ],
                            [
                                110.991229,
                                38.99021
                            ],
                            [
                                110.983303,
                                38.980361
                            ],
                            [
                                110.98206,
                                38.978158
                            ],
                            [
                                110.980638,
                                38.974542
                            ],
                            [
                                110.979974,
                                38.97228
                            ],
                            [
                                110.980634,
                                38.970018
                            ],
                            [
                                110.982627,
                                38.966721
                            ],
                            [
                                110.984525,
                                38.964942
                            ],
                            [
                                110.989346,
                                38.962306
                            ],
                            [
                                110.994558,
                                38.960153
                            ],
                            [
                                110.996695,
                                38.958342
                            ],
                            [
                                110.997879,
                                38.956029
                            ],
                            [
                                110.998965,
                                38.950405
                            ],
                            [
                                111.001012,
                                38.94561
                            ],
                            [
                                111.002466,
                                38.943812
                            ],
                            [
                                111.005779,
                                38.939108
                            ],
                            [
                                111.009896,
                                38.932606
                            ],
                            [
                                111.011342,
                                38.927975
                            ],
                            [
                                111.011776,
                                38.922321
                            ],
                            [
                                111.011283,
                                38.90866
                            ],
                            [
                                111.012975,
                                38.901607
                            ],
                            [
                                111.015718,
                                38.896221
                            ],
                            [
                                111.016702,
                                38.890016
                            ],
                            [
                                111.015929,
                                38.884464
                            ],
                            [
                                111.012326,
                                38.878308
                            ],
                            [
                                111.004439,
                                38.87239
                            ],
                            [
                                111.001008,
                                38.871184
                            ],
                            [
                                110.998692,
                                38.869896
                            ],
                            [
                                110.996035,
                                38.86801
                            ],
                            [
                                110.994921,
                                38.866215
                            ],
                            [
                                110.995007,
                                38.864425
                            ],
                            [
                                110.996121,
                                38.862036
                            ],
                            [
                                110.998434,
                                38.859396
                            ],
                            [
                                111.00404,
                                38.853768
                            ],
                            [
                                111.009185,
                                38.847807
                            ],
                            [
                                111.01015,
                                38.845143
                            ],
                            [
                                111.010107,
                                38.841598
                            ],
                            [
                                111.008861,
                                38.837773
                            ],
                            [
                                111.004982,
                                38.83288
                            ],
                            [
                                111.00052,
                                38.829009
                            ],
                            [
                                110.996492,
                                38.825111
                            ],
                            [
                                110.993999,
                                38.820591
                            ],
                            [
                                110.992085,
                                38.816218
                            ],
                            [
                                110.98876,
                                38.811085
                            ],
                            [
                                110.98844,
                                38.809165
                            ],
                            [
                                110.9893,
                                38.80714
                            ],
                            [
                                110.98887,
                                38.80479
                            ],
                            [
                                110.98426,
                                38.795067
                            ],
                            [
                                110.981595,
                                38.790769
                            ],
                            [
                                110.979122,
                                38.787715
                            ],
                            [
                                110.975852,
                                38.785118
                            ],
                            [
                                110.971531,
                                38.783142
                            ],
                            [
                                110.969687,
                                38.782845
                            ],
                            [
                                110.965456,
                                38.782795
                            ],
                            [
                                110.963635,
                                38.782155
                            ],
                            [
                                110.95985,
                                38.780092
                            ],
                            [
                                110.957724,
                                38.778428
                            ],
                            [
                                110.956295,
                                38.776722
                            ],
                            [
                                110.955392,
                                38.774769
                            ],
                            [
                                110.955232,
                                38.773036
                            ],
                            [
                                110.956478,
                                38.769354
                            ],
                            [
                                110.957744,
                                38.767731
                            ],
                            [
                                110.961706,
                                38.764323
                            ],
                            [
                                110.964382,
                                38.760596
                            ],
                            [
                                110.965026,
                                38.758249
                            ],
                            [
                                110.965026,
                                38.755688
                            ],
                            [
                                110.961428,
                                38.751612
                            ],
                            [
                                110.958764,
                                38.745495
                            ],
                            [
                                110.953681,
                                38.739721
                            ],
                            [
                                110.949653,
                                38.734363
                            ],
                            [
                                110.945273,
                                38.729481
                            ],
                            [
                                110.949551,
                                38.724941
                            ],
                            [
                                110.95306,
                                38.721811
                            ],
                            [
                                110.954349,
                                38.719531
                            ],
                            [
                                110.955064,
                                38.7129
                            ],
                            [
                                110.954994,
                                38.709512
                            ],
                            [
                                110.95413,
                                38.707796
                            ],
                            [
                                110.950122,
                                38.704221
                            ],
                            [
                                110.947762,
                                38.701401
                            ],
                            [
                                110.945551,
                                38.697047
                            ],
                            [
                                110.944949,
                                38.692176
                            ],
                            [
                                110.945539,
                                38.689822
                            ],
                            [
                                110.949477,
                                38.685844
                            ],
                            [
                                110.959819,
                                38.683472
                            ],
                            [
                                110.975383,
                                38.685088
                            ],
                            [
                                110.980415,
                                38.685184
                            ],
                            [
                                110.985928,
                                38.684323
                            ],
                            [
                                110.989186,
                                38.682006
                            ],
                            [
                                110.993367,
                                38.675243
                            ],
                            [
                                110.998301,
                                38.669807
                            ],
                            [
                                111.003106,
                                38.663234
                            ],
                            [
                                111.006892,
                                38.660417
                            ],
                            [
                                111.015565,
                                38.658695
                            ],
                            [
                                111.025078,
                                38.659318
                            ],
                            [
                                111.034017,
                                38.664654
                            ],
                            [
                                111.043843,
                                38.667622
                            ],
                            [
                                111.055005,
                                38.674166
                            ],
                            [
                                111.061889,
                                38.679653
                            ],
                            [
                                111.071284,
                                38.686324
                            ],
                            [
                                111.080458,
                                38.688861
                            ],
                            [
                                111.092393,
                                38.694644
                            ],
                            [
                                111.1045,
                                38.699474
                            ],
                            [
                                111.11458,
                                38.70477
                            ],
                            [
                                111.116616,
                                38.704889
                            ],
                            [
                                111.123652,
                                38.706523
                            ],
                            [
                                111.131891,
                                38.713485
                            ],
                            [
                                111.138685,
                                38.718259
                            ],
                            [
                                111.146186,
                                38.721815
                            ],
                            [
                                111.151754,
                                38.723911
                            ],
                            [
                                111.166189,
                                38.726456
                            ],
                            [
                                111.17557,
                                38.728469
                            ],
                            [
                                111.187251,
                                38.730071
                            ],
                            [
                                111.202457,
                                38.72932
                            ],
                            [
                                111.207703,
                                38.726598
                            ],
                            [
                                111.211481,
                                38.723989
                            ]
                        ]
                    ]
                ]
            }
        }
    ]
}