{
    "type": "FeatureCollection",
    "features": [
        {
            "type": "Feature",
            "properties": {
                "adcode": 140902,
                "name": "忻府区",
                "center": [
                    112.734112,
                    38.417743
                ],
                "centroid": [
                    112.599927,
                    38.431843
                ],
                "childrenNum": 0,
                "level": "district",
                "acroutes": [
                    100000,
                    140000,
                    140900
                ],
                "parent": {
                    "adcode": 140900
                }
            },
            "geometry": {
                "type": "MultiPolygon",
                "coordinates": [
                    [
                        [
                            [
                                112.745562,
                                38.622205
                            ],
                            [
                                112.734073,
                                38.621149
                            ],
                            [
                                112.723988,
                                38.617594
                            ],
                            [
                                112.718599,
                                38.613968
                            ],
                            [
                                112.710009,
                                38.609776
                            ],
                            [
                                112.705164,
                                38.606854
                            ],
                            [
                                112.699916,
                                38.606212
                            ],
                            [
                                112.693131,
                                38.606668
                            ],
                            [
                                112.684259,
                                38.607506
                            ],
                            [
                                112.677918,
                                38.60625
                            ],
                            [
                                112.676888,
                                38.604869
                            ],
                            [
                                112.675774,
                                38.6017
                            ],
                            [
                                112.675139,
                                38.59823
                            ],
                            [
                                112.673623,
                                38.595412
                            ],
                            [
                                112.672523,
                                38.594532
                            ],
                            [
                                112.67076,
                                38.593984
                            ],
                            [
                                112.6631,
                                38.594327
                            ],
                            [
                                112.661196,
                                38.593937
                            ],
                            [
                                112.659327,
                                38.592561
                            ],
                            [
                                112.657063,
                                38.589896
                            ],
                            [
                                112.655264,
                                38.589144
                            ],
                            [
                                112.653607,
                                38.589053
                            ],
                            [
                                112.646773,
                                38.590886
                            ],
                            [
                                112.64405,
                                38.591733
                            ],
                            [
                                112.642329,
                                38.591881
                            ],
                            [
                                112.640206,
                                38.591495
                            ],
                            [
                                112.635361,
                                38.589834
                            ],
                            [
                                112.633577,
                                38.587934
                            ],
                            [
                                112.631877,
                                38.587159
                            ],
                            [
                                112.628971,
                                38.587325
                            ],
                            [
                                112.627405,
                                38.587744
                            ],
                            [
                                112.624062,
                                38.587382
                            ],
                            [
                                112.619887,
                                38.58772
                            ],
                            [
                                112.61519,
                                38.589125
                            ],
                            [
                                112.610422,
                                38.589624
                            ],
                            [
                                112.608602,
                                38.589634
                            ],
                            [
                                112.605062,
                                38.59447
                            ],
                            [
                                112.604216,
                                38.597212
                            ],
                            [
                                112.601444,
                                38.601124
                            ],
                            [
                                112.598369,
                                38.601833
                            ],
                            [
                                112.592339,
                                38.600681
                            ],
                            [
                                112.585441,
                                38.599582
                            ],
                            [
                                112.580772,
                                38.599534
                            ],
                            [
                                112.57587,
                                38.601091
                            ],
                            [
                                112.573366,
                                38.60238
                            ],
                            [
                                112.571617,
                                38.602476
                            ],
                            [
                                112.570291,
                                38.601924
                            ],
                            [
                                112.567414,
                                38.601643
                            ],
                            [
                                112.563915,
                                38.602709
                            ],
                            [
                                112.561454,
                                38.603789
                            ],
                            [
                                112.560191,
                                38.60398
                            ],
                            [
                                112.55682,
                                38.607582
                            ],
                            [
                                112.556432,
                                38.608639
                            ],
                            [
                                112.555071,
                                38.609524
                            ],
                            [
                                112.55445,
                                38.610799
                            ],
                            [
                                112.553407,
                                38.611484
                            ],
                            [
                                112.552638,
                                38.612779
                            ],
                            [
                                112.550543,
                                38.614006
                            ],
                            [
                                112.545331,
                                38.621377
                            ],
                            [
                                112.5388,
                                38.628509
                            ],
                            [
                                112.535358,
                                38.632524
                            ],
                            [
                                112.529885,
                                38.636259
                            ],
                            [
                                112.522162,
                                38.638533
                            ],
                            [
                                112.511872,
                                38.644864
                            ],
                            [
                                112.50587,
                                38.65293
                            ],
                            [
                                112.499064,
                                38.659826
                            ],
                            [
                                112.491052,
                                38.667144
                            ],
                            [
                                112.480776,
                                38.678289
                            ],
                            [
                                112.473124,
                                38.679183
                            ],
                            [
                                112.46813,
                                38.679483
                            ],
                            [
                                112.465062,
                                38.679155
                            ],
                            [
                                112.463391,
                                38.67934
                            ],
                            [
                                112.448276,
                                38.682782
                            ],
                            [
                                112.446104,
                                38.68349
                            ],
                            [
                                112.44238,
                                38.682777
                            ],
                            [
                                112.438868,
                                38.681085
                            ],
                            [
                                112.438339,
                                38.679597
                            ],
                            [
                                112.438078,
                                38.6745
                            ],
                            [
                                112.438416,
                                38.671457
                            ],
                            [
                                112.440857,
                                38.667316
                            ],
                            [
                                112.442056,
                                38.663759
                            ],
                            [
                                112.441456,
                                38.661705
                            ],
                            [
                                112.43903,
                                38.659826
                            ],
                            [
                                112.432012,
                                38.657586
                            ],
                            [
                                112.430108,
                                38.656564
                            ],
                            [
                                112.428359,
                                38.656174
                            ],
                            [
                                112.42601,
                                38.654528
                            ],
                            [
                                112.424677,
                                38.651446
                            ],
                            [
                                112.424275,
                                38.648303
                            ],
                            [
                                112.422216,
                                38.646029
                            ],
                            [
                                112.41943,
                                38.644036
                            ],
                            [
                                112.417286,
                                38.641125
                            ],
                            [
                                112.414197,
                                38.637648
                            ],
                            [
                                112.410388,
                                38.636877
                            ],
                            [
                                112.404732,
                                38.632491
                            ],
                            [
                                112.402101,
                                38.63153
                            ],
                            [
                                112.398871,
                                38.62937
                            ],
                            [
                                112.394695,
                                38.627615
                            ],
                            [
                                112.390146,
                                38.624836
                            ],
                            [
                                112.389187,
                                38.62398
                            ],
                            [
                                112.387925,
                                38.621239
                            ],
                            [
                                112.387685,
                                38.61906
                            ],
                            [
                                112.386867,
                                38.616885
                            ],
                            [
                                112.38224,
                                38.613178
                            ],
                            [
                                112.378883,
                                38.610304
                            ],
                            [
                                112.371562,
                                38.604755
                            ],
                            [
                                112.3652,
                                38.598092
                            ],
                            [
                                112.360158,
                                38.588725
                            ],
                            [
                                112.353831,
                                38.58137
                            ],
                            [
                                112.340783,
                                38.573309
                            ],
                            [
                                112.333286,
                                38.570957
                            ],
                            [
                                112.328807,
                                38.567115
                            ],
                            [
                                112.325775,
                                38.563786
                            ],
                            [
                                112.322989,
                                38.561158
                            ],
                            [
                                112.320393,
                                38.555319
                            ],
                            [
                                112.318235,
                                38.54698
                            ],
                            [
                                112.317657,
                                38.537091
                            ],
                            [
                                112.317149,
                                38.530646
                            ],
                            [
                                112.317029,
                                38.522608
                            ],
                            [
                                112.317382,
                                38.511611
                            ],
                            [
                                112.315943,
                                38.501002
                            ],
                            [
                                112.313065,
                                38.495154
                            ],
                            [
                                112.30439,
                                38.487942
                            ],
                            [
                                112.301351,
                                38.480024
                            ],
                            [
                                112.300279,
                                38.473335
                            ],
                            [
                                112.30341,
                                38.464962
                            ],
                            [
                                112.308008,
                                38.461471
                            ],
                            [
                                112.319688,
                                38.457323
                            ],
                            [
                                112.329802,
                                38.454952
                            ],
                            [
                                112.33591,
                                38.450822
                            ],
                            [
                                112.338555,
                                38.445876
                            ],
                            [
                                112.339175,
                                38.440167
                            ],
                            [
                                112.337165,
                                38.434357
                            ],
                            [
                                112.335261,
                                38.426709
                            ],
                            [
                                112.332292,
                                38.422468
                            ],
                            [
                                112.330394,
                                38.414824
                            ],
                            [
                                112.330669,
                                38.410018
                            ],
                            [
                                112.336989,
                                38.40223
                            ],
                            [
                                112.339069,
                                38.396803
                            ],
                            [
                                112.338942,
                                38.388765
                            ],
                            [
                                112.33634,
                                38.383161
                            ],
                            [
                                112.331015,
                                38.379056
                            ],
                            [
                                112.319413,
                                38.367143
                            ],
                            [
                                112.317643,
                                38.357211
                            ],
                            [
                                112.317396,
                                38.351466
                            ],
                            [
                                112.297775,
                                38.34155
                            ],
                            [
                                112.286046,
                                38.336974
                            ],
                            [
                                112.277011,
                                38.331586
                            ],
                            [
                                112.275678,
                                38.329842
                            ],
                            [
                                112.273915,
                                38.328499
                            ],
                            [
                                112.269556,
                                38.325695
                            ],
                            [
                                112.268287,
                                38.324166
                            ],
                            [
                                112.266925,
                                38.321185
                            ],
                            [
                                112.268576,
                                38.318141
                            ],
                            [
                                112.270805,
                                38.315265
                            ],
                            [
                                112.273992,
                                38.313879
                            ],
                            [
                                112.274056,
                                38.313038
                            ],
                            [
                                112.275699,
                                38.311805
                            ],
                            [
                                112.278097,
                                38.31138
                            ],
                            [
                                112.284283,
                                38.311576
                            ],
                            [
                                112.287259,
                                38.311251
                            ],
                            [
                                112.289988,
                                38.309731
                            ],
                            [
                                112.290926,
                                38.309488
                            ],
                            [
                                112.293423,
                                38.307624
                            ],
                            [
                                112.295384,
                                38.307136
                            ],
                            [
                                112.301061,
                                38.307012
                            ],
                            [
                                112.303008,
                                38.306295
                            ],
                            [
                                112.305208,
                                38.30673
                            ],
                            [
                                112.308961,
                                38.308737
                            ],
                            [
                                112.313806,
                                38.310161
                            ],
                            [
                                112.317029,
                                38.310806
                            ],
                            [
                                112.319737,
                                38.310998
                            ],
                            [
                                112.321085,
                                38.309956
                            ],
                            [
                                112.322777,
                                38.307753
                            ],
                            [
                                112.323976,
                                38.307017
                            ],
                            [
                                112.328335,
                                38.305277
                            ],
                            [
                                112.337645,
                                38.304221
                            ],
                            [
                                112.340621,
                                38.303012
                            ],
                            [
                                112.344578,
                                38.298242
                            ],
                            [
                                112.349712,
                                38.294103
                            ],
                            [
                                112.355213,
                                38.289448
                            ],
                            [
                                112.359015,
                                38.283014
                            ],
                            [
                                112.363762,
                                38.278023
                            ],
                            [
                                112.370293,
                                38.275589
                            ],
                            [
                                112.374658,
                                38.276034
                            ],
                            [
                                112.381274,
                                38.276005
                            ],
                            [
                                112.385047,
                                38.275819
                            ],
                            [
                                112.389963,
                                38.272759
                            ],
                            [
                                112.398412,
                                38.268193
                            ],
                            [
                                112.406474,
                                38.266778
                            ],
                            [
                                112.40938,
                                38.26836
                            ],
                            [
                                112.413781,
                                38.272577
                            ],
                            [
                                112.418577,
                                38.275183
                            ],
                            [
                                112.423464,
                                38.276584
                            ],
                            [
                                112.427682,
                                38.278611
                            ],
                            [
                                112.433134,
                                38.280638
                            ],
                            [
                                112.43843,
                                38.281054
                            ],
                            [
                                112.443911,
                                38.278898
                            ],
                            [
                                112.446929,
                                38.276072
                            ],
                            [
                                112.448319,
                                38.27044
                            ],
                            [
                                112.449073,
                                38.266027
                            ],
                            [
                                112.451803,
                                38.263206
                            ],
                            [
                                112.45437,
                                38.260088
                            ],
                            [
                                112.456563,
                                38.254397
                            ],
                            [
                                112.458693,
                                38.249969
                            ],
                            [
                                112.46107,
                                38.248586
                            ],
                            [
                                112.466127,
                                38.248027
                            ],
                            [
                                112.468645,
                                38.247142
                            ],
                            [
                                112.470655,
                                38.244665
                            ],
                            [
                                112.474668,
                                38.241709
                            ],
                            [
                                112.480113,
                                38.243373
                            ],
                            [
                                112.483075,
                                38.244095
                            ],
                            [
                                112.486771,
                                38.243488
                            ],
                            [
                                112.489924,
                                38.241852
                            ],
                            [
                                112.493238,
                                38.239824
                            ],
                            [
                                112.498408,
                                38.2376
                            ],
                            [
                                112.499586,
                                38.237327
                            ],
                            [
                                112.504777,
                                38.238097
                            ],
                            [
                                112.506653,
                                38.239958
                            ],
                            [
                                112.511061,
                                38.245803
                            ],
                            [
                                112.513389,
                                38.246745
                            ],
                            [
                                112.516936,
                                38.247262
                            ],
                            [
                                112.522952,
                                38.248548
                            ],
                            [
                                112.524751,
                                38.249954
                            ],
                            [
                                112.524871,
                                38.25279
                            ],
                            [
                                112.524737,
                                38.256109
                            ],
                            [
                                112.525096,
                                38.26058
                            ],
                            [
                                112.524955,
                                38.267839
                            ],
                            [
                                112.525632,
                                38.269312
                            ],
                            [
                                112.526577,
                                38.269536
                            ],
                            [
                                112.527805,
                                38.269006
                            ],
                            [
                                112.528933,
                                38.267332
                            ],
                            [
                                112.532015,
                                38.264851
                            ],
                            [
                                112.537051,
                                38.262048
                            ],
                            [
                                112.541748,
                                38.260341
                            ],
                            [
                                112.542884,
                                38.258787
                            ],
                            [
                                112.543138,
                                38.256267
                            ],
                            [
                                112.54282,
                                38.25301
                            ],
                            [
                                112.543384,
                                38.252264
                            ],
                            [
                                112.54744,
                                38.252283
                            ],
                            [
                                112.549471,
                                38.251853
                            ],
                            [
                                112.552123,
                                38.250346
                            ],
                            [
                                112.554133,
                                38.248496
                            ],
                            [
                                112.554253,
                                38.246836
                            ],
                            [
                                112.553294,
                                38.244502
                            ],
                            [
                                112.553632,
                                38.242723
                            ],
                            [
                                112.556143,
                                38.240637
                            ],
                            [
                                112.5573,
                                38.240106
                            ],
                            [
                                112.562533,
                                38.23913
                            ],
                            [
                                112.563661,
                                38.236849
                            ],
                            [
                                112.563704,
                                38.234165
                            ],
                            [
                                112.562745,
                                38.231061
                            ],
                            [
                                112.56072,
                                38.227382
                            ],
                            [
                                112.557525,
                                38.223401
                            ],
                            [
                                112.559324,
                                38.220095
                            ],
                            [
                                112.562068,
                                38.216411
                            ],
                            [
                                112.564423,
                                38.214545
                            ],
                            [
                                112.566412,
                                38.212387
                            ],
                            [
                                112.56905,
                                38.21065
                            ],
                            [
                                112.573352,
                                38.209315
                            ],
                            [
                                112.577337,
                                38.208726
                            ],
                            [
                                112.581555,
                                38.208535
                            ],
                            [
                                112.585765,
                                38.207731
                            ],
                            [
                                112.589024,
                                38.20787
                            ],
                            [
                                112.593488,
                                38.209755
                            ],
                            [
                                112.594271,
                                38.210444
                            ],
                            [
                                112.596725,
                                38.211329
                            ],
                            [
                                112.600125,
                                38.211085
                            ],
                            [
                                112.602537,
                                38.210305
                            ],
                            [
                                112.606176,
                                38.209779
                            ],
                            [
                                112.609971,
                                38.208449
                            ],
                            [
                                112.613116,
                                38.206994
                            ],
                            [
                                112.617186,
                                38.206525
                            ],
                            [
                                112.62074,
                                38.206568
                            ],
                            [
                                112.622913,
                                38.207396
                            ],
                            [
                                112.625283,
                                38.20943
                            ],
                            [
                                112.629726,
                                38.212621
                            ],
                            [
                                112.636715,
                                38.216028
                            ],
                            [
                                112.639487,
                                38.219263
                            ],
                            [
                                112.641617,
                                38.222722
                            ],
                            [
                                112.644544,
                                38.225612
                            ],
                            [
                                112.64836,
                                38.227611
                            ],
                            [
                                112.648324,
                                38.229664
                            ],
                            [
                                112.647915,
                                38.23229
                            ],
                            [
                                112.647005,
                                38.235371
                            ],
                            [
                                112.645637,
                                38.238327
                            ],
                            [
                                112.643874,
                                38.239221
                            ],
                            [
                                112.64259,
                                38.241948
                            ],
                            [
                                112.641116,
                                38.243426
                            ],
                            [
                                112.639981,
                                38.246439
                            ],
                            [
                                112.641772,
                                38.247553
                            ],
                            [
                                112.644749,
                                38.248046
                            ],
                            [
                                112.651096,
                                38.246688
                            ],
                            [
                                112.656795,
                                38.245674
                            ],
                            [
                                112.664158,
                                38.24422
                            ],
                            [
                                112.668044,
                                38.242211
                            ],
                            [
                                112.673531,
                                38.240848
                            ],
                            [
                                112.676324,
                                38.239049
                            ],
                            [
                                112.678313,
                                38.237356
                            ],
                            [
                                112.681684,
                                38.235859
                            ],
                            [
                                112.685669,
                                38.236763
                            ],
                            [
                                112.689541,
                                38.235839
                            ],
                            [
                                112.693456,
                                38.236629
                            ],
                            [
                                112.693949,
                                38.237724
                            ],
                            [
                                112.693886,
                                38.241441
                            ],
                            [
                                112.694605,
                                38.242249
                            ],
                            [
                                112.696855,
                                38.24257
                            ],
                            [
                                112.704783,
                                38.24289
                            ],
                            [
                                112.707519,
                                38.244009
                            ],
                            [
                                112.710065,
                                38.244263
                            ],
                            [
                                112.711243,
                                38.243474
                            ],
                            [
                                112.717055,
                                38.243263
                            ],
                            [
                                112.72092,
                                38.242904
                            ],
                            [
                                112.724002,
                                38.241331
                            ],
                            [
                                112.726132,
                                38.239814
                            ],
                            [
                                112.72884,
                                38.23858
                            ],
                            [
                                112.731943,
                                38.239991
                            ],
                            [
                                112.732945,
                                38.241264
                            ],
                            [
                                112.735949,
                                38.244043
                            ],
                            [
                                112.738418,
                                38.244124
                            ],
                            [
                                112.740033,
                                38.242885
                            ],
                            [
                                112.743538,
                                38.242058
                            ],
                            [
                                112.748983,
                                38.242
                            ],
                            [
                                112.760698,
                                38.24498
                            ],
                            [
                                112.768668,
                                38.245793
                            ],
                            [
                                112.775036,
                                38.246659
                            ],
                            [
                                112.780241,
                                38.24807
                            ],
                            [
                                112.784642,
                                38.248682
                            ],
                            [
                                112.791808,
                                38.250002
                            ],
                            [
                                112.796132,
                                38.251011
                            ],
                            [
                                112.799369,
                                38.253498
                            ],
                            [
                                112.803572,
                                38.258108
                            ],
                            [
                                112.806351,
                                38.260934
                            ],
                            [
                                112.809144,
                                38.263301
                            ],
                            [
                                112.809095,
                                38.266672
                            ],
                            [
                                112.809927,
                                38.269312
                            ],
                            [
                                112.810188,
                                38.271659
                            ],
                            [
                                112.81327,
                                38.273911
                            ],
                            [
                                112.813729,
                                38.276608
                            ],
                            [
                                112.815506,
                                38.279079
                            ],
                            [
                                112.820499,
                                38.285002
                            ],
                            [
                                112.822636,
                                38.287311
                            ],
                            [
                                112.82586,
                                38.28962
                            ],
                            [
                                112.829294,
                                38.293133
                            ],
                            [
                                112.836672,
                                38.299141
                            ],
                            [
                                112.84364,
                                38.303256
                            ],
                            [
                                112.850841,
                                38.306104
                            ],
                            [
                                112.853528,
                                38.306582
                            ],
                            [
                                112.857513,
                                38.306377
                            ],
                            [
                                112.861999,
                                38.306639
                            ],
                            [
                                112.865603,
                                38.308326
                            ],
                            [
                                112.870004,
                                38.309736
                            ],
                            [
                                112.872825,
                                38.310329
                            ],
                            [
                                112.879052,
                                38.311227
                            ],
                            [
                                112.883164,
                                38.313267
                            ],
                            [
                                112.884949,
                                38.31482
                            ],
                            [
                                112.889138,
                                38.316741
                            ],
                            [
                                112.89313,
                                38.316603
                            ],
                            [
                                112.896833,
                                38.316182
                            ],
                            [
                                112.904944,
                                38.318758
                            ],
                            [
                                112.908555,
                                38.320052
                            ],
                            [
                                112.911009,
                                38.321209
                            ],
                            [
                                112.914902,
                                38.32365
                            ],
                            [
                                112.919924,
                                38.328719
                            ],
                            [
                                112.923747,
                                38.330826
                            ],
                            [
                                112.926652,
                                38.331476
                            ],
                            [
                                112.932845,
                                38.331533
                            ],
                            [
                                112.938424,
                                38.332842
                            ],
                            [
                                112.94511,
                                38.333879
                            ],
                            [
                                112.94786,
                                38.335684
                            ],
                            [
                                112.951182,
                                38.337543
                            ],
                            [
                                112.956641,
                                38.343895
                            ],
                            [
                                112.957925,
                                38.346073
                            ],
                            [
                                112.960027,
                                38.346269
                            ],
                            [
                                112.963356,
                                38.349221
                            ],
                            [
                                112.966219,
                                38.352564
                            ],
                            [
                                112.967728,
                                38.354646
                            ],
                            [
                                112.972207,
                                38.357493
                            ],
                            [
                                112.970021,
                                38.357755
                            ],
                            [
                                112.968843,
                                38.359231
                            ],
                            [
                                112.96605,
                                38.360797
                            ],
                            [
                                112.963271,
                                38.361461
                            ],
                            [
                                112.959089,
                                38.36308
                            ],
                            [
                                112.952649,
                                38.365186
                            ],
                            [
                                112.948756,
                                38.367372
                            ],
                            [
                                112.939404,
                                38.369349
                            ],
                            [
                                112.93568,
                                38.369831
                            ],
                            [
                                112.933416,
                                38.371235
                            ],
                            [
                                112.93118,
                                38.375045
                            ],
                            [
                                112.929615,
                                38.37812
                            ],
                            [
                                112.928359,
                                38.378459
                            ],
                            [
                                112.923062,
                                38.378349
                            ],
                            [
                                112.918922,
                                38.377108
                            ],
                            [
                                112.912674,
                                38.376368
                            ],
                            [
                                112.90737,
                                38.37632
                            ],
                            [
                                112.904295,
                                38.377614
                            ],
                            [
                                112.901791,
                                38.380225
                            ],
                            [
                                112.899492,
                                38.383863
                            ],
                            [
                                112.898871,
                                38.386498
                            ],
                            [
                                112.898829,
                                38.389639
                            ],
                            [
                                112.900197,
                                38.390565
                            ],
                            [
                                112.90165,
                                38.390928
                            ],
                            [
                                112.902764,
                                38.393405
                            ],
                            [
                                112.902355,
                                38.396737
                            ],
                            [
                                112.903773,
                                38.397028
                            ],
                            [
                                112.903209,
                                38.404163
                            ],
                            [
                                112.903879,
                                38.408701
                            ],
                            [
                                112.903625,
                                38.411169
                            ],
                            [
                                112.910311,
                                38.418288
                            ],
                            [
                                112.909493,
                                38.423799
                            ],
                            [
                                112.909316,
                                38.426471
                            ],
                            [
                                112.907906,
                                38.427921
                            ],
                            [
                                112.911778,
                                38.42868
                            ],
                            [
                                112.910607,
                                38.434748
                            ],
                            [
                                112.909422,
                                38.436723
                            ],
                            [
                                112.906813,
                                38.438626
                            ],
                            [
                                112.902235,
                                38.438416
                            ],
                            [
                                112.901544,
                                38.438874
                            ],
                            [
                                112.898688,
                                38.438674
                            ],
                            [
                                112.885407,
                                38.438655
                            ],
                            [
                                112.881352,
                                38.438726
                            ],
                            [
                                112.876732,
                                38.439127
                            ],
                            [
                                112.87238,
                                38.437858
                            ],
                            [
                                112.868212,
                                38.436398
                            ],
                            [
                                112.863437,
                                38.433708
                            ],
                            [
                                112.860517,
                                38.432758
                            ],
                            [
                                112.863106,
                                38.435993
                            ],
                            [
                                112.866646,
                                38.439103
                            ],
                            [
                                112.869383,
                                38.443558
                            ],
                            [
                                112.871266,
                                38.44973
                            ],
                            [
                                112.873544,
                                38.451442
                            ],
                            [
                                112.873551,
                                38.452429
                            ],
                            [
                                112.875194,
                                38.455067
                            ],
                            [
                                112.877423,
                                38.456636
                            ],
                            [
                                112.8798,
                                38.457857
                            ],
                            [
                                112.880202,
                                38.461066
                            ],
                            [
                                112.880823,
                                38.463298
                            ],
                            [
                                112.880766,
                                38.467585
                            ],
                            [
                                112.880957,
                                38.469878
                            ],
                            [
                                112.880555,
                                38.47251
                            ],
                            [
                                112.878876,
                                38.473006
                            ],
                            [
                                112.876471,
                                38.473273
                            ],
                            [
                                112.871682,
                                38.4725
                            ],
                            [
                                112.866526,
                                38.472515
                            ],
                            [
                                112.863621,
                                38.471809
                            ],
                            [
                                112.860553,
                                38.473044
                            ],
                            [
                                112.859079,
                                38.474861
                            ],
                            [
                                112.858684,
                                38.477435
                            ],
                            [
                                112.859883,
                                38.479847
                            ],
                            [
                                112.862118,
                                38.481297
                            ],
                            [
                                112.862824,
                                38.482446
                            ],
                            [
                                112.861639,
                                38.484152
                            ],
                            [
                                112.859798,
                                38.485396
                            ],
                            [
                                112.857294,
                                38.488242
                            ],
                            [
                                112.856399,
                                38.489954
                            ],
                            [
                                112.856145,
                                38.492294
                            ],
                            [
                                112.856624,
                                38.494353
                            ],
                            [
                                112.857696,
                                38.49574
                            ],
                            [
                                112.85972,
                                38.49667
                            ],
                            [
                                112.86336,
                                38.496579
                            ],
                            [
                                112.865892,
                                38.496994
                            ],
                            [
                                112.868868,
                                38.497818
                            ],
                            [
                                112.871245,
                                38.499325
                            ],
                            [
                                112.872599,
                                38.501164
                            ],
                            [
                                112.87468,
                                38.503409
                            ],
                            [
                                112.876443,
                                38.512578
                            ],
                            [
                                112.877797,
                                38.51476
                            ],
                            [
                                112.88327,
                                38.518296
                            ],
                            [
                                112.876358,
                                38.523261
                            ],
                            [
                                112.873791,
                                38.528697
                            ],
                            [
                                112.872218,
                                38.532561
                            ],
                            [
                                112.87116,
                                38.536615
                            ],
                            [
                                112.869242,
                                38.542393
                            ],
                            [
                                112.867662,
                                38.545351
                            ],
                            [
                                112.865024,
                                38.549375
                            ],
                            [
                                112.856173,
                                38.561148
                            ],
                            [
                                112.853845,
                                38.564039
                            ],
                            [
                                112.852675,
                                38.566443
                            ],
                            [
                                112.851715,
                                38.570505
                            ],
                            [
                                112.850996,
                                38.572324
                            ],
                            [
                                112.846948,
                                38.577285
                            ],
                            [
                                112.843386,
                                38.580522
                            ],
                            [
                                112.839747,
                                38.584445
                            ],
                            [
                                112.83646,
                                38.587477
                            ],
                            [
                                112.834401,
                                38.588582
                            ],
                            [
                                112.829802,
                                38.589824
                            ],
                            [
                                112.828504,
                                38.590586
                            ],
                            [
                                112.825345,
                                38.593685
                            ],
                            [
                                112.823426,
                                38.59486
                            ],
                            [
                                112.820344,
                                38.595965
                            ],
                            [
                                112.817015,
                                38.596417
                            ],
                            [
                                112.813856,
                                38.597245
                            ],
                            [
                                112.811182,
                                38.598283
                            ],
                            [
                                112.809123,
                                38.59863
                            ],
                            [
                                112.806655,
                                38.598287
                            ],
                            [
                                112.800067,
                                38.59665
                            ],
                            [
                                112.796428,
                                38.596793
                            ],
                            [
                                112.792584,
                                38.597278
                            ],
                            [
                                112.789495,
                                38.598382
                            ],
                            [
                                112.784621,
                                38.599144
                            ],
                            [
                                112.781053,
                                38.599972
                            ],
                            [
                                112.778309,
                                38.601333
                            ],
                            [
                                112.773767,
                                38.605441
                            ],
                            [
                                112.769965,
                                38.608386
                            ],
                            [
                                112.767067,
                                38.609776
                            ],
                            [
                                112.76146,
                                38.611075
                            ],
                            [
                                112.758314,
                                38.612136
                            ],
                            [
                                112.757136,
                                38.613159
                            ],
                            [
                                112.753229,
                                38.614563
                            ],
                            [
                                112.750796,
                                38.616324
                            ],
                            [
                                112.749025,
                                38.618427
                            ],
                            [
                                112.745767,
                                38.62113
                            ],
                            [
                                112.745562,
                                38.622205
                            ]
                        ]
                    ]
                ]
            }
        }
    ]
}