{
    "type": "FeatureCollection",
    "features": [
        {
            "type": "Feature",
            "properties": {
                "adcode": 140926,
                "name": "静乐县",
                "center": [
                    111.940231,
                    38.355947
                ],
                "centroid": [
                    112.059606,
                    38.394521
                ],
                "childrenNum": 0,
                "level": "district",
                "acroutes": [
                    100000,
                    140000,
                    140900
                ],
                "parent": {
                    "adcode": 140900
                }
            },
            "geometry": {
                "type": "MultiPolygon",
                "coordinates": [
                    [
                        [
                            [
                                111.868191,
                                38.579142
                            ],
                            [
                                111.865943,
                                38.577681
                            ],
                            [
                                111.86106,
                                38.576346
                            ],
                            [
                                111.851793,
                                38.574841
                            ],
                            [
                                111.843062,
                                38.574272
                            ],
                            [
                                111.834195,
                                38.57118
                            ],
                            [
                                111.823093,
                                38.566615
                            ],
                            [
                                111.814503,
                                38.563758
                            ],
                            [
                                111.80358,
                                38.560808
                            ],
                            [
                                111.797003,
                                38.554124
                            ],
                            [
                                111.794947,
                                38.549674
                            ],
                            [
                                111.79318,
                                38.545475
                            ],
                            [
                                111.786597,
                                38.53879
                            ],
                            [
                                111.778906,
                                38.535499
                            ],
                            [
                                111.772706,
                                38.536397
                            ],
                            [
                                111.76882,
                                38.538489
                            ],
                            [
                                111.76903,
                                38.537103
                            ],
                            [
                                111.760193,
                                38.532531
                            ],
                            [
                                111.753851,
                                38.529136
                            ],
                            [
                                111.746204,
                                38.527001
                            ],
                            [
                                111.739935,
                                38.524054
                            ],
                            [
                                111.737657,
                                38.522395
                            ],
                            [
                                111.729621,
                                38.517285
                            ],
                            [
                                111.725366,
                                38.514169
                            ],
                            [
                                111.723692,
                                38.510378
                            ],
                            [
                                111.723427,
                                38.506254
                            ],
                            [
                                111.728771,
                                38.500047
                            ],
                            [
                                111.733667,
                                38.497105
                            ],
                            [
                                111.738507,
                                38.493714
                            ],
                            [
                                111.752139,
                                38.483583
                            ],
                            [
                                111.759375,
                                38.478367
                            ],
                            [
                                111.764732,
                                38.472382
                            ],
                            [
                                111.770631,
                                38.468201
                            ],
                            [
                                111.781745,
                                38.459853
                            ],
                            [
                                111.787564,
                                38.456592
                            ],
                            [
                                111.793567,
                                38.450847
                            ],
                            [
                                111.793672,
                                38.447569
                            ],
                            [
                                111.791819,
                                38.445458
                            ],
                            [
                                111.792102,
                                38.442684
                            ],
                            [
                                111.793771,
                                38.440052
                            ],
                            [
                                111.796486,
                                38.437941
                            ],
                            [
                                111.796671,
                                38.433083
                            ],
                            [
                                111.793721,
                                38.429727
                            ],
                            [
                                111.783561,
                                38.423723
                            ],
                            [
                                111.782816,
                                38.420992
                            ],
                            [
                                111.785507,
                                38.414624
                            ],
                            [
                                111.787478,
                                38.413001
                            ],
                            [
                                111.787435,
                                38.41056
                            ],
                            [
                                111.789103,
                                38.407115
                            ],
                            [
                                111.792003,
                                38.404938
                            ],
                            [
                                111.793752,
                                38.402579
                            ],
                            [
                                111.793383,
                                38.399545
                            ],
                            [
                                111.791283,
                                38.397663
                            ],
                            [
                                111.789614,
                                38.394739
                            ],
                            [
                                111.788451,
                                38.390559
                            ],
                            [
                                111.788882,
                                38.387821
                            ],
                            [
                                111.791061,
                                38.386208
                            ],
                            [
                                111.794466,
                                38.385226
                            ],
                            [
                                111.797662,
                                38.384754
                            ],
                            [
                                111.803352,
                                38.378021
                            ],
                            [
                                111.808284,
                                38.37537
                            ],
                            [
                                111.815716,
                                38.374877
                            ],
                            [
                                111.823327,
                                38.36907
                            ],
                            [
                                111.821652,
                                38.360651
                            ],
                            [
                                111.82361,
                                38.35682
                            ],
                            [
                                111.826209,
                                38.352395
                            ],
                            [
                                111.828087,
                                38.349524
                            ],
                            [
                                111.826492,
                                38.346099
                            ],
                            [
                                111.823444,
                                38.342091
                            ],
                            [
                                111.82156,
                                38.336771
                            ],
                            [
                                111.823222,
                                38.333905
                            ],
                            [
                                111.825162,
                                38.328985
                            ],
                            [
                                111.828616,
                                38.325783
                            ],
                            [
                                111.833395,
                                38.324482
                            ],
                            [
                                111.841141,
                                38.321022
                            ],
                            [
                                111.842348,
                                38.31849
                            ],
                            [
                                111.841892,
                                38.314629
                            ],
                            [
                                111.841633,
                                38.306418
                            ],
                            [
                                111.842348,
                                38.304061
                            ],
                            [
                                111.83478,
                                38.298892
                            ],
                            [
                                111.830907,
                                38.297321
                            ],
                            [
                                111.819663,
                                38.295508
                            ],
                            [
                                111.817169,
                                38.296145
                            ],
                            [
                                111.810852,
                                38.299277
                            ],
                            [
                                111.80749,
                                38.299244
                            ],
                            [
                                111.796394,
                                38.295772
                            ],
                            [
                                111.788795,
                                38.293701
                            ],
                            [
                                111.777275,
                                38.292701
                            ],
                            [
                                111.775156,
                                38.290146
                            ],
                            [
                                111.776406,
                                38.281965
                            ],
                            [
                                111.775206,
                                38.268683
                            ],
                            [
                                111.77552,
                                38.26012
                            ],
                            [
                                111.7764,
                                38.253584
                            ],
                            [
                                111.779165,
                                38.248043
                            ],
                            [
                                111.783709,
                                38.244888
                            ],
                            [
                                111.790249,
                                38.239032
                            ],
                            [
                                111.795846,
                                38.237169
                            ],
                            [
                                111.800279,
                                38.235404
                            ],
                            [
                                111.80196,
                                38.232726
                            ],
                            [
                                111.803475,
                                38.226617
                            ],
                            [
                                111.805384,
                                38.222432
                            ],
                            [
                                111.809152,
                                38.220304
                            ],
                            [
                                111.817631,
                                38.214298
                            ],
                            [
                                111.820796,
                                38.21542
                            ],
                            [
                                111.824337,
                                38.215459
                            ],
                            [
                                111.830851,
                                38.214243
                            ],
                            [
                                111.839527,
                                38.213303
                            ],
                            [
                                111.846338,
                                38.213803
                            ],
                            [
                                111.84962,
                                38.214986
                            ],
                            [
                                111.850494,
                                38.217235
                            ],
                            [
                                111.847914,
                                38.219627
                            ],
                            [
                                111.842046,
                                38.220876
                            ],
                            [
                                111.841319,
                                38.222443
                            ],
                            [
                                111.842465,
                                38.226149
                            ],
                            [
                                111.843505,
                                38.228509
                            ],
                            [
                                111.844983,
                                38.229993
                            ],
                            [
                                111.847668,
                                38.229801
                            ],
                            [
                                111.858955,
                                38.226347
                            ],
                            [
                                111.862452,
                                38.224802
                            ],
                            [
                                111.866319,
                                38.224291
                            ],
                            [
                                111.869139,
                                38.22004
                            ],
                            [
                                111.868191,
                                38.214777
                            ],
                            [
                                111.864626,
                                38.201955
                            ],
                            [
                                111.867877,
                                38.19674
                            ],
                            [
                                111.872864,
                                38.193401
                            ],
                            [
                                111.879164,
                                38.19339
                            ],
                            [
                                111.884816,
                                38.196465
                            ],
                            [
                                111.887279,
                                38.199618
                            ],
                            [
                                111.88909,
                                38.199612
                            ],
                            [
                                111.898147,
                                38.198028
                            ],
                            [
                                111.902267,
                                38.194435
                            ],
                            [
                                111.904428,
                                38.19136
                            ],
                            [
                                111.908584,
                                38.187063
                            ],
                            [
                                111.91513,
                                38.180686
                            ],
                            [
                                111.923541,
                                38.180686
                            ],
                            [
                                111.931293,
                                38.178309
                            ],
                            [
                                111.935665,
                                38.179168
                            ],
                            [
                                111.940167,
                                38.176933
                            ],
                            [
                                111.944951,
                                38.173208
                            ],
                            [
                                111.948639,
                                38.169714
                            ],
                            [
                                111.951324,
                                38.167947
                            ],
                            [
                                111.955253,
                                38.167369
                            ],
                            [
                                111.960185,
                                38.168861
                            ],
                            [
                                111.963473,
                                38.174077
                            ],
                            [
                                111.971336,
                                38.17826
                            ],
                            [
                                111.975985,
                                38.177693
                            ],
                            [
                                111.984285,
                                38.179762
                            ],
                            [
                                111.988146,
                                38.181649
                            ],
                            [
                                111.997395,
                                38.18286
                            ],
                            [
                                112.002937,
                                38.187558
                            ],
                            [
                                112.006877,
                                38.189286
                            ],
                            [
                                112.010221,
                                38.189286
                            ],
                            [
                                112.01173,
                                38.184191
                            ],
                            [
                                112.016083,
                                38.181732
                            ],
                            [
                                112.020886,
                                38.181049
                            ],
                            [
                                112.0262,
                                38.179789
                            ],
                            [
                                112.034679,
                                38.176251
                            ],
                            [
                                112.041803,
                                38.173494
                            ],
                            [
                                112.046434,
                                38.171843
                            ],
                            [
                                112.049716,
                                38.171436
                            ],
                            [
                                112.051464,
                                38.172234
                            ],
                            [
                                112.05628,
                                38.175838
                            ],
                            [
                                112.059321,
                                38.176009
                            ],
                            [
                                112.063305,
                                38.173092
                            ],
                            [
                                112.071292,
                                38.170275
                            ],
                            [
                                112.073465,
                                38.170842
                            ],
                            [
                                112.076427,
                                38.168894
                            ],
                            [
                                112.078822,
                                38.16683
                            ],
                            [
                                112.082597,
                                38.167397
                            ],
                            [
                                112.08812,
                                38.169103
                            ],
                            [
                                112.092036,
                                38.169548
                            ],
                            [
                                112.097178,
                                38.168618
                            ],
                            [
                                112.101377,
                                38.167347
                            ],
                            [
                                112.106291,
                                38.164133
                            ],
                            [
                                112.108009,
                                38.161656
                            ],
                            [
                                112.11147,
                                38.158381
                            ],
                            [
                                112.115885,
                                38.157677
                            ],
                            [
                                112.118563,
                                38.155607
                            ],
                            [
                                112.120349,
                                38.151022
                            ],
                            [
                                112.12626,
                                38.147218
                            ],
                            [
                                112.129253,
                                38.143288
                            ],
                            [
                                112.134764,
                                38.141003
                            ],
                            [
                                112.139086,
                                38.144235
                            ],
                            [
                                112.141168,
                                38.147444
                            ],
                            [
                                112.144425,
                                38.148281
                            ],
                            [
                                112.149634,
                                38.148484
                            ],
                            [
                                112.152454,
                                38.149222
                            ],
                            [
                                112.160336,
                                38.150042
                            ],
                            [
                                112.167331,
                                38.14811
                            ],
                            [
                                112.175133,
                                38.146574
                            ],
                            [
                                112.188839,
                                38.142209
                            ],
                            [
                                112.195767,
                                38.14086
                            ],
                            [
                                112.202429,
                                38.142418
                            ],
                            [
                                112.207392,
                                38.138437
                            ],
                            [
                                112.210982,
                                38.134132
                            ],
                            [
                                112.214726,
                                38.132392
                            ],
                            [
                                112.213125,
                                38.138234
                            ],
                            [
                                112.212164,
                                38.143668
                            ],
                            [
                                112.213654,
                                38.145435
                            ],
                            [
                                112.218039,
                                38.146993
                            ],
                            [
                                112.221979,
                                38.1474
                            ],
                            [
                                112.227226,
                                38.144235
                            ],
                            [
                                112.23273,
                                38.142974
                            ],
                            [
                                112.236216,
                                38.142759
                            ],
                            [
                                112.240637,
                                38.145991
                            ],
                            [
                                112.242441,
                                38.148374
                            ],
                            [
                                112.251462,
                                38.15007
                            ],
                            [
                                112.254953,
                                38.152976
                            ],
                            [
                                112.25701,
                                38.157038
                            ],
                            [
                                112.259651,
                                38.161315
                            ],
                            [
                                112.261154,
                                38.16667
                            ],
                            [
                                112.262835,
                                38.172019
                            ],
                            [
                                112.266203,
                                38.176521
                            ],
                            [
                                112.267767,
                                38.182474
                            ],
                            [
                                112.267595,
                                38.188263
                            ],
                            [
                                112.265815,
                                38.193819
                            ],
                            [
                                112.261258,
                                38.195673
                            ],
                            [
                                112.256985,
                                38.19575
                            ],
                            [
                                112.25483,
                                38.198567
                            ],
                            [
                                112.254651,
                                38.204233
                            ],
                            [
                                112.253752,
                                38.209909
                            ],
                            [
                                112.252693,
                                38.215349
                            ],
                            [
                                112.251486,
                                38.219594
                            ],
                            [
                                112.248845,
                                38.223103
                            ],
                            [
                                112.244941,
                                38.22604
                            ],
                            [
                                112.240748,
                                38.228344
                            ],
                            [
                                112.235267,
                                38.232325
                            ],
                            [
                                112.231665,
                                38.235552
                            ],
                            [
                                112.226708,
                                38.241248
                            ],
                            [
                                112.223765,
                                38.246361
                            ],
                            [
                                112.220902,
                                38.250555
                            ],
                            [
                                112.22145,
                                38.256212
                            ],
                            [
                                112.234024,
                                38.261615
                            ],
                            [
                                112.24523,
                                38.26378
                            ],
                            [
                                112.264417,
                                38.267704
                            ],
                            [
                                112.269984,
                                38.267864
                            ],
                            [
                                112.270575,
                                38.270073
                            ],
                            [
                                112.269731,
                                38.273024
                            ],
                            [
                                112.265877,
                                38.275547
                            ],
                            [
                                112.261462,
                                38.276129
                            ],
                            [
                                112.25422,
                                38.27925
                            ],
                            [
                                112.2506,
                                38.281624
                            ],
                            [
                                112.248309,
                                38.284668
                            ],
                            [
                                112.247601,
                                38.287591
                            ],
                            [
                                112.247989,
                                38.291712
                            ],
                            [
                                112.256098,
                                38.298947
                            ],
                            [
                                112.262293,
                                38.303045
                            ],
                            [
                                112.268635,
                                38.306171
                            ],
                            [
                                112.273992,
                                38.313882
                            ],
                            [
                                112.270809,
                                38.315261
                            ],
                            [
                                112.268574,
                                38.318139
                            ],
                            [
                                112.266923,
                                38.321187
                            ],
                            [
                                112.26829,
                                38.324169
                            ],
                            [
                                112.269559,
                                38.325695
                            ],
                            [
                                112.273918,
                                38.328496
                            ],
                            [
                                112.275673,
                                38.329841
                            ],
                            [
                                112.277009,
                                38.331587
                            ],
                            [
                                112.286049,
                                38.336974
                            ],
                            [
                                112.297779,
                                38.341547
                            ],
                            [
                                112.317397,
                                38.351468
                            ],
                            [
                                112.317643,
                                38.357209
                            ],
                            [
                                112.31941,
                                38.367144
                            ],
                            [
                                112.331017,
                                38.379058
                            ],
                            [
                                112.336344,
                                38.383163
                            ],
                            [
                                112.338942,
                                38.388765
                            ],
                            [
                                112.339065,
                                38.396802
                            ],
                            [
                                112.33699,
                                38.402228
                            ],
                            [
                                112.330673,
                                38.410017
                            ],
                            [
                                112.330395,
                                38.414822
                            ],
                            [
                                112.332292,
                                38.422467
                            ],
                            [
                                112.33526,
                                38.426711
                            ],
                            [
                                112.337169,
                                38.434355
                            ],
                            [
                                112.339176,
                                38.440167
                            ],
                            [
                                112.338554,
                                38.445875
                            ],
                            [
                                112.335906,
                                38.450825
                            ],
                            [
                                112.329798,
                                38.454953
                            ],
                            [
                                112.319687,
                                38.457321
                            ],
                            [
                                112.308007,
                                38.46147
                            ],
                            [
                                112.303407,
                                38.464962
                            ],
                            [
                                112.300279,
                                38.473331
                            ],
                            [
                                112.30135,
                                38.480022
                            ],
                            [
                                112.304392,
                                38.487939
                            ],
                            [
                                112.309995,
                                38.492514
                            ],
                            [
                                112.313062,
                                38.495155
                            ],
                            [
                                112.315944,
                                38.501
                            ],
                            [
                                112.317378,
                                38.511611
                            ],
                            [
                                112.317027,
                                38.522609
                            ],
                            [
                                112.317151,
                                38.530642
                            ],
                            [
                                112.317655,
                                38.537092
                            ],
                            [
                                112.31824,
                                38.54698
                            ],
                            [
                                112.320396,
                                38.555323
                            ],
                            [
                                112.322988,
                                38.561158
                            ],
                            [
                                112.319675,
                                38.562636
                            ],
                            [
                                112.316227,
                                38.566183
                            ],
                            [
                                112.31034,
                                38.571464
                            ],
                            [
                                112.306492,
                                38.577052
                            ],
                            [
                                112.302206,
                                38.58492
                            ],
                            [
                                112.295125,
                                38.590392
                            ],
                            [
                                112.288789,
                                38.593363
                            ],
                            [
                                112.275895,
                                38.597926
                            ],
                            [
                                112.265994,
                                38.601689
                            ],
                            [
                                112.261714,
                                38.604518
                            ],
                            [
                                112.256271,
                                38.607296
                            ],
                            [
                                112.249214,
                                38.612548
                            ],
                            [
                                112.241825,
                                38.618471
                            ],
                            [
                                112.23406,
                                38.625991
                            ],
                            [
                                112.229793,
                                38.633641
                            ],
                            [
                                112.227287,
                                38.641126
                            ],
                            [
                                112.227964,
                                38.649409
                            ],
                            [
                                112.226191,
                                38.654619
                            ],
                            [
                                112.225237,
                                38.660785
                            ],
                            [
                                112.223346,
                                38.663009
                            ],
                            [
                                112.219547,
                                38.662878
                            ],
                            [
                                112.211955,
                                38.662375
                            ],
                            [
                                112.206524,
                                38.665163
                            ],
                            [
                                112.203944,
                                38.674027
                            ],
                            [
                                112.201235,
                                38.680121
                            ],
                            [
                                112.197663,
                                38.680913
                            ],
                            [
                                112.191309,
                                38.679536
                            ],
                            [
                                112.183883,
                                38.676519
                            ],
                            [
                                112.172861,
                                38.669929
                            ],
                            [
                                112.169178,
                                38.668032
                            ],
                            [
                                112.158199,
                                38.664397
                            ],
                            [
                                112.151851,
                                38.661041
                            ],
                            [
                                112.144406,
                                38.657756
                            ],
                            [
                                112.139659,
                                38.656182
                            ],
                            [
                                112.13711,
                                38.656253
                            ],
                            [
                                112.135306,
                                38.658265
                            ],
                            [
                                112.133267,
                                38.659249
                            ],
                            [
                                112.131814,
                                38.660457
                            ],
                            [
                                112.128471,
                                38.661211
                            ],
                            [
                                112.125774,
                                38.661233
                            ],
                            [
                                112.121827,
                                38.659577
                            ],
                            [
                                112.118532,
                                38.657068
                            ],
                            [
                                112.117578,
                                38.655532
                            ],
                            [
                                112.116476,
                                38.652848
                            ],
                            [
                                112.117991,
                                38.650486
                            ],
                            [
                                112.119284,
                                38.647042
                            ],
                            [
                                112.119345,
                                38.645156
                            ],
                            [
                                112.118976,
                                38.643089
                            ],
                            [
                                112.119025,
                                38.63988
                            ],
                            [
                                112.120263,
                                38.637878
                            ],
                            [
                                112.123742,
                                38.63603
                            ],
                            [
                                112.127602,
                                38.634811
                            ],
                            [
                                112.128908,
                                38.633767
                            ],
                            [
                                112.129259,
                                38.63205
                            ],
                            [
                                112.129388,
                                38.628501
                            ],
                            [
                                112.129234,
                                38.626729
                            ],
                            [
                                112.128495,
                                38.625345
                            ],
                            [
                                112.126082,
                                38.623065
                            ],
                            [
                                112.122498,
                                38.62102
                            ],
                            [
                                112.120823,
                                38.619767
                            ],
                            [
                                112.116427,
                                38.614287
                            ],
                            [
                                112.114154,
                                38.612345
                            ],
                            [
                                112.111211,
                                38.607373
                            ],
                            [
                                112.108434,
                                38.604572
                            ],
                            [
                                112.10631,
                                38.603374
                            ],
                            [
                                112.10179,
                                38.602417
                            ],
                            [
                                112.097043,
                                38.602264
                            ],
                            [
                                112.09522,
                                38.601629
                            ],
                            [
                                112.090171,
                                38.598834
                            ],
                            [
                                112.085269,
                                38.596563
                            ],
                            [
                                112.083521,
                                38.595923
                            ],
                            [
                                112.080159,
                                38.596109
                            ],
                            [
                                112.076599,
                                38.596733
                            ],
                            [
                                112.073632,
                                38.596224
                            ],
                            [
                                112.065251,
                                38.593828
                            ],
                            [
                                112.059697,
                                38.588783
                            ],
                            [
                                112.052893,
                                38.580018
                            ],
                            [
                                112.050652,
                                38.573506
                            ],
                            [
                                112.046815,
                                38.564393
                            ],
                            [
                                112.042505,
                                38.558022
                            ],
                            [
                                112.035393,
                                38.554289
                            ],
                            [
                                112.026206,
                                38.555279
                            ],
                            [
                                112.017444,
                                38.554458
                            ],
                            [
                                112.011003,
                                38.544549
                            ],
                            [
                                112.011255,
                                38.535844
                            ],
                            [
                                112.011145,
                                38.528287
                            ],
                            [
                                112.01309,
                                38.525555
                            ],
                            [
                                112.015634,
                                38.522685
                            ],
                            [
                                112.015923,
                                38.520117
                            ],
                            [
                                112.014445,
                                38.517477
                            ],
                            [
                                112.012025,
                                38.514788
                            ],
                            [
                                112.009759,
                                38.513057
                            ],
                            [
                                112.008288,
                                38.512542
                            ],
                            [
                                112.006176,
                                38.512652
                            ],
                            [
                                112.00362,
                                38.513281
                            ],
                            [
                                111.999027,
                                38.515461
                            ],
                            [
                                111.998004,
                                38.518096
                            ],
                            [
                                111.995677,
                                38.521124
                            ],
                            [
                                111.992906,
                                38.522439
                            ],
                            [
                                111.982383,
                                38.522318
                            ],
                            [
                                111.979532,
                                38.522773
                            ],
                            [
                                111.974205,
                                38.524432
                            ],
                            [
                                111.971428,
                                38.526037
                            ],
                            [
                                111.968522,
                                38.52832
                            ],
                            [
                                111.966626,
                                38.53056
                            ],
                            [
                                111.965394,
                                38.533424
                            ],
                            [
                                111.964082,
                                38.535198
                            ],
                            [
                                111.962568,
                                38.543559
                            ],
                            [
                                111.962143,
                                38.547517
                            ],
                            [
                                111.961502,
                                38.55032
                            ],
                            [
                                111.957131,
                                38.556735
                            ],
                            [
                                111.955604,
                                38.558449
                            ],
                            [
                                111.952974,
                                38.558969
                            ],
                            [
                                111.949101,
                                38.557135
                            ],
                            [
                                111.947636,
                                38.555531
                            ],
                            [
                                111.945788,
                                38.550544
                            ],
                            [
                                111.945647,
                                38.548885
                            ],
                            [
                                111.943375,
                                38.54825
                            ],
                            [
                                111.94053,
                                38.549
                            ],
                            [
                                111.937765,
                                38.551404
                            ],
                            [
                                111.935801,
                                38.553818
                            ],
                            [
                                111.935444,
                                38.554655
                            ],
                            [
                                111.927051,
                                38.556681
                            ],
                            [
                                111.921232,
                                38.560573
                            ],
                            [
                                111.916146,
                                38.566801
                            ],
                            [
                                111.911737,
                                38.571442
                            ],
                            [
                                111.90598,
                                38.574425
                            ],
                            [
                                111.891128,
                                38.577511
                            ],
                            [
                                111.884539,
                                38.579777
                            ],
                            [
                                111.875968,
                                38.581052
                            ],
                            [
                                111.868191,
                                38.579142
                            ]
                        ]
                    ]
                ]
            }
        }
    ]
}