{
    "type": "FeatureCollection",
    "features": [
        {
            "type": "Feature",
            "properties": {
                "adcode": 140930,
                "name": "河曲县",
                "center": [
                    111.146609,
                    39.381895
                ],
                "centroid": [
                    111.352937,
                    39.201729
                ],
                "childrenNum": 0,
                "level": "district",
                "acroutes": [
                    100000,
                    140000,
                    140900
                ],
                "parent": {
                    "adcode": 140900
                }
            },
            "geometry": {
                "type": "MultiPolygon",
                "coordinates": [
                    [
                        [
                            [
                                111.269439,
                                39.423726
                            ],
                            [
                                111.262041,
                                39.424231
                            ],
                            [
                                111.247284,
                                39.424088
                            ],
                            [
                                111.236836,
                                39.423665
                            ],
                            [
                                111.231997,
                                39.424511
                            ],
                            [
                                111.225409,
                                39.422754
                            ],
                            [
                                111.222954,
                                39.422683
                            ],
                            [
                                111.21747,
                                39.425658
                            ],
                            [
                                111.214951,
                                39.426048
                            ],
                            [
                                111.212301,
                                39.425598
                            ],
                            [
                                111.208882,
                                39.42405
                            ],
                            [
                                111.205398,
                                39.422051
                            ],
                            [
                                111.199339,
                                39.420794
                            ],
                            [
                                111.193376,
                                39.420421
                            ],
                            [
                                111.186767,
                                39.420849
                            ],
                            [
                                111.183748,
                                39.42176
                            ],
                            [
                                111.179928,
                                39.423523
                            ],
                            [
                                111.176984,
                                39.424253
                            ],
                            [
                                111.174355,
                                39.424104
                            ],
                            [
                                111.172185,
                                39.423385
                            ],
                            [
                                111.169246,
                                39.421475
                            ],
                            [
                                111.162197,
                                39.415464
                            ],
                            [
                                111.161368,
                                39.414997
                            ],
                            [
                                111.14908,
                                39.410885
                            ],
                            [
                                111.145311,
                                39.409441
                            ],
                            [
                                111.143142,
                                39.407788
                            ],
                            [
                                111.140922,
                                39.405103
                            ],
                            [
                                111.138338,
                                39.401485
                            ],
                            [
                                111.133224,
                                39.392858
                            ],
                            [
                                111.12852,
                                39.38624
                            ],
                            [
                                111.1264,
                                39.384175
                            ],
                            [
                                111.124161,
                                39.382499
                            ],
                            [
                                111.119592,
                                39.377243
                            ],
                            [
                                111.119077,
                                39.373612
                            ],
                            [
                                111.120082,
                                39.369997
                            ],
                            [
                                111.12558,
                                39.366448
                            ],
                            [
                                111.132964,
                                39.366827
                            ],
                            [
                                111.136688,
                                39.367283
                            ],
                            [
                                111.14797,
                                39.36947
                            ],
                            [
                                111.152444,
                                39.369459
                            ],
                            [
                                111.155034,
                                39.368277
                            ],
                            [
                                111.157383,
                                39.365443
                            ],
                            [
                                111.158798,
                                39.362377
                            ],
                            [
                                111.159153,
                                39.357778
                            ],
                            [
                                111.157858,
                                39.353069
                            ],
                            [
                                111.154559,
                                39.34553
                            ],
                            [
                                111.154089,
                                39.341754
                            ],
                            [
                                111.155384,
                                39.338687
                            ],
                            [
                                111.158208,
                                39.336681
                            ],
                            [
                                111.161737,
                                39.335494
                            ],
                            [
                                111.165267,
                                39.335961
                            ],
                            [
                                111.167501,
                                39.337253
                            ],
                            [
                                111.168561,
                                39.338665
                            ],
                            [
                                111.168746,
                                39.341672
                            ],
                            [
                                111.170745,
                                39.344694
                            ],
                            [
                                111.17278,
                                39.346074
                            ],
                            [
                                111.180163,
                                39.349486
                            ],
                            [
                                111.183653,
                                39.350899
                            ],
                            [
                                111.186197,
                                39.351294
                            ],
                            [
                                111.188447,
                                39.350888
                            ],
                            [
                                111.191386,
                                39.349349
                            ],
                            [
                                111.19374,
                                39.346986
                            ],
                            [
                                111.195035,
                                39.34498
                            ],
                            [
                                111.195035,
                                39.342271
                            ],
                            [
                                111.19421,
                                39.340507
                            ],
                            [
                                111.192091,
                                39.338506
                            ],
                            [
                                111.189151,
                                39.336978
                            ],
                            [
                                111.186327,
                                39.335802
                            ],
                            [
                                111.181068,
                                39.331784
                            ],
                            [
                                111.179349,
                                39.328794
                            ],
                            [
                                111.179429,
                                39.326771
                            ],
                            [
                                111.181988,
                                39.321351
                            ],
                            [
                                111.187972,
                                39.314314
                            ],
                            [
                                111.192126,
                                39.311708
                            ],
                            [
                                111.19796,
                                39.307292
                            ],
                            [
                                111.202314,
                                39.305181
                            ],
                            [
                                111.207682,
                                39.303168
                            ],
                            [
                                111.213801,
                                39.301277
                            ],
                            [
                                111.217805,
                                39.300798
                            ],
                            [
                                111.220275,
                                39.300798
                            ],
                            [
                                111.223229,
                                39.301519
                            ],
                            [
                                111.225848,
                                39.301893
                            ],
                            [
                                111.229933,
                                39.301964
                            ],
                            [
                                111.234647,
                                39.302553
                            ],
                            [
                                111.24207,
                                39.302662
                            ],
                            [
                                111.246429,
                                39.302542
                            ],
                            [
                                111.247494,
                                39.302316
                            ],
                            [
                                111.247929,
                                39.300694
                            ],
                            [
                                111.244969,
                                39.298511
                            ],
                            [
                                111.24308,
                                39.294738
                            ],
                            [
                                111.241005,
                                39.292291
                            ],
                            [
                                111.238841,
                                39.290591
                            ],
                            [
                                111.237236,
                                39.289744
                            ],
                            [
                                111.233842,
                                39.288897
                            ],
                            [
                                111.230922,
                                39.287489
                            ],
                            [
                                111.227153,
                                39.284376
                            ],
                            [
                                111.223949,
                                39.277495
                            ],
                            [
                                111.221499,
                                39.274293
                            ],
                            [
                                111.218955,
                                39.271372
                            ],
                            [
                                111.217635,
                                39.269392
                            ],
                            [
                                111.216131,
                                39.266003
                            ],
                            [
                                111.213536,
                                39.257188
                            ],
                            [
                                111.213441,
                                39.254547
                            ],
                            [
                                111.214006,
                                39.25228
                            ],
                            [
                                111.214856,
                                39.250772
                            ],
                            [
                                111.219,
                                39.245671
                            ],
                            [
                                111.21928,
                                39.243976
                            ],
                            [
                                111.217305,
                                39.237377
                            ],
                            [
                                111.215041,
                                39.233513
                            ],
                            [
                                111.213066,
                                39.230777
                            ],
                            [
                                111.209477,
                                39.227981
                            ],
                            [
                                111.207218,
                                39.227326
                            ],
                            [
                                111.205158,
                                39.225872
                            ],
                            [
                                111.204013,
                                39.224672
                            ],
                            [
                                111.203988,
                                39.223725
                            ],
                            [
                                111.205443,
                                39.220918
                            ],
                            [
                                111.205353,
                                39.219663
                            ],
                            [
                                111.200554,
                                39.214162
                            ],
                            [
                                111.196015,
                                39.209802
                            ],
                            [
                                111.19453,
                                39.207004
                            ],
                            [
                                111.192521,
                                39.20054
                            ],
                            [
                                111.189641,
                                39.193551
                            ],
                            [
                                111.187637,
                                39.190059
                            ],
                            [
                                111.183188,
                                39.184733
                            ],
                            [
                                111.177949,
                                39.178977
                            ],
                            [
                                111.17472,
                                39.174697
                            ],
                            [
                                111.170226,
                                39.16559
                            ],
                            [
                                111.166596,
                                39.159512
                            ],
                            [
                                111.163682,
                                39.154046
                            ],
                            [
                                111.163097,
                                39.152464
                            ],
                            [
                                111.163297,
                                39.150067
                            ],
                            [
                                111.164242,
                                39.148519
                            ],
                            [
                                111.166336,
                                39.146518
                            ],
                            [
                                111.170196,
                                39.144391
                            ],
                            [
                                111.17187,
                                39.14271
                            ],
                            [
                                111.17394,
                                39.139315
                            ],
                            [
                                111.174125,
                                39.135164
                            ],
                            [
                                111.172245,
                                39.130639
                            ],
                            [
                                111.170316,
                                39.127105
                            ],
                            [
                                111.168526,
                                39.120887
                            ],
                            [
                                111.165577,
                                39.115285
                            ],
                            [
                                111.17464,
                                39.112148
                            ],
                            [
                                111.184967,
                                39.10949
                            ],
                            [
                                111.190936,
                                39.106838
                            ],
                            [
                                111.197275,
                                39.098003
                            ],
                            [
                                111.201624,
                                39.091076
                            ],
                            [
                                111.204208,
                                39.084066
                            ],
                            [
                                111.206718,
                                39.078848
                            ],
                            [
                                111.210102,
                                39.077182
                            ],
                            [
                                111.212761,
                                39.073469
                            ],
                            [
                                111.216146,
                                39.070611
                            ],
                            [
                                111.21901,
                                39.069072
                            ],
                            [
                                111.222684,
                                39.068564
                            ],
                            [
                                111.225913,
                                39.068399
                            ],
                            [
                                111.230382,
                                39.069265
                            ],
                            [
                                111.234127,
                                39.068757
                            ],
                            [
                                111.236331,
                                39.068928
                            ],
                            [
                                111.237586,
                                39.068305
                            ],
                            [
                                111.238911,
                                39.066589
                            ],
                            [
                                111.240245,
                                39.063621
                            ],
                            [
                                111.24246,
                                39.061623
                            ],
                            [
                                111.249588,
                                39.060608
                            ],
                            [
                                111.253962,
                                39.05861
                            ],
                            [
                                111.256577,
                                39.055951
                            ],
                            [
                                111.261811,
                                39.0528
                            ],
                            [
                                111.268364,
                                39.04956
                            ],
                            [
                                111.270779,
                                39.048208
                            ],
                            [
                                111.275303,
                                39.044146
                            ],
                            [
                                111.278327,
                                39.039631
                            ],
                            [
                                111.279967,
                                39.036093
                            ],
                            [
                                111.280781,
                                39.033366
                            ],
                            [
                                111.279987,
                                39.028056
                            ],
                            [
                                111.278417,
                                39.022397
                            ],
                            [
                                111.276857,
                                39.020101
                            ],
                            [
                                111.274688,
                                39.017699
                            ],
                            [
                                111.271898,
                                39.015651
                            ],
                            [
                                111.271274,
                                39.014452
                            ],
                            [
                                111.273893,
                                39.012034
                            ],
                            [
                                111.275368,
                                39.011984
                            ],
                            [
                                111.282241,
                                39.010576
                            ],
                            [
                                111.288385,
                                39.009052
                            ],
                            [
                                111.291919,
                                39.007975
                            ],
                            [
                                111.294918,
                                39.007423
                            ],
                            [
                                111.298768,
                                39.00623
                            ],
                            [
                                111.302002,
                                39.005789
                            ],
                            [
                                111.307896,
                                39.003177
                            ],
                            [
                                111.309945,
                                39.000703
                            ],
                            [
                                111.314024,
                                38.997958
                            ],
                            [
                                111.314484,
                                38.994976
                            ],
                            [
                                111.316779,
                                38.9927
                            ],
                            [
                                111.319293,
                                38.990645
                            ],
                            [
                                111.321948,
                                38.98895
                            ],
                            [
                                111.323797,
                                38.987116
                            ],
                            [
                                111.323677,
                                38.983791
                            ],
                            [
                                111.324502,
                                38.979907
                            ],
                            [
                                111.325702,
                                38.976471
                            ],
                            [
                                111.328001,
                                38.973046
                            ],
                            [
                                111.3334,
                                38.967228
                            ],
                            [
                                111.33563,
                                38.963797
                            ],
                            [
                                111.33543,
                                38.95962
                            ],
                            [
                                111.333685,
                                38.956746
                            ],
                            [
                                111.330606,
                                38.954608
                            ],
                            [
                                111.324667,
                                38.952508
                            ],
                            [
                                111.319838,
                                38.949048
                            ],
                            [
                                111.318023,
                                38.944162
                            ],
                            [
                                111.314824,
                                38.93905
                            ],
                            [
                                111.311325,
                                38.934501
                            ],
                            [
                                111.310725,
                                38.932936
                            ],
                            [
                                111.31035,
                                38.926032
                            ],
                            [
                                111.314034,
                                38.920006
                            ],
                            [
                                111.315189,
                                38.916384
                            ],
                            [
                                111.327086,
                                38.919458
                            ],
                            [
                                111.341253,
                                38.919657
                            ],
                            [
                                111.351361,
                                38.918972
                            ],
                            [
                                111.366893,
                                38.916699
                            ],
                            [
                                111.371392,
                                38.915754
                            ],
                            [
                                111.374116,
                                38.914731
                            ],
                            [
                                111.384534,
                                38.909456
                            ],
                            [
                                111.392477,
                                38.905906
                            ],
                            [
                                111.398221,
                                38.903865
                            ],
                            [
                                111.40275,
                                38.90246
                            ],
                            [
                                111.406604,
                                38.902173
                            ],
                            [
                                111.406144,
                                38.904451
                            ],
                            [
                                111.40288,
                                38.908897
                            ],
                            [
                                111.400435,
                                38.914073
                            ],
                            [
                                111.398786,
                                38.916522
                            ],
                            [
                                111.394242,
                                38.926424
                            ],
                            [
                                111.393937,
                                38.934678
                            ],
                            [
                                111.395866,
                                38.940736
                            ],
                            [
                                111.398536,
                                38.944754
                            ],
                            [
                                111.40298,
                                38.952756
                            ],
                            [
                                111.412778,
                                38.960078
                            ],
                            [
                                111.42418,
                                38.96562
                            ],
                            [
                                111.433088,
                                38.968759
                            ],
                            [
                                111.438812,
                                38.971068
                            ],
                            [
                                111.443991,
                                38.972897
                            ],
                            [
                                111.450325,
                                38.974764
                            ],
                            [
                                111.456183,
                                38.975234
                            ],
                            [
                                111.461432,
                                38.975919
                            ],
                            [
                                111.463432,
                                38.976687
                            ],
                            [
                                111.465346,
                                38.97883
                            ],
                            [
                                111.473724,
                                38.98078
                            ],
                            [
                                111.481603,
                                38.985923
                            ],
                            [
                                111.483997,
                                38.989093
                            ],
                            [
                                111.486837,
                                38.989033
                            ],
                            [
                                111.488601,
                                38.98964
                            ],
                            [
                                111.491561,
                                38.992242
                            ],
                            [
                                111.4934,
                                38.99286
                            ],
                            [
                                111.49514,
                                38.992153
                            ],
                            [
                                111.49606,
                                38.9899
                            ],
                            [
                                111.497154,
                                38.989552
                            ],
                            [
                                111.498709,
                                38.990452
                            ],
                            [
                                111.500114,
                                38.991756
                            ],
                            [
                                111.500794,
                                38.993413
                            ],
                            [
                                111.500759,
                                38.996677
                            ],
                            [
                                111.498999,
                                39.001222
                            ],
                            [
                                111.4949,
                                39.002647
                            ],
                            [
                                111.491541,
                                39.002597
                            ],
                            [
                                111.488901,
                                39.003342
                            ],
                            [
                                111.486597,
                                39.006788
                            ],
                            [
                                111.484742,
                                39.016584
                            ],
                            [
                                111.483522,
                                39.025489
                            ],
                            [
                                111.484247,
                                39.031948
                            ],
                            [
                                111.484302,
                                39.039526
                            ],
                            [
                                111.484622,
                                39.047579
                            ],
                            [
                                111.481803,
                                39.053407
                            ],
                            [
                                111.481293,
                                39.057093
                            ],
                            [
                                111.481508,
                                39.059444
                            ],
                            [
                                111.483912,
                                39.068476
                            ],
                            [
                                111.484712,
                                39.070705
                            ],
                            [
                                111.489021,
                                39.075968
                            ],
                            [
                                111.492675,
                                39.080762
                            ],
                            [
                                111.49271,
                                39.090983
                            ],
                            [
                                111.49335,
                                39.093977
                            ],
                            [
                                111.49491,
                                39.09781
                            ],
                            [
                                111.496774,
                                39.100805
                            ],
                            [
                                111.500174,
                                39.103061
                            ],
                            [
                                111.502788,
                                39.104241
                            ],
                            [
                                111.504493,
                                39.106154
                            ],
                            [
                                111.505283,
                                39.10879
                            ],
                            [
                                111.506377,
                                39.115351
                            ],
                            [
                                111.506007,
                                39.119531
                            ],
                            [
                                111.503073,
                                39.122022
                            ],
                            [
                                111.500004,
                                39.123665
                            ],
                            [
                                111.49588,
                                39.126642
                            ],
                            [
                                111.493775,
                                39.127739
                            ],
                            [
                                111.492215,
                                39.129553
                            ],
                            [
                                111.491206,
                                39.131526
                            ],
                            [
                                111.489531,
                                39.136752
                            ],
                            [
                                111.489841,
                                39.136879
                            ],
                            [
                                111.489861,
                                39.139392
                            ],
                            [
                                111.490186,
                                39.14276
                            ],
                            [
                                111.491426,
                                39.14395
                            ],
                            [
                                111.49205,
                                39.145504
                            ],
                            [
                                111.496384,
                                39.149197
                            ],
                            [
                                111.502393,
                                39.151561
                            ],
                            [
                                111.508727,
                                39.1556
                            ],
                            [
                                111.512901,
                                39.159534
                            ],
                            [
                                111.518465,
                                39.164306
                            ],
                            [
                                111.521104,
                                39.16776
                            ],
                            [
                                111.519894,
                                39.170179
                            ],
                            [
                                111.518835,
                                39.171386
                            ],
                            [
                                111.518025,
                                39.173231
                            ],
                            [
                                111.517935,
                                39.175115
                            ],
                            [
                                111.51872,
                                39.177396
                            ],
                            [
                                111.523519,
                                39.181445
                            ],
                            [
                                111.527528,
                                39.183218
                            ],
                            [
                                111.530452,
                                39.183439
                            ],
                            [
                                111.533551,
                                39.182464
                            ],
                            [
                                111.534431,
                                39.18269
                            ],
                            [
                                111.537191,
                                39.180023
                            ],
                            [
                                111.542789,
                                39.176718
                            ],
                            [
                                111.543774,
                                39.175892
                            ],
                            [
                                111.547848,
                                39.173732
                            ],
                            [
                                111.548513,
                                39.174245
                            ],
                            [
                                111.550048,
                                39.17419
                            ],
                            [
                                111.551003,
                                39.174641
                            ],
                            [
                                111.552517,
                                39.174157
                            ],
                            [
                                111.564785,
                                39.180095
                            ],
                            [
                                111.580936,
                                39.187201
                            ],
                            [
                                111.595328,
                                39.195225
                            ],
                            [
                                111.602376,
                                39.202335
                            ],
                            [
                                111.601477,
                                39.209653
                            ],
                            [
                                111.602831,
                                39.210787
                            ],
                            [
                                111.605546,
                                39.211531
                            ],
                            [
                                111.60828,
                                39.213243
                            ],
                            [
                                111.609685,
                                39.214818
                            ],
                            [
                                111.611424,
                                39.215566
                            ],
                            [
                                111.615124,
                                39.215979
                            ],
                            [
                                111.618963,
                                39.218127
                            ],
                            [
                                111.616288,
                                39.218919
                            ],
                            [
                                111.615194,
                                39.220114
                            ],
                            [
                                111.613714,
                                39.222635
                            ],
                            [
                                111.613494,
                                39.226984
                            ],
                            [
                                111.614824,
                                39.234652
                            ],
                            [
                                111.615194,
                                39.238483
                            ],
                            [
                                111.615194,
                                39.241747
                            ],
                            [
                                111.614094,
                                39.24375
                            ],
                            [
                                111.60872,
                                39.24604
                            ],
                            [
                                111.605041,
                                39.246551
                            ],
                            [
                                111.602096,
                                39.248389
                            ],
                            [
                                111.596428,
                                39.251592
                            ],
                            [
                                111.593268,
                                39.252913
                            ],
                            [
                                111.589924,
                                39.252495
                            ],
                            [
                                111.579581,
                                39.253397
                            ],
                            [
                                111.566659,
                                39.252175
                            ],
                            [
                                111.551772,
                                39.249743
                            ],
                            [
                                111.545874,
                                39.249727
                            ],
                            [
                                111.53898,
                                39.251284
                            ],
                            [
                                111.533806,
                                39.257739
                            ],
                            [
                                111.530362,
                                39.264726
                            ],
                            [
                                111.517775,
                                39.271796
                            ],
                            [
                                111.509702,
                                39.273309
                            ],
                            [
                                111.496919,
                                39.274635
                            ],
                            [
                                111.487806,
                                39.278403
                            ],
                            [
                                111.483522,
                                39.284657
                            ],
                            [
                                111.473175,
                                39.301684
                            ],
                            [
                                111.464751,
                                39.308002
                            ],
                            [
                                111.455053,
                                39.311499
                            ],
                            [
                                111.435878,
                                39.318965
                            ],
                            [
                                111.423675,
                                39.323956
                            ],
                            [
                                111.418691,
                                39.331548
                            ],
                            [
                                111.417702,
                                39.337017
                            ],
                            [
                                111.420796,
                                39.343579
                            ],
                            [
                                111.424515,
                                39.349475
                            ],
                            [
                                111.435563,
                                39.356597
                            ],
                            [
                                111.439517,
                                39.363426
                            ],
                            [
                                111.443951,
                                39.367739
                            ],
                            [
                                111.4489,
                                39.372996
                            ],
                            [
                                111.451784,
                                39.37816
                            ],
                            [
                                111.452504,
                                39.384619
                            ],
                            [
                                111.444611,
                                39.391638
                            ],
                            [
                                111.440952,
                                39.393088
                            ],
                            [
                                111.433383,
                                39.395301
                            ],
                            [
                                111.427604,
                                39.39735
                            ],
                            [
                                111.42483,
                                39.402967
                            ],
                            [
                                111.420941,
                                39.411752
                            ],
                            [
                                111.418002,
                                39.419658
                            ],
                            [
                                111.417767,
                                39.422858
                            ],
                            [
                                111.419311,
                                39.430269
                            ],
                            [
                                111.420821,
                                39.438139
                            ],
                            [
                                111.418247,
                                39.445142
                            ],
                            [
                                111.410778,
                                39.449867
                            ],
                            [
                                111.407394,
                                39.451562
                            ],
                            [
                                111.399901,
                                39.45238
                            ],
                            [
                                111.388878,
                                39.452813
                            ],
                            [
                                111.383994,
                                39.451924
                            ],
                            [
                                111.3771,
                                39.452243
                            ],
                            [
                                111.368272,
                                39.452978
                            ],
                            [
                                111.364553,
                                39.453033
                            ],
                            [
                                111.364083,
                                39.446366
                            ],
                            [
                                111.361724,
                                39.439286
                            ],
                            [
                                111.358475,
                                39.432536
                            ],
                            [
                                111.352451,
                                39.426728
                            ],
                            [
                                111.337209,
                                39.420937
                            ],
                            [
                                111.325722,
                                39.420558
                            ],
                            [
                                111.30876,
                                39.422178
                            ],
                            [
                                111.300837,
                                39.420723
                            ],
                            [
                                111.295773,
                                39.420267
                            ],
                            [
                                111.294718,
                                39.419817
                            ],
                            [
                                111.292819,
                                39.418307
                            ],
                            [
                                111.28927,
                                39.417215
                            ],
                            [
                                111.28744,
                                39.417209
                            ],
                            [
                                111.284046,
                                39.418675
                            ],
                            [
                                111.281101,
                                39.420646
                            ],
                            [
                                111.279377,
                                39.421255
                            ],
                            [
                                111.272433,
                                39.422414
                            ],
                            [
                                111.269439,
                                39.423726
                            ]
                        ]
                    ]
                ]
            }
        }
    ]
}