{
    "type": "FeatureCollection",
    "features": [
        {
            "type": "Feature",
            "properties": {
                "adcode": 141025,
                "name": "古县",
                "center": [
                    111.920207,
                    36.26855
                ],
                "centroid": [
                    112.004986,
                    36.297955
                ],
                "childrenNum": 0,
                "level": "district",
                "acroutes": [
                    100000,
                    140000,
                    141000
                ],
                "parent": {
                    "adcode": 141000
                }
            },
            "geometry": {
                "type": "MultiPolygon",
                "coordinates": [
                    [
                        [
                            [
                                112.050994,
                                36.593138
                            ],
                            [
                                112.052159,
                                36.591158
                            ],
                            [
                                112.050208,
                                36.59016
                            ],
                            [
                                112.047685,
                                36.589366
                            ],
                            [
                                112.040573,
                                36.58861
                            ],
                            [
                                112.02975,
                                36.587689
                            ],
                            [
                                112.00118,
                                36.586471
                            ],
                            [
                                111.992083,
                                36.585395
                            ],
                            [
                                111.985901,
                                36.58352
                            ],
                            [
                                111.980917,
                                36.580779
                            ],
                            [
                                111.978549,
                                36.577233
                            ],
                            [
                                111.978088,
                                36.570791
                            ],
                            [
                                111.978487,
                                36.564375
                            ],
                            [
                                111.975646,
                                36.559433
                            ],
                            [
                                111.969692,
                                36.553894
                            ],
                            [
                                111.963676,
                                36.549507
                            ],
                            [
                                111.958619,
                                36.543328
                            ],
                            [
                                111.95431,
                                36.534416
                            ],
                            [
                                111.950776,
                                36.526921
                            ],
                            [
                                111.948681,
                                36.523847
                            ],
                            [
                                111.941768,
                                36.520111
                            ],
                            [
                                111.933435,
                                36.516324
                            ],
                            [
                                111.922966,
                                36.514735
                            ],
                            [
                                111.907459,
                                36.512035
                            ],
                            [
                                111.9028,
                                36.509088
                            ],
                            [
                                111.895112,
                                36.504417
                            ],
                            [
                                111.888277,
                                36.499774
                            ],
                            [
                                111.885979,
                                36.495551
                            ],
                            [
                                111.881593,
                                36.488262
                            ],
                            [
                                111.875315,
                                36.47951
                            ],
                            [
                                111.871131,
                                36.469243
                            ],
                            [
                                111.867974,
                                36.460621
                            ],
                            [
                                111.865938,
                                36.45228
                            ],
                            [
                                111.865026,
                                36.446181
                            ],
                            [
                                111.873673,
                                36.442258
                            ],
                            [
                                111.879863,
                                36.438832
                            ],
                            [
                                111.885481,
                                36.435385
                            ],
                            [
                                111.889122,
                                36.431859
                            ],
                            [
                                111.890793,
                                36.427792
                            ],
                            [
                                111.89028,
                                36.42226
                            ],
                            [
                                111.887115,
                                36.418464
                            ],
                            [
                                111.881965,
                                36.414352
                            ],
                            [
                                111.868453,
                                36.398659
                            ],
                            [
                                111.866867,
                                36.392174
                            ],
                            [
                                111.866709,
                                36.385733
                            ],
                            [
                                111.868686,
                                36.376864
                            ],
                            [
                                111.870051,
                                36.368652
                            ],
                            [
                                111.87364,
                                36.356861
                            ],
                            [
                                111.877712,
                                36.355185
                            ],
                            [
                                111.882607,
                                36.349648
                            ],
                            [
                                111.887115,
                                36.345698
                            ],
                            [
                                111.890505,
                                36.341472
                            ],
                            [
                                111.89211,
                                36.33855
                            ],
                            [
                                111.893618,
                                36.332642
                            ],
                            [
                                111.89426,
                                36.326937
                            ],
                            [
                                111.892895,
                                36.32137
                            ],
                            [
                                111.891578,
                                36.315117
                            ],
                            [
                                111.891361,
                                36.3096
                            ],
                            [
                                111.890081,
                                36.306467
                            ],
                            [
                                111.892877,
                                36.302017
                            ],
                            [
                                111.894172,
                                36.297013
                            ],
                            [
                                111.896042,
                                36.29259
                            ],
                            [
                                111.896304,
                                36.289629
                            ],
                            [
                                111.89374,
                                36.285482
                            ],
                            [
                                111.893718,
                                36.283378
                            ],
                            [
                                111.895068,
                                36.278324
                            ],
                            [
                                111.893696,
                                36.270804
                            ],
                            [
                                111.892711,
                                36.269763
                            ],
                            [
                                111.890476,
                                36.270483
                            ],
                            [
                                111.887373,
                                36.272416
                            ],
                            [
                                111.886163,
                                36.272898
                            ],
                            [
                                111.883666,
                                36.271862
                            ],
                            [
                                111.87803,
                                36.268313
                            ],
                            [
                                111.874909,
                                36.264747
                            ],
                            [
                                111.874116,
                                36.262637
                            ],
                            [
                                111.874529,
                                36.262077
                            ],
                            [
                                111.876897,
                                36.261308
                            ],
                            [
                                111.877635,
                                36.259635
                            ],
                            [
                                111.876388,
                                36.254407
                            ],
                            [
                                111.875595,
                                36.248736
                            ],
                            [
                                111.874448,
                                36.247478
                            ],
                            [
                                111.871194,
                                36.246226
                            ],
                            [
                                111.869966,
                                36.244615
                            ],
                            [
                                111.86835,
                                36.237524
                            ],
                            [
                                111.866443,
                                36.231713
                            ],
                            [
                                111.863732,
                                36.225176
                            ],
                            [
                                111.862101,
                                36.219602
                            ],
                            [
                                111.863894,
                                36.213479
                            ],
                            [
                                111.868892,
                                36.210692
                            ],
                            [
                                111.875174,
                                36.205438
                            ],
                            [
                                111.882368,
                                36.199298
                            ],
                            [
                                111.887587,
                                36.192852
                            ],
                            [
                                111.890472,
                                36.187464
                            ],
                            [
                                111.891936,
                                36.182242
                            ],
                            [
                                111.892641,
                                36.17539
                            ],
                            [
                                111.889299,
                                36.165388
                            ],
                            [
                                111.886307,
                                36.15884
                            ],
                            [
                                111.879538,
                                36.14939
                            ],
                            [
                                111.873599,
                                36.14456
                            ],
                            [
                                111.866078,
                                36.138059
                            ],
                            [
                                111.859121,
                                36.131586
                            ],
                            [
                                111.851264,
                                36.125994
                            ],
                            [
                                111.844284,
                                36.119975
                            ],
                            [
                                111.835594,
                                36.114122
                            ],
                            [
                                111.8275,
                                36.112419
                            ],
                            [
                                111.820208,
                                36.111442
                            ],
                            [
                                111.819912,
                                36.111658
                            ],
                            [
                                111.820145,
                                36.103407
                            ],
                            [
                                111.821255,
                                36.094961
                            ],
                            [
                                111.820093,
                                36.08642
                            ],
                            [
                                111.820565,
                                36.07891
                            ],
                            [
                                111.823288,
                                36.079071
                            ],
                            [
                                111.837508,
                                36.077911
                            ],
                            [
                                111.844904,
                                36.079626
                            ],
                            [
                                111.849257,
                                36.083473
                            ],
                            [
                                111.851857,
                                36.091754
                            ],
                            [
                                111.85036,
                                36.098369
                            ],
                            [
                                111.852359,
                                36.100355
                            ],
                            [
                                111.857896,
                                36.101088
                            ],
                            [
                                111.871349,
                                36.097242
                            ],
                            [
                                111.87686,
                                36.096271
                            ],
                            [
                                111.885477,
                                36.097187
                            ],
                            [
                                111.890852,
                                36.095727
                            ],
                            [
                                111.89263,
                                36.091903
                            ],
                            [
                                111.891442,
                                36.087014
                            ],
                            [
                                111.890468,
                                36.08052
                            ],
                            [
                                111.891866,
                                36.076495
                            ],
                            [
                                111.895551,
                                36.076262
                            ],
                            [
                                111.909624,
                                36.072921
                            ],
                            [
                                111.915641,
                                36.071955
                            ],
                            [
                                111.92363,
                                36.071583
                            ],
                            [
                                111.93459,
                                36.071277
                            ],
                            [
                                111.939691,
                                36.068729
                            ],
                            [
                                111.948482,
                                36.064149
                            ],
                            [
                                111.955598,
                                36.061595
                            ],
                            [
                                111.963204,
                                36.05933
                            ],
                            [
                                111.968619,
                                36.05858
                            ],
                            [
                                111.972869,
                                36.060951
                            ],
                            [
                                111.977918,
                                36.066714
                            ],
                            [
                                111.984153,
                                36.069573
                            ],
                            [
                                111.987613,
                                36.069645
                            ],
                            [
                                111.991895,
                                36.067708
                            ],
                            [
                                111.999476,
                                36.063544
                            ],
                            [
                                112.015448,
                                36.058919
                            ],
                            [
                                112.0191,
                                36.056293
                            ],
                            [
                                112.035482,
                                36.049019
                            ],
                            [
                                112.039809,
                                36.048014
                            ],
                            [
                                112.049714,
                                36.043122
                            ],
                            [
                                112.054952,
                                36.040178
                            ],
                            [
                                112.058032,
                                36.039751
                            ],
                            [
                                112.063853,
                                36.040895
                            ],
                            [
                                112.061208,
                                36.045759
                            ],
                            [
                                112.06929,
                                36.048386
                            ],
                            [
                                112.07759,
                                36.047114
                            ],
                            [
                                112.08468,
                                36.047175
                            ],
                            [
                                112.088826,
                                36.048947
                            ],
                            [
                                112.091397,
                                36.053417
                            ],
                            [
                                112.097701,
                                36.061695
                            ],
                            [
                                112.103847,
                                36.067908
                            ],
                            [
                                112.111353,
                                36.075085
                            ],
                            [
                                112.119838,
                                36.083734
                            ],
                            [
                                112.126843,
                                36.085327
                            ],
                            [
                                112.134914,
                                36.083112
                            ],
                            [
                                112.147662,
                                36.087341
                            ],
                            [
                                112.156062,
                                36.089534
                            ],
                            [
                                112.165553,
                                36.090805
                            ],
                            [
                                112.172687,
                                36.091199
                            ],
                            [
                                112.175339,
                                36.094567
                            ],
                            [
                                112.177409,
                                36.09934
                            ],
                            [
                                112.18593,
                                36.107225
                            ],
                            [
                                112.188789,
                                36.114083
                            ],
                            [
                                112.183846,
                                36.129861
                            ],
                            [
                                112.179275,
                                36.134332
                            ],
                            [
                                112.170798,
                                36.140056
                            ],
                            [
                                112.166261,
                                36.146417
                            ],
                            [
                                112.163528,
                                36.156167
                            ],
                            [
                                112.160765,
                                36.159111
                            ],
                            [
                                112.153107,
                                36.16032
                            ],
                            [
                                112.148824,
                                36.169452
                            ],
                            [
                                112.146441,
                                36.181061
                            ],
                            [
                                112.143664,
                                36.199314
                            ],
                            [
                                112.138532,
                                36.214266
                            ],
                            [
                                112.134836,
                                36.223996
                            ],
                            [
                                112.131247,
                                36.23189
                            ],
                            [
                                112.125858,
                                36.246371
                            ],
                            [
                                112.121298,
                                36.25629
                            ],
                            [
                                112.11789,
                                36.265799
                            ],
                            [
                                112.116219,
                                36.279503
                            ],
                            [
                                112.110605,
                                36.288007
                            ],
                            [
                                112.102102,
                                36.292264
                            ],
                            [
                                112.095252,
                                36.2975
                            ],
                            [
                                112.087811,
                                36.307762
                            ],
                            [
                                112.080722,
                                36.316883
                            ],
                            [
                                112.069847,
                                36.322405
                            ],
                            [
                                112.067154,
                                36.32941
                            ],
                            [
                                112.063746,
                                36.333864
                            ],
                            [
                                112.0613,
                                36.336515
                            ],
                            [
                                112.053436,
                                36.329991
                            ],
                            [
                                112.04843,
                                36.323125
                            ],
                            [
                                112.040857,
                                36.320967
                            ],
                            [
                                112.027821,
                                36.319495
                            ],
                            [
                                112.017831,
                                36.319528
                            ],
                            [
                                112.012623,
                                36.325504
                            ],
                            [
                                112.011505,
                                36.329582
                            ],
                            [
                                112.012571,
                                36.335596
                            ],
                            [
                                112.015821,
                                36.338495
                            ],
                            [
                                112.020133,
                                36.337986
                            ],
                            [
                                112.027153,
                                36.339895
                            ],
                            [
                                112.034553,
                                36.34021
                            ],
                            [
                                112.04086,
                                36.344381
                            ],
                            [
                                112.045117,
                                36.349609
                            ],
                            [
                                112.049773,
                                36.35738
                            ],
                            [
                                112.056328,
                                36.362242
                            ],
                            [
                                112.062303,
                                36.371904
                            ],
                            [
                                112.068681,
                                36.384329
                            ],
                            [
                                112.078453,
                                36.387707
                            ],
                            [
                                112.087048,
                                36.391726
                            ],
                            [
                                112.092766,
                                36.396088
                            ],
                            [
                                112.096115,
                                36.401965
                            ],
                            [
                                112.097775,
                                36.407537
                            ],
                            [
                                112.097299,
                                36.415551
                            ],
                            [
                                112.093669,
                                36.42367
                            ],
                            [
                                112.0925,
                                36.43854
                            ],
                            [
                                112.090397,
                                36.44512
                            ],
                            [
                                112.088003,
                                36.451683
                            ],
                            [
                                112.086701,
                                36.468608
                            ],
                            [
                                112.08686,
                                36.475506
                            ],
                            [
                                112.085355,
                                36.481415
                            ],
                            [
                                112.085609,
                                36.486932
                            ],
                            [
                                112.086668,
                                36.492945
                            ],
                            [
                                112.088442,
                                36.496683
                            ],
                            [
                                112.090335,
                                36.498372
                            ],
                            [
                                112.096074,
                                36.502496
                            ],
                            [
                                112.103212,
                                36.502325
                            ],
                            [
                                112.110464,
                                36.500084
                            ],
                            [
                                112.116695,
                                36.495959
                            ],
                            [
                                112.122139,
                                36.490659
                            ],
                            [
                                112.127499,
                                36.486733
                            ],
                            [
                                112.133962,
                                36.478488
                            ],
                            [
                                112.13775,
                                36.472203
                            ],
                            [
                                112.140772,
                                36.469105
                            ],
                            [
                                112.14702,
                                36.464515
                            ],
                            [
                                112.151893,
                                36.458958
                            ],
                            [
                                112.157574,
                                36.454125
                            ],
                            [
                                112.161724,
                                36.451291
                            ],
                            [
                                112.167231,
                                36.449429
                            ],
                            [
                                112.175472,
                                36.449269
                            ],
                            [
                                112.183705,
                                36.449346
                            ],
                            [
                                112.18524,
                                36.450258
                            ],
                            [
                                112.184333,
                                36.454042
                            ],
                            [
                                112.180979,
                                36.458737
                            ],
                            [
                                112.178715,
                                36.465178
                            ],
                            [
                                112.176601,
                                36.470679
                            ],
                            [
                                112.173122,
                                36.480697
                            ],
                            [
                                112.171477,
                                36.48755
                            ],
                            [
                                112.168622,
                                36.495888
                            ],
                            [
                                112.167357,
                                36.50132
                            ],
                            [
                                112.164727,
                                36.5071
                            ],
                            [
                                112.16179,
                                36.512908
                            ],
                            [
                                112.153859,
                                36.517555
                            ],
                            [
                                112.141152,
                                36.520779
                            ],
                            [
                                112.132804,
                                36.524537
                            ],
                            [
                                112.128023,
                                36.529355
                            ],
                            [
                                112.121236,
                                36.534118
                            ],
                            [
                                112.117244,
                                36.536325
                            ],
                            [
                                112.112025,
                                36.540022
                            ],
                            [
                                112.106082,
                                36.544702
                            ],
                            [
                                112.102943,
                                36.549712
                            ],
                            [
                                112.098133,
                                36.555797
                            ],
                            [
                                112.093208,
                                36.563851
                            ],
                            [
                                112.090397,
                                36.570564
                            ],
                            [
                                112.087096,
                                36.580095
                            ],
                            [
                                112.08489,
                                36.582825
                            ],
                            [
                                112.079755,
                                36.585119
                            ],
                            [
                                112.071931,
                                36.586719
                            ],
                            [
                                112.067339,
                                36.586658
                            ],
                            [
                                112.062078,
                                36.588031
                            ],
                            [
                                112.056361,
                                36.590375
                            ],
                            [
                                112.050994,
                                36.593138
                            ]
                        ]
                    ]
                ]
            }
        }
    ]
}