{
    "type": "FeatureCollection",
    "features": [
        {
            "type": "Feature",
            "properties": {
                "adcode": 141082,
                "name": "霍州市",
                "center": [
                    111.723103,
                    36.57202
                ],
                "centroid": [
                    111.823963,
                    36.592999
                ],
                "childrenNum": 0,
                "level": "district",
                "acroutes": [
                    100000,
                    140000,
                    141000
                ],
                "parent": {
                    "adcode": 141000
                }
            },
            "geometry": {
                "type": "MultiPolygon",
                "coordinates": [
                    [
                        [
                            [
                                111.676048,
                                36.507467
                            ],
                            [
                                111.682258,
                                36.504299
                            ],
                            [
                                111.692727,
                                36.501553
                            ],
                            [
                                111.698694,
                                36.497687
                            ],
                            [
                                111.700843,
                                36.491119
                            ],
                            [
                                111.696939,
                                36.485212
                            ],
                            [
                                111.692821,
                                36.482728
                            ],
                            [
                                111.692257,
                                36.478343
                            ],
                            [
                                111.696495,
                                36.474629
                            ],
                            [
                                111.712307,
                                36.468668
                            ],
                            [
                                111.719637,
                                36.465776
                            ],
                            [
                                111.738273,
                                36.459929
                            ],
                            [
                                111.748251,
                                36.455531
                            ],
                            [
                                111.757229,
                                36.453388
                            ],
                            [
                                111.780538,
                                36.453904
                            ],
                            [
                                111.794049,
                                36.456288
                            ],
                            [
                                111.799661,
                                36.457436
                            ],
                            [
                                111.810656,
                                36.459031
                            ],
                            [
                                111.819844,
                                36.457561
                            ],
                            [
                                111.83499,
                                36.442781
                            ],
                            [
                                111.849243,
                                36.441973
                            ],
                            [
                                111.859439,
                                36.442609
                            ],
                            [
                                111.865026,
                                36.446181
                            ],
                            [
                                111.865936,
                                36.452281
                            ],
                            [
                                111.867973,
                                36.460622
                            ],
                            [
                                111.87113,
                                36.469242
                            ],
                            [
                                111.875316,
                                36.47951
                            ],
                            [
                                111.881591,
                                36.488261
                            ],
                            [
                                111.885982,
                                36.495553
                            ],
                            [
                                111.88828,
                                36.499777
                            ],
                            [
                                111.895114,
                                36.504418
                            ],
                            [
                                111.902798,
                                36.509088
                            ],
                            [
                                111.907458,
                                36.512036
                            ],
                            [
                                111.91451,
                                36.513244
                            ],
                            [
                                111.922967,
                                36.514737
                            ],
                            [
                                111.933437,
                                36.516322
                            ],
                            [
                                111.941766,
                                36.520112
                            ],
                            [
                                111.948681,
                                36.52385
                            ],
                            [
                                111.950778,
                                36.526922
                            ],
                            [
                                111.954311,
                                36.534416
                            ],
                            [
                                111.958616,
                                36.543326
                            ],
                            [
                                111.963674,
                                36.549508
                            ],
                            [
                                111.969692,
                                36.553895
                            ],
                            [
                                111.975646,
                                36.559431
                            ],
                            [
                                111.978487,
                                36.564376
                            ],
                            [
                                111.978085,
                                36.570789
                            ],
                            [
                                111.978551,
                                36.577234
                            ],
                            [
                                111.980917,
                                36.580781
                            ],
                            [
                                111.985898,
                                36.583521
                            ],
                            [
                                111.992083,
                                36.585396
                            ],
                            [
                                112.001181,
                                36.586472
                            ],
                            [
                                112.029748,
                                36.58769
                            ],
                            [
                                112.040576,
                                36.588609
                            ],
                            [
                                112.047687,
                                36.589365
                            ],
                            [
                                112.050208,
                                36.590162
                            ],
                            [
                                112.05216,
                                36.591162
                            ],
                            [
                                112.050994,
                                36.593138
                            ],
                            [
                                112.048619,
                                36.596808
                            ],
                            [
                                112.041567,
                                36.602028
                            ],
                            [
                                112.039542,
                                36.633838
                            ],
                            [
                                112.039098,
                                36.636881
                            ],
                            [
                                112.036966,
                                36.640292
                            ],
                            [
                                112.033267,
                                36.644765
                            ],
                            [
                                112.027851,
                                36.649379
                            ],
                            [
                                112.022529,
                                36.654678
                            ],
                            [
                                112.022478,
                                36.660685
                            ],
                            [
                                112.021747,
                                36.67022
                            ],
                            [
                                112.019385,
                                36.678269
                            ],
                            [
                                112.013106,
                                36.685034
                            ],
                            [
                                112.008933,
                                36.686077
                            ],
                            [
                                112.001877,
                                36.687133
                            ],
                            [
                                111.996418,
                                36.687127
                            ],
                            [
                                111.995355,
                                36.683522
                            ],
                            [
                                111.989588,
                                36.679157
                            ],
                            [
                                111.981827,
                                36.677036
                            ],
                            [
                                111.973528,
                                36.681662
                            ],
                            [
                                111.965963,
                                36.687384
                            ],
                            [
                                111.960073,
                                36.690649
                            ],
                            [
                                111.955259,
                                36.693367
                            ],
                            [
                                111.949971,
                                36.698901
                            ],
                            [
                                111.945349,
                                36.70091
                            ],
                            [
                                111.940202,
                                36.703191
                            ],
                            [
                                111.936119,
                                36.704926
                            ],
                            [
                                111.928072,
                                36.706999
                            ],
                            [
                                111.921285,
                                36.707815
                            ],
                            [
                                111.915035,
                                36.706046
                            ],
                            [
                                111.904028,
                                36.707455
                            ],
                            [
                                111.884363,
                                36.706162
                            ],
                            [
                                111.874274,
                                36.705662
                            ],
                            [
                                111.857675,
                                36.709553
                            ],
                            [
                                111.858662,
                                36.705681
                            ],
                            [
                                111.858089,
                                36.702878
                            ],
                            [
                                111.855612,
                                36.700136
                            ],
                            [
                                111.85114,
                                36.698423
                            ],
                            [
                                111.843349,
                                36.695882
                            ],
                            [
                                111.839248,
                                36.695852
                            ],
                            [
                                111.837813,
                                36.696106
                            ],
                            [
                                111.837164,
                                36.696507
                            ],
                            [
                                111.837177,
                                36.697383
                            ],
                            [
                                111.83757,
                                36.698586
                            ],
                            [
                                111.83909,
                                36.701358
                            ],
                            [
                                111.84041,
                                36.702641
                            ],
                            [
                                111.844451,
                                36.704752
                            ],
                            [
                                111.844767,
                                36.706242
                            ],
                            [
                                111.844626,
                                36.708282
                            ],
                            [
                                111.843938,
                                36.710153
                            ],
                            [
                                111.842691,
                                36.711703
                            ],
                            [
                                111.839291,
                                36.712278
                            ],
                            [
                                111.833183,
                                36.712267
                            ],
                            [
                                111.83209,
                                36.711573
                            ],
                            [
                                111.82798,
                                36.708365
                            ],
                            [
                                111.826374,
                                36.707699
                            ],
                            [
                                111.824666,
                                36.708218
                            ],
                            [
                                111.821731,
                                36.710634
                            ],
                            [
                                111.818507,
                                36.712798
                            ],
                            [
                                111.817071,
                                36.712535
                            ],
                            [
                                111.806987,
                                36.709951
                            ],
                            [
                                111.797931,
                                36.706355
                            ],
                            [
                                111.786634,
                                36.703182
                            ],
                            [
                                111.781777,
                                36.70609
                            ],
                            [
                                111.76716,
                                36.712015
                            ],
                            [
                                111.764845,
                                36.714061
                            ],
                            [
                                111.759536,
                                36.717286
                            ],
                            [
                                111.755141,
                                36.718811
                            ],
                            [
                                111.751044,
                                36.718242
                            ],
                            [
                                111.745744,
                                36.714992
                            ],
                            [
                                111.736304,
                                36.713021
                            ],
                            [
                                111.718274,
                                36.711297
                            ],
                            [
                                111.708177,
                                36.706596
                            ],
                            [
                                111.687149,
                                36.699561
                            ],
                            [
                                111.67222,
                                36.695415
                            ],
                            [
                                111.670802,
                                36.689068
                            ],
                            [
                                111.675099,
                                36.680376
                            ],
                            [
                                111.682826,
                                36.671011
                            ],
                            [
                                111.685671,
                                36.661739
                            ],
                            [
                                111.680199,
                                36.655112
                            ],
                            [
                                111.676855,
                                36.651464
                            ],
                            [
                                111.67501,
                                36.650723
                            ],
                            [
                                111.672096,
                                36.645758
                            ],
                            [
                                111.670913,
                                36.643653
                            ],
                            [
                                111.669282,
                                36.642621
                            ],
                            [
                                111.66765,
                                36.642483
                            ],
                            [
                                111.665437,
                                36.642472
                            ],
                            [
                                111.657856,
                                36.640068
                            ],
                            [
                                111.641582,
                                36.63521
                            ],
                            [
                                111.64734,
                                36.626045
                            ],
                            [
                                111.65326,
                                36.618737
                            ],
                            [
                                111.655968,
                                36.612428
                            ],
                            [
                                111.657185,
                                36.606968
                            ],
                            [
                                111.658035,
                                36.598513
                            ],
                            [
                                111.656416,
                                36.58833
                            ],
                            [
                                111.652213,
                                36.582638
                            ],
                            [
                                111.646592,
                                36.576877
                            ],
                            [
                                111.640104,
                                36.571074
                            ],
                            [
                                111.632531,
                                36.564537
                            ],
                            [
                                111.627401,
                                36.560178
                            ],
                            [
                                111.625026,
                                36.552726
                            ],
                            [
                                111.629353,
                                36.547863
                            ],
                            [
                                111.638681,
                                36.54506
                            ],
                            [
                                111.641876,
                                36.544287
                            ],
                            [
                                111.64898,
                                36.536338
                            ],
                            [
                                111.655502,
                                36.524229
                            ],
                            [
                                111.66097,
                                36.515059
                            ],
                            [
                                111.666813,
                                36.508661
                            ],
                            [
                                111.673211,
                                36.507109
                            ],
                            [
                                111.676048,
                                36.507467
                            ]
                        ]
                    ]
                ]
            }
        }
    ]
}