{
    "type": "FeatureCollection",
    "features": [
        {
            "type": "Feature",
            "properties": {
                "adcode": 141081,
                "name": "侯马市",
                "center": [
                    111.371272,
                    35.620302
                ],
                "centroid": [
                    111.363659,
                    35.615536
                ],
                "childrenNum": 0,
                "level": "district",
                "acroutes": [
                    100000,
                    140000,
                    141000
                ],
                "parent": {
                    "adcode": 141000
                }
            },
            "geometry": {
                "type": "MultiPolygon",
                "coordinates": [
                    [
                        [
                            [
                                111.377296,
                                35.702307
                            ],
                            [
                                111.374279,
                                35.700868
                            ],
                            [
                                111.365991,
                                35.676031
                            ],
                            [
                                111.357679,
                                35.670746
                            ],
                            [
                                111.347581,
                                35.670724
                            ],
                            [
                                111.344742,
                                35.671469
                            ],
                            [
                                111.341965,
                                35.671464
                            ],
                            [
                                111.341041,
                                35.672208
                            ],
                            [
                                111.326251,
                                35.675932
                            ],
                            [
                                111.325319,
                                35.676684
                            ],
                            [
                                111.323482,
                                35.676675
                            ],
                            [
                                111.321626,
                                35.677423
                            ],
                            [
                                111.313304,
                                35.677403
                            ],
                            [
                                111.311458,
                                35.676645
                            ],
                            [
                                111.309613,
                                35.67664
                            ],
                            [
                                111.308699,
                                35.675886
                            ],
                            [
                                111.306846,
                                35.675882
                            ],
                            [
                                111.304551,
                                35.67393
                            ],
                            [
                                111.303141,
                                35.673348
                            ],
                            [
                                111.301741,
                                35.672907
                            ],
                            [
                                111.301038,
                                35.67276
                            ],
                            [
                                111.298223,
                                35.672867
                            ],
                            [
                                111.295769,
                                35.672696
                            ],
                            [
                                111.295064,
                                35.672555
                            ],
                            [
                                111.293488,
                                35.671962
                            ],
                            [
                                111.29245,
                                35.670806
                            ],
                            [
                                111.291761,
                                35.669513
                            ],
                            [
                                111.29195,
                                35.668363
                            ],
                            [
                                111.293403,
                                35.664224
                            ],
                            [
                                111.294305,
                                35.662664
                            ],
                            [
                                111.295721,
                                35.661391
                            ],
                            [
                                111.296975,
                                35.659974
                            ],
                            [
                                111.297868,
                                35.658548
                            ],
                            [
                                111.298602,
                                35.655974
                            ],
                            [
                                111.300033,
                                35.653703
                            ],
                            [
                                111.300746,
                                35.652854
                            ],
                            [
                                111.301104,
                                35.652279
                            ],
                            [
                                111.301646,
                                35.651141
                            ],
                            [
                                111.302008,
                                35.650142
                            ],
                            [
                                111.302198,
                                35.64915
                            ],
                            [
                                111.302037,
                                35.648139
                            ],
                            [
                                111.301516,
                                35.647129
                            ],
                            [
                                111.301174,
                                35.646698
                            ],
                            [
                                111.299253,
                                35.645391
                            ],
                            [
                                111.298732,
                                35.645096
                            ],
                            [
                                111.28989,
                                35.64138
                            ],
                            [
                                111.288867,
                                35.640582
                            ],
                            [
                                111.288261,
                                35.639934
                            ],
                            [
                                111.289164,
                                35.639042
                            ],
                            [
                                111.291027,
                                35.637851
                            ],
                            [
                                111.292024,
                                35.636225
                            ],
                            [
                                111.29225,
                                35.635044
                            ],
                            [
                                111.291648,
                                35.634123
                            ],
                            [
                                111.291517,
                                35.632172
                            ],
                            [
                                111.290266,
                                35.629772
                            ],
                            [
                                111.288219,
                                35.628512
                            ],
                            [
                                111.285727,
                                35.628453
                            ],
                            [
                                111.282036,
                                35.63163
                            ],
                            [
                                111.275587,
                                35.633692
                            ],
                            [
                                111.273389,
                                35.633692
                            ],
                            [
                                111.271385,
                                35.632552
                            ],
                            [
                                111.268157,
                                35.629907
                            ],
                            [
                                111.267259,
                                35.616364
                            ],
                            [
                                111.266329,
                                35.615612
                            ],
                            [
                                111.265425,
                                35.611849
                            ],
                            [
                                111.266285,
                                35.598032
                            ],
                            [
                                111.269222,
                                35.592117
                            ],
                            [
                                111.273575,
                                35.584848
                            ],
                            [
                                111.278184,
                                35.579874
                            ],
                            [
                                111.281941,
                                35.575351
                            ],
                            [
                                111.283974,
                                35.571944
                            ],
                            [
                                111.280409,
                                35.567086
                            ],
                            [
                                111.275661,
                                35.565412
                            ],
                            [
                                111.271304,
                                35.55894
                            ],
                            [
                                111.273052,
                                35.5553
                            ],
                            [
                                111.278494,
                                35.550342
                            ],
                            [
                                111.283633,
                                35.546289
                            ],
                            [
                                111.286503,
                                35.54427
                            ],
                            [
                                111.296255,
                                35.536199
                            ],
                            [
                                111.302392,
                                35.536102
                            ],
                            [
                                111.307421,
                                35.534503
                            ],
                            [
                                111.314429,
                                35.535803
                            ],
                            [
                                111.320697,
                                35.537609
                            ],
                            [
                                111.327775,
                                35.540674
                            ],
                            [
                                111.333611,
                                35.543827
                            ],
                            [
                                111.336084,
                                35.548432
                            ],
                            [
                                111.339165,
                                35.552136
                            ],
                            [
                                111.343752,
                                35.553615
                            ],
                            [
                                111.348386,
                                35.555347
                            ],
                            [
                                111.351337,
                                35.555748
                            ],
                            [
                                111.357232,
                                35.555246
                            ],
                            [
                                111.360172,
                                35.552436
                            ],
                            [
                                111.361887,
                                35.551237
                            ],
                            [
                                111.366194,
                                35.553251
                            ],
                            [
                                111.371719,
                                35.55474
                            ],
                            [
                                111.375783,
                                35.555988
                            ],
                            [
                                111.37788,
                                35.560138
                            ],
                            [
                                111.38009,
                                35.56174
                            ],
                            [
                                111.385986,
                                35.561641
                            ],
                            [
                                111.391629,
                                35.562326
                            ],
                            [
                                111.397044,
                                35.564521
                            ],
                            [
                                111.401745,
                                35.565993
                            ],
                            [
                                111.404526,
                                35.567016
                            ],
                            [
                                111.407911,
                                35.56939
                            ],
                            [
                                111.409377,
                                35.571418
                            ],
                            [
                                111.410349,
                                35.572172
                            ],
                            [
                                111.411095,
                                35.572169
                            ],
                            [
                                111.411517,
                                35.57192
                            ],
                            [
                                111.411304,
                                35.571151
                            ],
                            [
                                111.411294,
                                35.567919
                            ],
                            [
                                111.412142,
                                35.565617
                            ],
                            [
                                111.412454,
                                35.564991
                            ],
                            [
                                111.414791,
                                35.563787
                            ],
                            [
                                111.418211,
                                35.562207
                            ],
                            [
                                111.419596,
                                35.561689
                            ],
                            [
                                111.423037,
                                35.559521
                            ],
                            [
                                111.43671,
                                35.563594
                            ],
                            [
                                111.442337,
                                35.562739
                            ],
                            [
                                111.445995,
                                35.563154
                            ],
                            [
                                111.448449,
                                35.56897
                            ],
                            [
                                111.454992,
                                35.578131
                            ],
                            [
                                111.456942,
                                35.587959
                            ],
                            [
                                111.457827,
                                35.600185
                            ],
                            [
                                111.458911,
                                35.606519
                            ],
                            [
                                111.459068,
                                35.613899
                            ],
                            [
                                111.453621,
                                35.626792
                            ],
                            [
                                111.447297,
                                35.638087
                            ],
                            [
                                111.445137,
                                35.645905
                            ],
                            [
                                111.443182,
                                35.659712
                            ],
                            [
                                111.44457,
                                35.670903
                            ],
                            [
                                111.448166,
                                35.677378
                            ],
                            [
                                111.449614,
                                35.682992
                            ],
                            [
                                111.448375,
                                35.684449
                            ],
                            [
                                111.443807,
                                35.683414
                            ],
                            [
                                111.438207,
                                35.68155
                            ],
                            [
                                111.43323,
                                35.680312
                            ],
                            [
                                111.428449,
                                35.679486
                            ],
                            [
                                111.425742,
                                35.680317
                            ],
                            [
                                111.422219,
                                35.681776
                            ],
                            [
                                111.417227,
                                35.683441
                            ],
                            [
                                111.415353,
                                35.686975
                            ],
                            [
                                111.415562,
                                35.692381
                            ],
                            [
                                111.409119,
                                35.695499
                            ],
                            [
                                111.402733,
                                35.697387
                            ],
                            [
                                111.397259,
                                35.697787
                            ],
                            [
                                111.389358,
                                35.699443
                            ],
                            [
                                111.385202,
                                35.700687
                            ],
                            [
                                111.381236,
                                35.701098
                            ],
                            [
                                111.377296,
                                35.702307
                            ]
                        ]
                    ]
                ]
            }
        }
    ]
}