{
    "type": "FeatureCollection",
    "features": [
        {
            "type": "Feature",
            "properties": {
                "adcode": 141128,
                "name": "方山县",
                "center": [
                    111.238885,
                    37.892632
                ],
                "centroid": [
                    111.331711,
                    37.877876
                ],
                "childrenNum": 0,
                "level": "district",
                "acroutes": [
                    100000,
                    140000,
                    141100
                ],
                "parent": {
                    "adcode": 141100
                }
            },
            "geometry": {
                "type": "MultiPolygon",
                "coordinates": [
                    [
                        [
                            [
                                111.368537,
                                38.173391
                            ],
                            [
                                111.366978,
                                38.166434
                            ],
                            [
                                111.365508,
                                38.158563
                            ],
                            [
                                111.367364,
                                38.154191
                            ],
                            [
                                111.369559,
                                38.151107
                            ],
                            [
                                111.369507,
                                38.147216
                            ],
                            [
                                111.368933,
                                38.14561
                            ],
                            [
                                111.367922,
                                38.144121
                            ],
                            [
                                111.366712,
                                38.139814
                            ],
                            [
                                111.365492,
                                38.13735
                            ],
                            [
                                111.364418,
                                38.133795
                            ],
                            [
                                111.361686,
                                38.128972
                            ],
                            [
                                111.360972,
                                38.126159
                            ],
                            [
                                111.359674,
                                38.124658
                            ],
                            [
                                111.356629,
                                38.124127
                            ],
                            [
                                111.353574,
                                38.12406
                            ],
                            [
                                111.352197,
                                38.123363
                            ],
                            [
                                111.348954,
                                38.119968
                            ],
                            [
                                111.3475,
                                38.118988
                            ],
                            [
                                111.343,
                                38.118102
                            ],
                            [
                                111.341186,
                                38.118096
                            ],
                            [
                                111.338422,
                                38.118761
                            ],
                            [
                                111.331806,
                                38.119757
                            ],
                            [
                                111.329476,
                                38.120488
                            ],
                            [
                                111.327291,
                                38.121685
                            ],
                            [
                                111.323563,
                                38.124642
                            ],
                            [
                                111.321733,
                                38.126801
                            ],
                            [
                                111.316707,
                                38.129986
                            ],
                            [
                                111.312838,
                                38.131564
                            ],
                            [
                                111.310294,
                                38.131957
                            ],
                            [
                                111.303751,
                                38.132034
                            ],
                            [
                                111.301436,
                                38.13225
                            ],
                            [
                                111.297588,
                                38.131597
                            ],
                            [
                                111.295993,
                                38.130445
                            ],
                            [
                                111.292515,
                                38.129172
                            ],
                            [
                                111.289257,
                                38.127377
                            ],
                            [
                                111.284981,
                                38.126104
                            ],
                            [
                                111.282015,
                                38.124476
                            ],
                            [
                                111.279632,
                                38.123839
                            ],
                            [
                                111.277859,
                                38.124254
                            ],
                            [
                                111.275602,
                                38.122748
                            ],
                            [
                                111.272411,
                                38.115681
                            ],
                            [
                                111.271457,
                                38.108752
                            ],
                            [
                                111.269288,
                                38.102454
                            ],
                            [
                                111.266238,
                                38.094915
                            ],
                            [
                                111.278699,
                                38.09348
                            ],
                            [
                                111.288485,
                                38.091408
                            ],
                            [
                                111.299512,
                                38.088245
                            ],
                            [
                                111.301858,
                                38.086837
                            ],
                            [
                                111.306008,
                                38.084915
                            ],
                            [
                                111.306822,
                                38.082111
                            ],
                            [
                                111.30677,
                                38.079645
                            ],
                            [
                                111.304038,
                                38.075683
                            ],
                            [
                                111.30129,
                                38.072973
                            ],
                            [
                                111.299637,
                                38.070906
                            ],
                            [
                                111.298198,
                                38.068202
                            ],
                            [
                                111.295904,
                                38.06481
                            ],
                            [
                                111.293537,
                                38.05965
                            ],
                            [
                                111.292979,
                                38.056097
                            ],
                            [
                                111.293016,
                                38.049617
                            ],
                            [
                                111.292896,
                                38.046701
                            ],
                            [
                                111.29226,
                                38.043946
                            ],
                            [
                                111.290477,
                                38.039361
                            ],
                            [
                                111.289111,
                                38.037687
                            ],
                            [
                                111.287896,
                                38.034815
                            ],
                            [
                                111.285138,
                                38.032802
                            ],
                            [
                                111.282567,
                                38.030446
                            ],
                            [
                                111.280727,
                                38.028378
                            ],
                            [
                                111.278412,
                                38.026814
                            ],
                            [
                                111.278511,
                                38.026237
                            ],
                            [
                                111.276613,
                                38.024474
                            ],
                            [
                                111.275763,
                                38.024091
                            ],
                            [
                                111.274549,
                                38.020769
                            ],
                            [
                                111.271264,
                                38.019
                            ],
                            [
                                111.261957,
                                38.010765
                            ],
                            [
                                111.257338,
                                38.006194
                            ],
                            [
                                111.25544,
                                38.000143
                            ],
                            [
                                111.252041,
                                37.986906
                            ],
                            [
                                111.250216,
                                37.983527
                            ],
                            [
                                111.250153,
                                37.980614
                            ],
                            [
                                111.2452,
                                37.977446
                            ],
                            [
                                111.240289,
                                37.973639
                            ],
                            [
                                111.238459,
                                37.97188
                            ],
                            [
                                111.237072,
                                37.971175
                            ],
                            [
                                111.234006,
                                37.970154
                            ],
                            [
                                111.232927,
                                37.96718
                            ],
                            [
                                111.231389,
                                37.964466
                            ],
                            [
                                111.230325,
                                37.961985
                            ],
                            [
                                111.2286,
                                37.959726
                            ],
                            [
                                111.22862,
                                37.957062
                            ],
                            [
                                111.232348,
                                37.948359
                            ],
                            [
                                111.23191,
                                37.94691
                            ],
                            [
                                111.229043,
                                37.944928
                            ],
                            [
                                111.228433,
                                37.94399
                            ],
                            [
                                111.228036,
                                37.941991
                            ],
                            [
                                111.226936,
                                37.940692
                            ],
                            [
                                111.224335,
                                37.939243
                            ],
                            [
                                111.222943,
                                37.937628
                            ],
                            [
                                111.221837,
                                37.934874
                            ],
                            [
                                111.221139,
                                37.931481
                            ],
                            [
                                111.218417,
                                37.929555
                            ],
                            [
                                111.217943,
                                37.924924
                            ],
                            [
                                111.215263,
                                37.922025
                            ],
                            [
                                111.214303,
                                37.920065
                            ],
                            [
                                111.212692,
                                37.915989
                            ],
                            [
                                111.211577,
                                37.914389
                            ],
                            [
                                111.211206,
                                37.91179
                            ],
                            [
                                111.211644,
                                37.909802
                            ],
                            [
                                111.213667,
                                37.906281
                            ],
                            [
                                111.214152,
                                37.904792
                            ],
                            [
                                111.213892,
                                37.903581
                            ],
                            [
                                111.211363,
                                37.902048
                            ],
                            [
                                111.207463,
                                37.900037
                            ],
                            [
                                111.206212,
                                37.896638
                            ],
                            [
                                111.206592,
                                37.89426
                            ],
                            [
                                111.205273,
                                37.892194
                            ],
                            [
                                111.203193,
                                37.887455
                            ],
                            [
                                111.202223,
                                37.887161
                            ],
                            [
                                111.198547,
                                37.883744
                            ],
                            [
                                111.189741,
                                37.877387
                            ],
                            [
                                111.179939,
                                37.872587
                            ],
                            [
                                111.171305,
                                37.867841
                            ],
                            [
                                111.163881,
                                37.866135
                            ],
                            [
                                111.162395,
                                37.866446
                            ],
                            [
                                111.153542,
                                37.867685
                            ],
                            [
                                111.151253,
                                37.868575
                            ],
                            [
                                111.149168,
                                37.870936
                            ],
                            [
                                111.147181,
                                37.873787
                            ],
                            [
                                111.142651,
                                37.877999
                            ],
                            [
                                111.138886,
                                37.877615
                            ],
                            [
                                111.136738,
                                37.878288
                            ],
                            [
                                111.135179,
                                37.878382
                            ],
                            [
                                111.134043,
                                37.879082
                            ],
                            [
                                111.133699,
                                37.881288
                            ],
                            [
                                111.132286,
                                37.881805
                            ],
                            [
                                111.12995,
                                37.881538
                            ],
                            [
                                111.129533,
                                37.881149
                            ],
                            [
                                111.128991,
                                37.878815
                            ],
                            [
                                111.126858,
                                37.877938
                            ],
                            [
                                111.123573,
                                37.874743
                            ],
                            [
                                111.121139,
                                37.873281
                            ],
                            [
                                111.120894,
                                37.872798
                            ],
                            [
                                111.122817,
                                37.870014
                            ],
                            [
                                111.127854,
                                37.864145
                            ],
                            [
                                111.129507,
                                37.862556
                            ],
                            [
                                111.130549,
                                37.86205
                            ],
                            [
                                111.128594,
                                37.856731
                            ],
                            [
                                111.127056,
                                37.85
                            ],
                            [
                                111.125346,
                                37.841885
                            ],
                            [
                                111.12287,
                                37.836036
                            ],
                            [
                                111.122426,
                                37.826373
                            ],
                            [
                                111.124335,
                                37.816364
                            ],
                            [
                                111.124246,
                                37.805797
                            ],
                            [
                                111.12227,
                                37.797215
                            ],
                            [
                                111.119512,
                                37.783541
                            ],
                            [
                                111.118495,
                                37.769943
                            ],
                            [
                                111.123756,
                                37.765597
                            ],
                            [
                                111.130205,
                                37.764517
                            ],
                            [
                                111.13752,
                                37.763705
                            ],
                            [
                                111.144183,
                                37.763777
                            ],
                            [
                                111.149142,
                                37.759414
                            ],
                            [
                                111.151983,
                                37.756097
                            ],
                            [
                                111.149835,
                                37.75003
                            ],
                            [
                                111.151264,
                                37.741414
                            ],
                            [
                                111.155753,
                                37.740579
                            ],
                            [
                                111.159147,
                                37.741152
                            ],
                            [
                                111.163177,
                                37.740829
                            ],
                            [
                                111.16641,
                                37.739371
                            ],
                            [
                                111.172187,
                                37.738564
                            ],
                            [
                                111.17482,
                                37.737044
                            ],
                            [
                                111.176597,
                                37.735146
                            ],
                            [
                                111.178594,
                                37.735034
                            ],
                            [
                                111.181316,
                                37.73622
                            ],
                            [
                                111.181968,
                                37.736827
                            ],
                            [
                                111.182046,
                                37.73838
                            ],
                            [
                                111.180888,
                                37.740473
                            ],
                            [
                                111.179736,
                                37.743501
                            ],
                            [
                                111.180847,
                                37.744192
                            ],
                            [
                                111.184199,
                                37.74418
                            ],
                            [
                                111.185518,
                                37.743423
                            ],
                            [
                                111.186133,
                                37.74206
                            ],
                            [
                                111.186874,
                                37.739098
                            ],
                            [
                                111.189966,
                                37.737812
                            ],
                            [
                                111.191514,
                                37.736688
                            ],
                            [
                                111.193558,
                                37.73612
                            ],
                            [
                                111.193652,
                                37.735619
                            ],
                            [
                                111.191957,
                                37.734294
                            ],
                            [
                                111.19105,
                                37.731176
                            ],
                            [
                                111.190096,
                                37.730213
                            ],
                            [
                                111.183819,
                                37.730358
                            ],
                            [
                                111.181462,
                                37.73009
                            ],
                            [
                                111.180508,
                                37.729188
                            ],
                            [
                                111.180815,
                                37.726393
                            ],
                            [
                                111.179382,
                                37.722195
                            ],
                            [
                                111.173699,
                                37.720798
                            ],
                            [
                                111.168506,
                                37.720569
                            ],
                            [
                                111.158438,
                                37.719651
                            ],
                            [
                                111.147828,
                                37.722162
                            ],
                            [
                                111.140549,
                                37.722747
                            ],
                            [
                                111.13362,
                                37.722429
                            ],
                            [
                                111.130575,
                                37.720458
                            ],
                            [
                                111.128422,
                                37.718292
                            ],
                            [
                                111.126634,
                                37.714995
                            ],
                            [
                                111.119376,
                                37.711214
                            ],
                            [
                                111.112004,
                                37.712941
                            ],
                            [
                                111.106253,
                                37.716109
                            ],
                            [
                                111.102838,
                                37.717691
                            ],
                            [
                                111.10215,
                                37.718927
                            ],
                            [
                                111.101691,
                                37.721043
                            ],
                            [
                                111.100972,
                                37.722017
                            ],
                            [
                                111.097614,
                                37.722502
                            ],
                            [
                                111.093949,
                                37.721265
                            ],
                            [
                                111.091436,
                                37.721026
                            ],
                            [
                                111.085737,
                                37.721471
                            ],
                            [
                                111.082046,
                                37.721288
                            ],
                            [
                                111.079825,
                                37.721689
                            ],
                            [
                                111.076389,
                                37.722863
                            ],
                            [
                                111.074861,
                                37.723159
                            ],
                            [
                                111.069778,
                                37.72337
                            ],
                            [
                                111.067077,
                                37.723916
                            ],
                            [
                                111.065268,
                                37.723331
                            ],
                            [
                                111.064241,
                                37.719467
                            ],
                            [
                                111.063891,
                                37.719066
                            ],
                            [
                                111.059418,
                                37.718097
                            ],
                            [
                                111.064095,
                                37.709922
                            ],
                            [
                                111.064533,
                                37.707344
                            ],
                            [
                                111.067458,
                                37.706803
                            ],
                            [
                                111.068276,
                                37.70574
                            ],
                            [
                                111.06728,
                                37.703428
                            ],
                            [
                                111.067108,
                                37.702019
                            ],
                            [
                                111.068495,
                                37.699463
                            ],
                            [
                                111.067843,
                                37.697129
                            ],
                            [
                                111.066545,
                                37.695731
                            ],
                            [
                                111.064986,
                                37.694979
                            ],
                            [
                                111.063339,
                                37.693191
                            ],
                            [
                                111.060085,
                                37.693035
                            ],
                            [
                                111.059058,
                                37.691308
                            ],
                            [
                                111.059131,
                                37.688222
                            ],
                            [
                                111.058735,
                                37.683253
                            ],
                            [
                                111.059168,
                                37.679687
                            ],
                            [
                                111.05873,
                                37.676907
                            ],
                            [
                                111.058771,
                                37.674573
                            ],
                            [
                                111.059491,
                                37.671453
                            ],
                            [
                                111.059548,
                                37.668739
                            ],
                            [
                                111.060148,
                                37.665151
                            ],
                            [
                                111.060377,
                                37.662086
                            ],
                            [
                                111.059971,
                                37.659177
                            ],
                            [
                                111.058933,
                                37.655811
                            ],
                            [
                                111.059835,
                                37.653258
                            ],
                            [
                                111.069397,
                                37.649831
                            ],
                            [
                                111.076535,
                                37.647651
                            ],
                            [
                                111.084345,
                                37.644123
                            ],
                            [
                                111.10787,
                                37.639731
                            ],
                            [
                                111.123162,
                                37.636771
                            ],
                            [
                                111.137859,
                                37.637674
                            ],
                            [
                                111.142828,
                                37.636982
                            ],
                            [
                                111.153464,
                                37.634017
                            ],
                            [
                                111.160138,
                                37.633632
                            ],
                            [
                                111.177917,
                                37.627767
                            ],
                            [
                                111.189455,
                                37.624154
                            ],
                            [
                                111.197009,
                                37.625743
                            ],
                            [
                                111.199913,
                                37.618317
                            ],
                            [
                                111.201665,
                                37.617899
                            ],
                            [
                                111.205831,
                                37.618367
                            ],
                            [
                                111.215059,
                                37.620692
                            ],
                            [
                                111.219142,
                                37.620681
                            ],
                            [
                                111.224715,
                                37.619566
                            ],
                            [
                                111.229715,
                                37.619688
                            ],
                            [
                                111.234611,
                                37.620887
                            ],
                            [
                                111.237724,
                                37.622688
                            ],
                            [
                                111.240325,
                                37.628057
                            ],
                            [
                                111.24325,
                                37.633102
                            ],
                            [
                                111.243386,
                                37.639145
                            ],
                            [
                                111.245117,
                                37.640695
                            ],
                            [
                                111.247713,
                                37.641787
                            ],
                            [
                                111.256066,
                                37.644195
                            ],
                            [
                                111.262348,
                                37.644547
                            ],
                            [
                                111.26581,
                                37.646236
                            ],
                            [
                                111.267489,
                                37.648521
                            ],
                            [
                                111.269236,
                                37.65323
                            ],
                            [
                                111.270378,
                                37.657895
                            ],
                            [
                                111.285112,
                                37.666839
                            ],
                            [
                                111.293975,
                                37.672762
                            ],
                            [
                                111.301191,
                                37.677459
                            ],
                            [
                                111.308167,
                                37.681459
                            ],
                            [
                                111.317786,
                                37.685125
                            ],
                            [
                                111.326978,
                                37.686707
                            ],
                            [
                                111.337661,
                                37.687671
                            ],
                            [
                                111.347051,
                                37.686501
                            ],
                            [
                                111.353537,
                                37.685192
                            ],
                            [
                                111.363824,
                                37.679476
                            ],
                            [
                                111.374616,
                                37.674695
                            ],
                            [
                                111.38653,
                                37.670416
                            ],
                            [
                                111.39274,
                                37.668862
                            ],
                            [
                                111.39886,
                                37.660185
                            ],
                            [
                                111.406775,
                                37.654802
                            ],
                            [
                                111.41299,
                                37.648877
                            ],
                            [
                                111.419236,
                                37.646631
                            ],
                            [
                                111.424762,
                                37.646185
                            ],
                            [
                                111.43152,
                                37.648772
                            ],
                            [
                                111.436551,
                                37.651291
                            ],
                            [
                                111.447244,
                                37.659779
                            ],
                            [
                                111.447182,
                                37.665279
                            ],
                            [
                                111.446619,
                                37.684746
                            ],
                            [
                                111.451129,
                                37.691793
                            ],
                            [
                                111.46323,
                                37.698009
                            ],
                            [
                                111.460889,
                                37.700532
                            ],
                            [
                                111.459757,
                                37.704381
                            ],
                            [
                                111.459335,
                                37.710334
                            ],
                            [
                                111.457922,
                                37.718303
                            ],
                            [
                                111.454382,
                                37.723437
                            ],
                            [
                                111.452338,
                                37.727941
                            ],
                            [
                                111.451999,
                                37.732746
                            ],
                            [
                                111.455628,
                                37.738875
                            ],
                            [
                                111.457771,
                                37.749518
                            ],
                            [
                                111.458136,
                                37.756882
                            ],
                            [
                                111.458266,
                                37.763315
                            ],
                            [
                                111.458073,
                                37.770188
                            ],
                            [
                                111.456535,
                                37.776976
                            ],
                            [
                                111.454663,
                                37.779391
                            ],
                            [
                                111.452781,
                                37.780203
                            ],
                            [
                                111.448016,
                                37.78313
                            ],
                            [
                                111.444132,
                                37.78585
                            ],
                            [
                                111.437098,
                                37.788888
                            ],
                            [
                                111.432953,
                                37.790501
                            ],
                            [
                                111.430685,
                                37.791113
                            ],
                            [
                                111.428423,
                                37.792326
                            ],
                            [
                                111.42506,
                                37.79904
                            ],
                            [
                                111.424069,
                                37.802143
                            ],
                            [
                                111.422208,
                                37.806359
                            ],
                            [
                                111.416556,
                                37.815319
                            ],
                            [
                                111.413772,
                                37.821942
                            ],
                            [
                                111.414215,
                                37.823999
                            ],
                            [
                                111.415372,
                                37.824911
                            ],
                            [
                                111.418668,
                                37.825673
                            ],
                            [
                                111.423172,
                                37.827302
                            ],
                            [
                                111.427229,
                                37.830237
                            ],
                            [
                                111.429377,
                                37.833134
                            ],
                            [
                                111.429476,
                                37.835441
                            ],
                            [
                                111.42775,
                                37.840712
                            ],
                            [
                                111.427541,
                                37.844759
                            ],
                            [
                                111.429017,
                                37.850334
                            ],
                            [
                                111.433501,
                                37.858332
                            ],
                            [
                                111.433741,
                                37.859894
                            ],
                            [
                                111.433178,
                                37.861867
                            ],
                            [
                                111.431201,
                                37.864207
                            ],
                            [
                                111.43031,
                                37.866818
                            ],
                            [
                                111.429674,
                                37.869547
                            ],
                            [
                                111.429762,
                                37.872542
                            ],
                            [
                                111.432176,
                                37.878043
                            ],
                            [
                                111.434345,
                                37.883705
                            ],
                            [
                                111.437187,
                                37.886299
                            ],
                            [
                                111.440305,
                                37.887494
                            ],
                            [
                                111.445039,
                                37.888016
                            ],
                            [
                                111.466765,
                                37.892377
                            ],
                            [
                                111.474095,
                                37.894833
                            ],
                            [
                                111.480018,
                                37.896493
                            ],
                            [
                                111.486071,
                                37.89786
                            ],
                            [
                                111.493136,
                                37.899215
                            ],
                            [
                                111.496014,
                                37.899365
                            ],
                            [
                                111.505331,
                                37.898599
                            ],
                            [
                                111.522244,
                                37.896949
                            ],
                            [
                                111.527098,
                                37.894466
                            ],
                            [
                                111.534252,
                                37.892622
                            ],
                            [
                                111.538026,
                                37.891499
                            ],
                            [
                                111.540409,
                                37.890172
                            ],
                            [
                                111.547124,
                                37.885266
                            ],
                            [
                                111.549074,
                                37.886016
                            ],
                            [
                                111.555639,
                                37.887966
                            ],
                            [
                                111.557792,
                                37.888955
                            ],
                            [
                                111.562088,
                                37.891527
                            ],
                            [
                                111.567046,
                                37.894899
                            ],
                            [
                                111.569194,
                                37.895788
                            ],
                            [
                                111.574502,
                                37.89706
                            ],
                            [
                                111.577802,
                                37.899438
                            ],
                            [
                                111.57933,
                                37.901232
                            ],
                            [
                                111.580102,
                                37.902731
                            ],
                            [
                                111.579627,
                                37.905636
                            ],
                            [
                                111.576634,
                                37.910646
                            ],
                            [
                                111.574372,
                                37.913656
                            ],
                            [
                                111.574622,
                                37.917994
                            ],
                            [
                                111.577338,
                                37.922059
                            ],
                            [
                                111.57774,
                                37.923602
                            ],
                            [
                                111.575206,
                                37.927845
                            ],
                            [
                                111.57239,
                                37.93197
                            ],
                            [
                                111.570242,
                                37.933563
                            ],
                            [
                                111.562912,
                                37.93534
                            ],
                            [
                                111.559653,
                                37.936784
                            ],
                            [
                                111.557505,
                                37.938716
                            ],
                            [
                                111.555341,
                                37.941941
                            ],
                            [
                                111.554304,
                                37.943101
                            ],
                            [
                                111.552823,
                                37.94681
                            ],
                            [
                                111.550951,
                                37.94973
                            ],
                            [
                                111.548949,
                                37.952039
                            ],
                            [
                                111.547959,
                                37.953743
                            ],
                            [
                                111.545586,
                                37.955957
                            ],
                            [
                                111.544982,
                                37.958466
                            ],
                            [
                                111.543855,
                                37.96108
                            ],
                            [
                                111.543282,
                                37.967884
                            ],
                            [
                                111.542568,
                                37.97259
                            ],
                            [
                                111.542072,
                                37.9739
                            ],
                            [
                                111.539189,
                                37.97602
                            ],
                            [
                                111.538073,
                                37.979321
                            ],
                            [
                                111.538532,
                                37.988937
                            ],
                            [
                                111.538058,
                                37.992426
                            ],
                            [
                                111.536561,
                                37.99545
                            ],
                            [
                                111.534935,
                                37.997053
                            ],
                            [
                                111.530539,
                                37.9992
                            ],
                            [
                                111.529935,
                                38.000836
                            ],
                            [
                                111.525753,
                                38.002067
                            ],
                            [
                                111.523543,
                                38.00438
                            ],
                            [
                                111.520435,
                                38.009445
                            ],
                            [
                                111.518824,
                                38.013649
                            ],
                            [
                                111.51763,
                                38.016122
                            ],
                            [
                                111.516879,
                                38.019677
                            ],
                            [
                                111.517656,
                                38.023792
                            ],
                            [
                                111.518412,
                                38.025727
                            ],
                            [
                                111.520764,
                                38.029198
                            ],
                            [
                                111.521071,
                                38.030218
                            ],
                            [
                                111.523996,
                                38.033396
                            ],
                            [
                                111.52531,
                                38.034527
                            ],
                            [
                                111.527072,
                                38.036916
                            ],
                            [
                                111.528026,
                                38.037704
                            ],
                            [
                                111.527828,
                                38.039478
                            ],
                            [
                                111.525315,
                                38.040831
                            ],
                            [
                                111.5219,
                                38.043785
                            ],
                            [
                                111.520326,
                                38.044656
                            ],
                            [
                                111.51896,
                                38.045992
                            ],
                            [
                                111.516202,
                                38.049689
                            ],
                            [
                                111.51593,
                                38.05123
                            ],
                            [
                                111.516311,
                                38.052489
                            ],
                            [
                                111.517489,
                                38.054074
                            ],
                            [
                                111.520352,
                                38.056203
                            ],
                            [
                                111.521963,
                                38.057128
                            ],
                            [
                                111.523167,
                                38.058797
                            ],
                            [
                                111.523105,
                                38.061662
                            ],
                            [
                                111.522354,
                                38.063885
                            ],
                            [
                                111.523412,
                                38.06563
                            ],
                            [
                                111.524147,
                                38.066085
                            ],
                            [
                                111.530274,
                                38.067797
                            ],
                            [
                                111.539429,
                                38.069676
                            ],
                            [
                                111.543689,
                                38.071799
                            ],
                            [
                                111.546426,
                                38.074946
                            ],
                            [
                                111.546483,
                                38.077977
                            ],
                            [
                                111.546838,
                                38.081989
                            ],
                            [
                                111.544147,
                                38.085474
                            ],
                            [
                                111.543204,
                                38.087031
                            ],
                            [
                                111.540159,
                                38.09379
                            ],
                            [
                                111.539137,
                                38.096538
                            ],
                            [
                                111.538788,
                                38.099585
                            ],
                            [
                                111.538376,
                                38.100737
                            ],
                            [
                                111.536082,
                                38.104161
                            ],
                            [
                                111.53348,
                                38.105595
                            ],
                            [
                                111.5308,
                                38.107423
                            ],
                            [
                                111.530289,
                                38.11058
                            ],
                            [
                                111.5292,
                                38.113211
                            ],
                            [
                                111.528819,
                                38.118312
                            ],
                            [
                                111.527875,
                                38.119348
                            ],
                            [
                                111.526076,
                                38.120433
                            ],
                            [
                                111.522531,
                                38.12153
                            ],
                            [
                                111.52079,
                                38.122731
                            ],
                            [
                                111.517469,
                                38.123761
                            ],
                            [
                                111.510023,
                                38.12555
                            ],
                            [
                                111.507865,
                                38.125716
                            ],
                            [
                                111.503673,
                                38.125207
                            ],
                            [
                                111.501864,
                                38.125605
                            ],
                            [
                                111.496301,
                                38.128424
                            ],
                            [
                                111.493855,
                                38.129919
                            ],
                            [
                                111.491332,
                                38.131846
                            ],
                            [
                                111.487521,
                                38.131082
                            ],
                            [
                                111.485206,
                                38.129681
                            ],
                            [
                                111.482896,
                                38.129426
                            ],
                            [
                                111.477792,
                                38.130971
                            ],
                            [
                                111.469528,
                                38.140633
                            ],
                            [
                                111.459163,
                                38.144331
                            ],
                            [
                                111.45128,
                                38.148854
                            ],
                            [
                                111.443668,
                                38.15036
                            ],
                            [
                                111.439679,
                                38.150471
                            ],
                            [
                                111.437077,
                                38.150116
                            ],
                            [
                                111.432453,
                                38.150415
                            ],
                            [
                                111.42494,
                                38.1532
                            ],
                            [
                                111.424403,
                                38.154102
                            ],
                            [
                                111.419663,
                                38.159139
                            ],
                            [
                                111.415816,
                                38.160905
                            ],
                            [
                                111.413198,
                                38.161868
                            ],
                            [
                                111.40885,
                                38.162432
                            ],
                            [
                                111.400143,
                                38.161431
                            ],
                            [
                                111.39666,
                                38.161652
                            ],
                            [
                                111.395425,
                                38.162327
                            ],
                            [
                                111.391858,
                                38.165122
                            ],
                            [
                                111.388365,
                                38.166716
                            ],
                            [
                                111.380362,
                                38.169201
                            ],
                            [
                                111.375367,
                                38.171869
                            ],
                            [
                                111.368537,
                                38.173391
                            ]
                        ]
                    ]
                ]
            }
        }
    ]
}