{
    "type": "FeatureCollection",
    "features": [
        {
            "type": "Feature",
            "properties": {
                "adcode": 141102,
                "name": "离石区",
                "center": [
                    111.134462,
                    37.524037
                ],
                "centroid": [
                    111.30795,
                    37.543606
                ],
                "childrenNum": 0,
                "level": "district",
                "acroutes": [
                    100000,
                    140000,
                    141100
                ],
                "parent": {
                    "adcode": 141100
                }
            },
            "geometry": {
                "type": "MultiPolygon",
                "coordinates": [
                    [
                        [
                            [
                                111.059417,
                                37.718097
                            ],
                            [
                                111.056575,
                                37.717195
                            ],
                            [
                                111.054678,
                                37.716103
                            ],
                            [
                                111.05142,
                                37.713416
                            ],
                            [
                                111.050581,
                                37.713049
                            ],
                            [
                                111.048255,
                                37.712986
                            ],
                            [
                                111.043423,
                                37.714062
                            ],
                            [
                                111.038916,
                                37.714787
                            ],
                            [
                                111.036887,
                                37.717262
                            ],
                            [
                                111.035704,
                                37.720532
                            ],
                            [
                                111.034753,
                                37.722037
                            ],
                            [
                                111.028897,
                                37.725812
                            ],
                            [
                                111.02476,
                                37.72827
                            ],
                            [
                                111.023544,
                                37.72972
                            ],
                            [
                                111.023848,
                                37.732876
                            ],
                            [
                                111.021707,
                                37.736898
                            ],
                            [
                                111.020365,
                                37.73728
                            ],
                            [
                                111.019638,
                                37.736823
                            ],
                            [
                                111.016988,
                                37.733888
                            ],
                            [
                                111.014926,
                                37.732108
                            ],
                            [
                                111.013432,
                                37.731844
                            ],
                            [
                                111.007967,
                                37.7342
                            ],
                            [
                                110.995258,
                                37.736158
                            ],
                            [
                                110.991094,
                                37.737249
                            ],
                            [
                                110.989574,
                                37.737245
                            ],
                            [
                                110.988656,
                                37.736559
                            ],
                            [
                                110.986752,
                                37.732813
                            ],
                            [
                                110.985411,
                                37.730646
                            ],
                            [
                                110.985411,
                                37.729094
                            ],
                            [
                                110.987136,
                                37.726533
                            ],
                            [
                                110.988001,
                                37.72381
                            ],
                            [
                                110.987704,
                                37.721194
                            ],
                            [
                                110.985265,
                                37.715071
                            ],
                            [
                                110.983217,
                                37.713585
                            ],
                            [
                                110.977533,
                                37.715051
                            ],
                            [
                                110.975511,
                                37.715185
                            ],
                            [
                                110.97438,
                                37.71405
                            ],
                            [
                                110.97438,
                                37.712828
                            ],
                            [
                                110.976284,
                                37.711047
                            ],
                            [
                                110.976581,
                                37.709305
                            ],
                            [
                                110.975035,
                                37.706338
                            ],
                            [
                                110.970752,
                                37.704962
                            ],
                            [
                                110.967183,
                                37.704951
                            ],
                            [
                                110.965458,
                                37.704194
                            ],
                            [
                                110.963086,
                                37.701928
                            ],
                            [
                                110.962134,
                                37.699196
                            ],
                            [
                                110.963714,
                                37.696965
                            ],
                            [
                                110.964573,
                                37.694285
                            ],
                            [
                                110.964097,
                                37.692239
                            ],
                            [
                                110.961572,
                                37.687998
                            ],
                            [
                                110.960475,
                                37.683642
                            ],
                            [
                                110.961044,
                                37.682278
                            ],
                            [
                                110.962676,
                                37.680965
                            ],
                            [
                                110.96647,
                                37.679952
                            ],
                            [
                                110.972206,
                                37.6791
                            ],
                            [
                                110.97524,
                                37.678414
                            ],
                            [
                                110.979297,
                                37.676356
                            ],
                            [
                                110.987532,
                                37.669839
                            ],
                            [
                                110.992826,
                                37.667055
                            ],
                            [
                                110.993599,
                                37.665856
                            ],
                            [
                                110.992826,
                                37.664866
                            ],
                            [
                                110.990004,
                                37.664247
                            ],
                            [
                                110.986673,
                                37.664097
                            ],
                            [
                                110.982509,
                                37.664602
                            ],
                            [
                                110.98132,
                                37.664409
                            ],
                            [
                                110.981174,
                                37.66222
                            ],
                            [
                                110.981888,
                                37.6606
                            ],
                            [
                                110.985992,
                                37.654215
                            ],
                            [
                                110.987089,
                                37.653087
                            ],
                            [
                                110.985754,
                                37.651766
                            ],
                            [
                                110.980699,
                                37.651892
                            ],
                            [
                                110.978762,
                                37.650504
                            ],
                            [
                                110.978683,
                                37.648942
                            ],
                            [
                                110.979449,
                                37.646453
                            ],
                            [
                                110.976429,
                                37.644232
                            ],
                            [
                                110.971585,
                                37.64284
                            ],
                            [
                                110.964084,
                                37.642004
                            ],
                            [
                                110.957898,
                                37.643069
                            ],
                            [
                                110.950033,
                                37.643361
                            ],
                            [
                                110.946431,
                                37.640888
                            ],
                            [
                                110.944759,
                                37.636213
                            ],
                            [
                                110.944264,
                                37.631369
                            ],
                            [
                                110.945163,
                                37.627274
                            ],
                            [
                                110.947661,
                                37.621202
                            ],
                            [
                                110.95076,
                                37.614924
                            ],
                            [
                                110.955757,
                                37.610355
                            ],
                            [
                                110.959993,
                                37.604368
                            ],
                            [
                                110.966529,
                                37.598724
                            ],
                            [
                                110.974566,
                                37.592472
                            ],
                            [
                                110.980864,
                                37.586133
                            ],
                            [
                                110.984373,
                                37.578273
                            ],
                            [
                                110.988305,
                                37.568597
                            ],
                            [
                                110.993526,
                                37.564956
                            ],
                            [
                                110.997406,
                                37.559878
                            ],
                            [
                                111.002858,
                                37.553034
                            ],
                            [
                                111.009738,
                                37.546727
                            ],
                            [
                                111.017232,
                                37.539981
                            ],
                            [
                                111.02548,
                                37.534657
                            ],
                            [
                                111.032089,
                                37.531781
                            ],
                            [
                                111.03998,
                                37.527352
                            ],
                            [
                                111.045644,
                                37.521434
                            ],
                            [
                                111.050098,
                                37.516373
                            ],
                            [
                                111.053846,
                                37.512987
                            ],
                            [
                                111.056886,
                                37.511628
                            ],
                            [
                                111.058062,
                                37.510853
                            ],
                            [
                                111.061274,
                                37.508067
                            ],
                            [
                                111.063785,
                                37.508036
                            ],
                            [
                                111.064288,
                                37.504625
                            ],
                            [
                                111.065028,
                                37.501903
                            ],
                            [
                                111.066555,
                                37.499666
                            ],
                            [
                                111.07159,
                                37.494749
                            ],
                            [
                                111.073804,
                                37.493492
                            ],
                            [
                                111.075761,
                                37.493058
                            ],
                            [
                                111.083995,
                                37.494046
                            ],
                            [
                                111.089719,
                                37.492402
                            ],
                            [
                                111.092567,
                                37.490832
                            ],
                            [
                                111.094576,
                                37.489014
                            ],
                            [
                                111.094345,
                                37.487378
                            ],
                            [
                                111.092058,
                                37.486532
                            ],
                            [
                                111.091377,
                                37.485591
                            ],
                            [
                                111.091906,
                                37.48384
                            ],
                            [
                                111.094755,
                                37.482571
                            ],
                            [
                                111.098713,
                                37.481227
                            ],
                            [
                                111.10102,
                                37.482678
                            ],
                            [
                                111.103624,
                                37.483927
                            ],
                            [
                                111.107734,
                                37.484038
                            ],
                            [
                                111.113418,
                                37.483184
                            ],
                            [
                                111.116604,
                                37.481239
                            ],
                            [
                                111.126629,
                                37.480322
                            ],
                            [
                                111.132736,
                                37.479911
                            ],
                            [
                                111.138876,
                                37.478816
                            ],
                            [
                                111.155404,
                                37.473823
                            ],
                            [
                                111.166943,
                                37.469984
                            ],
                            [
                                111.175125,
                                37.468513
                            ],
                            [
                                111.186691,
                                37.464208
                            ],
                            [
                                111.193848,
                                37.461084
                            ],
                            [
                                111.200365,
                                37.458617
                            ],
                            [
                                111.209333,
                                37.457782
                            ],
                            [
                                111.215016,
                                37.461962
                            ],
                            [
                                111.218605,
                                37.471538
                            ],
                            [
                                111.227871,
                                37.468233
                            ],
                            [
                                111.240137,
                                37.46673
                            ],
                            [
                                111.248887,
                                37.466319
                            ],
                            [
                                111.252846,
                                37.471554
                            ],
                            [
                                111.256672,
                                37.47472
                            ],
                            [
                                111.264649,
                                37.476464
                            ],
                            [
                                111.271774,
                                37.473807
                            ],
                            [
                                111.277193,
                                37.46694
                            ],
                            [
                                111.280656,
                                37.459064
                            ],
                            [
                                111.286194,
                                37.438424
                            ],
                            [
                                111.289082,
                                37.426383
                            ],
                            [
                                111.29357,
                                37.416263
                            ],
                            [
                                111.297198,
                                37.406099
                            ],
                            [
                                111.303271,
                                37.398117
                            ],
                            [
                                111.307951,
                                37.393289
                            ],
                            [
                                111.317243,
                                37.3889
                            ],
                            [
                                111.327896,
                                37.389632
                            ],
                            [
                                111.338424,
                                37.392193
                            ],
                            [
                                111.347254,
                                37.394219
                            ],
                            [
                                111.357861,
                                37.39173
                            ],
                            [
                                111.367146,
                                37.387336
                            ],
                            [
                                111.375427,
                                37.388642
                            ],
                            [
                                111.388804,
                                37.391781
                            ],
                            [
                                111.397085,
                                37.393305
                            ],
                            [
                                111.407143,
                                37.393989
                            ],
                            [
                                111.414294,
                                37.390863
                            ],
                            [
                                111.418848,
                                37.383485
                            ],
                            [
                                111.424194,
                                37.377065
                            ],
                            [
                                111.429792,
                                37.371333
                            ],
                            [
                                111.438073,
                                37.368253
                            ],
                            [
                                111.451733,
                                37.362409
                            ],
                            [
                                111.462427,
                                37.357575
                            ],
                            [
                                111.470787,
                                37.353108
                            ],
                            [
                                111.479392,
                                37.349334
                            ],
                            [
                                111.486238,
                                37.345941
                            ],
                            [
                                111.493264,
                                37.342301
                            ],
                            [
                                111.495147,
                                37.34421
                            ],
                            [
                                111.497751,
                                37.345925
                            ],
                            [
                                111.498306,
                                37.348071
                            ],
                            [
                                111.496885,
                                37.350712
                            ],
                            [
                                111.498068,
                                37.352613
                            ],
                            [
                                111.501386,
                                37.353932
                            ],
                            [
                                111.502536,
                                37.354882
                            ],
                            [
                                111.502457,
                                37.356212
                            ],
                            [
                                111.503098,
                                37.357305
                            ],
                            [
                                111.504446,
                                37.358073
                            ],
                            [
                                111.509964,
                                37.359317
                            ],
                            [
                                111.512852,
                                37.359293
                            ],
                            [
                                111.516005,
                                37.356478
                            ],
                            [
                                111.518258,
                                37.356212
                            ],
                            [
                                111.526063,
                                37.357618
                            ],
                            [
                                111.533109,
                                37.359333
                            ],
                            [
                                111.534087,
                                37.360172
                            ],
                            [
                                111.534093,
                                37.361201
                            ],
                            [
                                111.53336,
                                37.36313
                            ],
                            [
                                111.533373,
                                37.364408
                            ],
                            [
                                111.534985,
                                37.366162
                            ],
                            [
                                111.536644,
                                37.366261
                            ],
                            [
                                111.539268,
                                37.365762
                            ],
                            [
                                111.541845,
                                37.365929
                            ],
                            [
                                111.54852,
                                37.368284
                            ],
                            [
                                111.549697,
                                37.369044
                            ],
                            [
                                111.552499,
                                37.368692
                            ],
                            [
                                111.554237,
                                37.367869
                            ],
                            [
                                111.556524,
                                37.365541
                            ],
                            [
                                111.558407,
                                37.365014
                            ],
                            [
                                111.562611,
                                37.364963
                            ],
                            [
                                111.564203,
                                37.365652
                            ],
                            [
                                111.569041,
                                37.369365
                            ],
                            [
                                111.574599,
                                37.374365
                            ],
                            [
                                111.582259,
                                37.383153
                            ],
                            [
                                111.583409,
                                37.38358
                            ],
                            [
                                111.587096,
                                37.38301
                            ],
                            [
                                111.588537,
                                37.383438
                            ],
                            [
                                111.593289,
                                37.387823
                            ],
                            [
                                111.595338,
                                37.388955
                            ],
                            [
                                111.59627,
                                37.390712
                            ],
                            [
                                111.595596,
                                37.39264
                            ],
                            [
                                111.593183,
                                37.395881
                            ],
                            [
                                111.593738,
                                37.396906
                            ],
                            [
                                111.596481,
                                37.39966
                            ],
                            [
                                111.599263,
                                37.401465
                            ],
                            [
                                111.600757,
                                37.403277
                            ],
                            [
                                111.601715,
                                37.405481
                            ],
                            [
                                111.601848,
                                37.40746
                            ],
                            [
                                111.602726,
                                37.413431
                            ],
                            [
                                111.604365,
                                37.417059
                            ],
                            [
                                111.605132,
                                37.419666
                            ],
                            [
                                111.605145,
                                37.421426
                            ],
                            [
                                111.602627,
                                37.427459
                            ],
                            [
                                111.602264,
                                37.430644
                            ],
                            [
                                111.600308,
                                37.433923
                            ],
                            [
                                111.596693,
                                37.437079
                            ],
                            [
                                111.593395,
                                37.440678
                            ],
                            [
                                111.593474,
                                37.442189
                            ],
                            [
                                111.594954,
                                37.446061
                            ],
                            [
                                111.594148,
                                37.449221
                            ],
                            [
                                111.592648,
                                37.451266
                            ],
                            [
                                111.588901,
                                37.455663
                            ],
                            [
                                111.585305,
                                37.45853
                            ],
                            [
                                111.581043,
                                37.458909
                            ],
                            [
                                111.576674,
                                37.461642
                            ],
                            [
                                111.568288,
                                37.46399
                            ],
                            [
                                111.562829,
                                37.466208
                            ],
                            [
                                111.561917,
                                37.467999
                            ],
                            [
                                111.555896,
                                37.476017
                            ],
                            [
                                111.551422,
                                37.482492
                            ],
                            [
                                111.548653,
                                37.489259
                            ],
                            [
                                111.54624,
                                37.499496
                            ],
                            [
                                111.543795,
                                37.505598
                            ],
                            [
                                111.539294,
                                37.512525
                            ],
                            [
                                111.531113,
                                37.526882
                            ],
                            [
                                111.529322,
                                37.528905
                            ],
                            [
                                111.526711,
                                37.531137
                            ],
                            [
                                111.522838,
                                37.53346
                            ],
                            [
                                111.520472,
                                37.535379
                            ],
                            [
                                111.518239,
                                37.538002
                            ],
                            [
                                111.515879,
                                37.541514
                            ],
                            [
                                111.513295,
                                37.546842
                            ],
                            [
                                111.511828,
                                37.551854
                            ],
                            [
                                111.512145,
                                37.561762
                            ],
                            [
                                111.51354,
                                37.563456
                            ],
                            [
                                111.516216,
                                37.569438
                            ],
                            [
                                111.519488,
                                37.570918
                            ],
                            [
                                111.521629,
                                37.572395
                            ],
                            [
                                111.522521,
                                37.573998
                            ],
                            [
                                111.523433,
                                37.579395
                            ],
                            [
                                111.524715,
                                37.582584
                            ],
                            [
                                111.528119,
                                37.585573
                            ],
                            [
                                111.52913,
                                37.585955
                            ],
                            [
                                111.532375,
                                37.583634
                            ],
                            [
                                111.533736,
                                37.58142
                            ],
                            [
                                111.538825,
                                37.574483
                            ],
                            [
                                111.541066,
                                37.572268
                            ],
                            [
                                111.541879,
                                37.571866
                            ],
                            [
                                111.548382,
                                37.569603
                            ],
                            [
                                111.55273,
                                37.569323
                            ],
                            [
                                111.558625,
                                37.571637
                            ],
                            [
                                111.564157,
                                37.575308
                            ],
                            [
                                111.566186,
                                37.579529
                            ],
                            [
                                111.565988,
                                37.58663
                            ],
                            [
                                111.562379,
                                37.59252
                            ],
                            [
                                111.560033,
                                37.597635
                            ],
                            [
                                111.556339,
                                37.605291
                            ],
                            [
                                111.549842,
                                37.611677
                            ],
                            [
                                111.549181,
                                37.617153
                            ],
                            [
                                111.548811,
                                37.626788
                            ],
                            [
                                111.548018,
                                37.634324
                            ],
                            [
                                111.546729,
                                37.640473
                            ],
                            [
                                111.539473,
                                37.645222
                            ],
                            [
                                111.529731,
                                37.648496
                            ],
                            [
                                111.520122,
                                37.653844
                            ],
                            [
                                111.516051,
                                37.658498
                            ],
                            [
                                111.514828,
                                37.663731
                            ],
                            [
                                111.514868,
                                37.667402
                            ],
                            [
                                111.517849,
                                37.674408
                            ],
                            [
                                111.519243,
                                37.679289
                            ],
                            [
                                111.518067,
                                37.683831
                            ],
                            [
                                111.51582,
                                37.687182
                            ],
                            [
                                111.509039,
                                37.6892
                            ],
                            [
                                111.495689,
                                37.690261
                            ],
                            [
                                111.49181,
                                37.691944
                            ],
                            [
                                111.487084,
                                37.69358
                            ],
                            [
                                111.476926,
                                37.694317
                            ],
                            [
                                111.469657,
                                37.694928
                            ],
                            [
                                111.466689,
                                37.695948
                            ],
                            [
                                111.463233,
                                37.69801
                            ],
                            [
                                111.451125,
                                37.69179
                            ],
                            [
                                111.446618,
                                37.684746
                            ],
                            [
                                111.44718,
                                37.66528
                            ],
                            [
                                111.447239,
                                37.659779
                            ],
                            [
                                111.436553,
                                37.651289
                            ],
                            [
                                111.431523,
                                37.648772
                            ],
                            [
                                111.424763,
                                37.646185
                            ],
                            [
                                111.419231,
                                37.646631
                            ],
                            [
                                111.412992,
                                37.648879
                            ],
                            [
                                111.406773,
                                37.654803
                            ],
                            [
                                111.398856,
                                37.660182
                            ],
                            [
                                111.392736,
                                37.668861
                            ],
                            [
                                111.38653,
                                37.670418
                            ],
                            [
                                111.374614,
                                37.674696
                            ],
                            [
                                111.363829,
                                37.679475
                            ],
                            [
                                111.353539,
                                37.685195
                            ],
                            [
                                111.347049,
                                37.686504
                            ],
                            [
                                111.337664,
                                37.687667
                            ],
                            [
                                111.326978,
                                37.686709
                            ],
                            [
                                111.317785,
                                37.685128
                            ],
                            [
                                111.308162,
                                37.681462
                            ],
                            [
                                111.30119,
                                37.67746
                            ],
                            [
                                111.293979,
                                37.672764
                            ],
                            [
                                111.28511,
                                37.666838
                            ],
                            [
                                111.270379,
                                37.657894
                            ],
                            [
                                111.269236,
                                37.653229
                            ],
                            [
                                111.267491,
                                37.64852
                            ],
                            [
                                111.265812,
                                37.646236
                            ],
                            [
                                111.262349,
                                37.644548
                            ],
                            [
                                111.256064,
                                37.644197
                            ],
                            [
                                111.247711,
                                37.641787
                            ],
                            [
                                111.245113,
                                37.640694
                            ],
                            [
                                111.243388,
                                37.639144
                            ],
                            [
                                111.24325,
                                37.633105
                            ],
                            [
                                111.240328,
                                37.628055
                            ],
                            [
                                111.237725,
                                37.622685
                            ],
                            [
                                111.234612,
                                37.620886
                            ],
                            [
                                111.229715,
                                37.619687
                            ],
                            [
                                111.224718,
                                37.619564
                            ],
                            [
                                111.21914,
                                37.620681
                            ],
                            [
                                111.215063,
                                37.620693
                            ],
                            [
                                111.20583,
                                37.618365
                            ],
                            [
                                111.201667,
                                37.617899
                            ],
                            [
                                111.199915,
                                37.618317
                            ],
                            [
                                111.197007,
                                37.625743
                            ],
                            [
                                111.189453,
                                37.624153
                            ],
                            [
                                111.177914,
                                37.627767
                            ],
                            [
                                111.160136,
                                37.633633
                            ],
                            [
                                111.153461,
                                37.63402
                            ],
                            [
                                111.142828,
                                37.636982
                            ],
                            [
                                111.137864,
                                37.637673
                            ],
                            [
                                111.12316,
                                37.636769
                            ],
                            [
                                111.107867,
                                37.639732
                            ],
                            [
                                111.084346,
                                37.644122
                            ],
                            [
                                111.076534,
                                37.647648
                            ],
                            [
                                111.069396,
                                37.649829
                            ],
                            [
                                111.059833,
                                37.65326
                            ],
                            [
                                111.058934,
                                37.655812
                            ],
                            [
                                111.059972,
                                37.65918
                            ],
                            [
                                111.060382,
                                37.662082
                            ],
                            [
                                111.060151,
                                37.66515
                            ],
                            [
                                111.059549,
                                37.668739
                            ],
                            [
                                111.05949,
                                37.671451
                            ],
                            [
                                111.058776,
                                37.674574
                            ],
                            [
                                111.05873,
                                37.676908
                            ],
                            [
                                111.059166,
                                37.679688
                            ],
                            [
                                111.058736,
                                37.683255
                            ],
                            [
                                111.059126,
                                37.688219
                            ],
                            [
                                111.05906,
                                37.691309
                            ],
                            [
                                111.060084,
                                37.693036
                            ],
                            [
                                111.063336,
                                37.693189
                            ],
                            [
                                111.064982,
                                37.694979
                            ],
                            [
                                111.066541,
                                37.695732
                            ],
                            [
                                111.067843,
                                37.697131
                            ],
                            [
                                111.068498,
                                37.699464
                            ],
                            [
                                111.067103,
                                37.702018
                            ],
                            [
                                111.067282,
                                37.703425
                            ],
                            [
                                111.068279,
                                37.705739
                            ],
                            [
                                111.067453,
                                37.706803
                            ],
                            [
                                111.064532,
                                37.707343
                            ],
                            [
                                111.064096,
                                37.70992
                            ],
                            [
                                111.059417,
                                37.718097
                            ]
                        ]
                    ]
                ]
            }
        }
    ]
}