{
    "type": "FeatureCollection",
    "features": [
        {
            "type": "Feature",
            "properties": {
                "adcode": 141124,
                "name": "临县",
                "center": [
                    110.995963,
                    37.960806
                ],
                "centroid": [
                    110.895328,
                    37.955364
                ],
                "childrenNum": 0,
                "level": "district",
                "acroutes": [
                    100000,
                    140000,
                    141100
                ],
                "parent": {
                    "adcode": 141100
                }
            },
            "geometry": {
                "type": "MultiPolygon",
                "coordinates": [
                    [
                        [
                            [
                                110.556837,
                                38.210272
                            ],
                            [
                                110.552579,
                                38.209531
                            ],
                            [
                                110.545926,
                                38.209877
                            ],
                            [
                                110.537611,
                                38.211396
                            ],
                            [
                                110.532643,
                                38.212042
                            ],
                            [
                                110.528337,
                                38.211791
                            ],
                            [
                                110.523942,
                                38.210523
                            ],
                            [
                                110.520643,
                                38.2082
                            ],
                            [
                                110.517038,
                                38.204377
                            ],
                            [
                                110.513353,
                                38.199631
                            ],
                            [
                                110.509442,
                                38.192096
                            ],
                            [
                                110.507861,
                                38.184912
                            ],
                            [
                                110.507498,
                                38.174927
                            ],
                            [
                                110.507619,
                                38.162748
                            ],
                            [
                                110.508595,
                                38.153846
                            ],
                            [
                                110.510595,
                                38.147249
                            ],
                            [
                                110.514942,
                                38.139458
                            ],
                            [
                                110.519676,
                                38.13071
                            ],
                            [
                                110.521192,
                                38.124444
                            ],
                            [
                                110.52024,
                                38.11951
                            ],
                            [
                                110.517595,
                                38.11572
                            ],
                            [
                                110.508885,
                                38.106259
                            ],
                            [
                                110.501885,
                                38.098118
                            ],
                            [
                                110.500369,
                                38.092805
                            ],
                            [
                                110.500554,
                                38.087888
                            ],
                            [
                                110.500837,
                                38.085253
                            ],
                            [
                                110.503256,
                                38.079675
                            ],
                            [
                                110.506135,
                                38.074952
                            ],
                            [
                                110.508216,
                                38.067442
                            ],
                            [
                                110.508788,
                                38.061938
                            ],
                            [
                                110.507837,
                                38.056629
                            ],
                            [
                                110.503111,
                                38.046387
                            ],
                            [
                                110.501409,
                                38.038994
                            ],
                            [
                                110.501135,
                                38.03418
                            ],
                            [
                                110.501571,
                                38.028925
                            ],
                            [
                                110.504716,
                                38.017628
                            ],
                            [
                                110.508119,
                                38.012876
                            ],
                            [
                                110.512474,
                                38.010773
                            ],
                            [
                                110.51853,
                                38.00886
                            ],
                            [
                                110.520611,
                                38.007141
                            ],
                            [
                                110.522877,
                                38.003912
                            ],
                            [
                                110.527047,
                                37.997257
                            ],
                            [
                                110.528369,
                                37.993265
                            ],
                            [
                                110.528369,
                                37.990608
                            ],
                            [
                                110.527039,
                                37.988146
                            ],
                            [
                                110.520982,
                                37.980571
                            ],
                            [
                                110.518143,
                                37.976402
                            ],
                            [
                                110.516627,
                                37.970715
                            ],
                            [
                                110.517006,
                                37.965015
                            ],
                            [
                                110.518716,
                                37.960455
                            ],
                            [
                                110.522498,
                                37.954943
                            ],
                            [
                                110.528651,
                                37.950274
                            ],
                            [
                                110.533014,
                                37.94875
                            ],
                            [
                                110.539966,
                                37.944604
                            ],
                            [
                                110.545426,
                                37.941738
                            ],
                            [
                                110.547619,
                                37.940301
                            ],
                            [
                                110.559668,
                                37.936117
                            ],
                            [
                                110.564297,
                                37.935273
                            ],
                            [
                                110.572733,
                                37.934491
                            ],
                            [
                                110.574394,
                                37.933893
                            ],
                            [
                                110.578975,
                                37.931328
                            ],
                            [
                                110.581321,
                                37.929601
                            ],
                            [
                                110.587967,
                                37.926627
                            ],
                            [
                                110.594039,
                                37.921881
                            ],
                            [
                                110.601257,
                                37.912389
                            ],
                            [
                                110.603055,
                                37.90804
                            ],
                            [
                                110.604902,
                                37.902852
                            ],
                            [
                                110.605951,
                                37.898773
                            ],
                            [
                                110.607265,
                                37.896213
                            ],
                            [
                                110.610749,
                                37.892468
                            ],
                            [
                                110.613781,
                                37.888086
                            ],
                            [
                                110.625136,
                                37.87299
                            ],
                            [
                                110.630096,
                                37.869036
                            ],
                            [
                                110.632048,
                                37.864829
                            ],
                            [
                                110.634806,
                                37.861599
                            ],
                            [
                                110.634507,
                                37.858054
                            ],
                            [
                                110.635588,
                                37.855872
                            ],
                            [
                                110.637717,
                                37.854572
                            ],
                            [
                                110.639515,
                                37.853891
                            ],
                            [
                                110.642975,
                                37.849299
                            ],
                            [
                                110.650588,
                                37.840005
                            ],
                            [
                                110.655161,
                                37.830522
                            ],
                            [
                                110.659346,
                                37.821422
                            ],
                            [
                                110.660104,
                                37.811929
                            ],
                            [
                                110.660774,
                                37.808041
                            ],
                            [
                                110.663822,
                                37.803301
                            ],
                            [
                                110.665427,
                                37.80159
                            ],
                            [
                                110.666992,
                                37.800731
                            ],
                            [
                                110.67029,
                                37.798276
                            ],
                            [
                                110.675322,
                                37.793459
                            ],
                            [
                                110.680387,
                                37.790043
                            ],
                            [
                                110.698097,
                                37.783432
                            ],
                            [
                                110.714274,
                                37.777573
                            ],
                            [
                                110.725129,
                                37.774737
                            ],
                            [
                                110.73575,
                                37.770399
                            ],
                            [
                                110.749428,
                                37.760306
                            ],
                            [
                                110.755686,
                                37.755051
                            ],
                            [
                                110.758863,
                                37.750338
                            ],
                            [
                                110.759057,
                                37.747894
                            ],
                            [
                                110.758678,
                                37.744286
                            ],
                            [
                                110.75488,
                                37.739731
                            ],
                            [
                                110.750702,
                                37.736124
                            ],
                            [
                                110.736057,
                                37.732509
                            ],
                            [
                                110.716653,
                                37.728693
                            ],
                            [
                                110.707129,
                                37.723935
                            ],
                            [
                                110.703516,
                                37.718614
                            ],
                            [
                                110.703403,
                                37.712028
                            ],
                            [
                                110.706557,
                                37.705322
                            ],
                            [
                                110.712492,
                                37.700682
                            ],
                            [
                                110.725565,
                                37.695176
                            ],
                            [
                                110.732815,
                                37.691686
                            ],
                            [
                                110.739097,
                                37.689417
                            ],
                            [
                                110.748218,
                                37.687906
                            ],
                            [
                                110.76038,
                                37.686388
                            ],
                            [
                                110.768743,
                                37.684106
                            ],
                            [
                                110.775388,
                                37.680875
                            ],
                            [
                                110.780323,
                                37.676316
                            ],
                            [
                                110.783638,
                                37.67261
                            ],
                            [
                                110.789332,
                                37.66843
                            ],
                            [
                                110.796146,
                                37.663042
                            ],
                            [
                                110.797493,
                                37.660442
                            ],
                            [
                                110.797678,
                                37.658355
                            ],
                            [
                                110.793315,
                                37.650765
                            ],
                            [
                                110.788952,
                                37.647545
                            ],
                            [
                                110.784969,
                                37.646027
                            ],
                            [
                                110.780598,
                                37.645843
                            ],
                            [
                                110.775477,
                                37.646419
                            ],
                            [
                                110.770727,
                                37.646229
                            ],
                            [
                                110.768452,
                                37.64547
                            ],
                            [
                                110.765985,
                                37.643383
                            ],
                            [
                                110.763702,
                                37.639587
                            ],
                            [
                                110.762944,
                                37.634272
                            ],
                            [
                                110.763702,
                                37.631046
                            ],
                            [
                                110.766928,
                                37.62573
                            ],
                            [
                                110.770347,
                                37.621927
                            ],
                            [
                                110.771299,
                                37.61851
                            ],
                            [
                                110.772154,
                                37.613732
                            ],
                            [
                                110.772783,
                                37.608625
                            ],
                            [
                                110.772702,
                                37.607302
                            ],
                            [
                                110.778694,
                                37.607789
                            ],
                            [
                                110.784751,
                                37.608644
                            ],
                            [
                                110.787033,
                                37.608207
                            ],
                            [
                                110.789743,
                                37.606637
                            ],
                            [
                                110.793017,
                                37.605068
                            ],
                            [
                                110.794864,
                                37.604992
                            ],
                            [
                                110.797364,
                                37.605701
                            ],
                            [
                                110.802912,
                                37.60841
                            ],
                            [
                                110.807832,
                                37.611353
                            ],
                            [
                                110.811469,
                                37.613207
                            ],
                            [
                                110.813743,
                                37.613485
                            ],
                            [
                                110.818154,
                                37.613264
                            ],
                            [
                                110.821009,
                                37.613903
                            ],
                            [
                                110.823364,
                                37.614821
                            ],
                            [
                                110.825138,
                                37.616605
                            ],
                            [
                                110.826493,
                                37.618453
                            ],
                            [
                                110.827485,
                                37.619162
                            ],
                            [
                                110.830187,
                                37.619086
                            ],
                            [
                                110.832332,
                                37.618371
                            ],
                            [
                                110.836034,
                                37.615795
                            ],
                            [
                                110.838945,
                                37.611226
                            ],
                            [
                                110.840937,
                                37.609156
                            ],
                            [
                                110.843437,
                                37.608365
                            ],
                            [
                                110.852542,
                                37.608568
                            ],
                            [
                                110.856397,
                                37.60941
                            ],
                            [
                                110.858171,
                                37.610694
                            ],
                            [
                                110.858526,
                                37.612764
                            ],
                            [
                                110.858106,
                                37.616757
                            ],
                            [
                                110.858953,
                                37.619966
                            ],
                            [
                                110.858679,
                                37.623244
                            ],
                            [
                                110.857042,
                                37.628559
                            ],
                            [
                                110.857252,
                                37.632267
                            ],
                            [
                                110.859244,
                                37.633829
                            ],
                            [
                                110.861026,
                                37.633975
                            ],
                            [
                                110.867219,
                                37.632963
                            ],
                            [
                                110.871687,
                                37.63264
                            ],
                            [
                                110.882712,
                                37.632254
                            ],
                            [
                                110.889058,
                                37.628882
                            ],
                            [
                                110.897066,
                                37.626515
                            ],
                            [
                                110.905139,
                                37.626907
                            ],
                            [
                                110.919462,
                                37.629211
                            ],
                            [
                                110.929131,
                                37.628084
                            ],
                            [
                                110.936664,
                                37.62823
                            ],
                            [
                                110.945164,
                                37.627274
                            ],
                            [
                                110.944261,
                                37.631368
                            ],
                            [
                                110.944761,
                                37.636215
                            ],
                            [
                                110.94643,
                                37.64089
                            ],
                            [
                                110.950027,
                                37.643364
                            ],
                            [
                                110.957898,
                                37.643066
                            ],
                            [
                                110.964083,
                                37.642003
                            ],
                            [
                                110.971591,
                                37.642839
                            ],
                            [
                                110.976422,
                                37.64423
                            ],
                            [
                                110.979454,
                                37.646457
                            ],
                            [
                                110.978688,
                                37.648943
                            ],
                            [
                                110.978761,
                                37.650506
                            ],
                            [
                                110.980696,
                                37.651891
                            ],
                            [
                                110.985753,
                                37.651764
                            ],
                            [
                                110.987092,
                                37.653086
                            ],
                            [
                                110.985987,
                                37.654212
                            ],
                            [
                                110.981882,
                                37.660601
                            ],
                            [
                                110.981172,
                                37.66222
                            ],
                            [
                                110.981317,
                                37.664408
                            ],
                            [
                                110.982511,
                                37.664604
                            ],
                            [
                                110.986672,
                                37.664098
                            ],
                            [
                                110.990003,
                                37.66425
                            ],
                            [
                                110.992826,
                                37.66487
                            ],
                            [
                                110.9936,
                                37.665856
                            ],
                            [
                                110.992826,
                                37.667058
                            ],
                            [
                                110.987535,
                                37.66984
                            ],
                            [
                                110.979293,
                                37.676354
                            ],
                            [
                                110.975237,
                                37.678415
                            ],
                            [
                                110.972204,
                                37.679098
                            ],
                            [
                                110.96647,
                                37.679952
                            ],
                            [
                                110.96268,
                                37.680963
                            ],
                            [
                                110.961043,
                                37.682279
                            ],
                            [
                                110.960478,
                                37.683644
                            ],
                            [
                                110.961575,
                                37.687994
                            ],
                            [
                                110.964099,
                                37.692236
                            ],
                            [
                                110.964575,
                                37.694285
                            ],
                            [
                                110.963712,
                                37.696965
                            ],
                            [
                                110.962132,
                                37.699197
                            ],
                            [
                                110.963083,
                                37.701927
                            ],
                            [
                                110.965462,
                                37.70419
                            ],
                            [
                                110.967188,
                                37.704949
                            ],
                            [
                                110.970753,
                                37.704962
                            ],
                            [
                                110.975035,
                                37.70634
                            ],
                            [
                                110.976583,
                                37.709304
                            ],
                            [
                                110.976285,
                                37.711048
                            ],
                            [
                                110.974382,
                                37.712831
                            ],
                            [
                                110.974382,
                                37.714051
                            ],
                            [
                                110.975511,
                                37.715182
                            ],
                            [
                                110.977535,
                                37.715049
                            ],
                            [
                                110.983213,
                                37.713583
                            ],
                            [
                                110.985269,
                                37.715074
                            ],
                            [
                                110.987705,
                                37.721198
                            ],
                            [
                                110.988003,
                                37.723808
                            ],
                            [
                                110.98714,
                                37.726532
                            ],
                            [
                                110.985414,
                                37.729091
                            ],
                            [
                                110.985414,
                                37.730645
                            ],
                            [
                                110.986753,
                                37.732813
                            ],
                            [
                                110.988656,
                                37.73656
                            ],
                            [
                                110.989576,
                                37.737248
                            ],
                            [
                                110.991092,
                                37.737248
                            ],
                            [
                                110.995261,
                                37.736155
                            ],
                            [
                                111.007971,
                                37.734203
                            ],
                            [
                                111.013431,
                                37.731846
                            ],
                            [
                                111.014931,
                                37.732111
                            ],
                            [
                                111.016987,
                                37.733887
                            ],
                            [
                                111.01964,
                                37.736825
                            ],
                            [
                                111.020366,
                                37.73728
                            ],
                            [
                                111.021705,
                                37.736894
                            ],
                            [
                                111.02385,
                                37.732876
                            ],
                            [
                                111.023544,
                                37.729717
                            ],
                            [
                                111.024761,
                                37.72827
                            ],
                            [
                                111.028898,
                                37.725811
                            ],
                            [
                                111.034753,
                                37.722039
                            ],
                            [
                                111.035705,
                                37.720535
                            ],
                            [
                                111.036891,
                                37.717261
                            ],
                            [
                                111.038915,
                                37.714784
                            ],
                            [
                                111.043423,
                                37.714063
                            ],
                            [
                                111.048254,
                                37.712989
                            ],
                            [
                                111.050576,
                                37.713052
                            ],
                            [
                                111.051415,
                                37.713419
                            ],
                            [
                                111.054681,
                                37.716105
                            ],
                            [
                                111.056576,
                                37.717198
                            ],
                            [
                                111.059415,
                                37.718095
                            ],
                            [
                                111.063891,
                                37.719062
                            ],
                            [
                                111.064238,
                                37.719467
                            ],
                            [
                                111.06527,
                                37.723334
                            ],
                            [
                                111.067076,
                                37.723916
                            ],
                            [
                                111.069778,
                                37.723372
                            ],
                            [
                                111.074859,
                                37.723157
                            ],
                            [
                                111.076391,
                                37.72286
                            ],
                            [
                                111.079826,
                                37.721685
                            ],
                            [
                                111.082044,
                                37.721287
                            ],
                            [
                                111.085738,
                                37.72147
                            ],
                            [
                                111.091439,
                                37.721028
                            ],
                            [
                                111.093948,
                                37.721268
                            ],
                            [
                                111.097609,
                                37.7225
                            ],
                            [
                                111.100972,
                                37.72202
                            ],
                            [
                                111.10169,
                                37.721047
                            ],
                            [
                                111.102149,
                                37.71893
                            ],
                            [
                                111.102835,
                                37.717691
                            ],
                            [
                                111.106254,
                                37.716111
                            ],
                            [
                                111.112004,
                                37.712938
                            ],
                            [
                                111.119375,
                                37.711219
                            ],
                            [
                                111.126633,
                                37.714992
                            ],
                            [
                                111.128424,
                                37.718291
                            ],
                            [
                                111.130577,
                                37.720453
                            ],
                            [
                                111.133617,
                                37.722431
                            ],
                            [
                                111.140553,
                                37.722747
                            ],
                            [
                                111.147827,
                                37.722159
                            ],
                            [
                                111.15844,
                                37.71965
                            ],
                            [
                                111.168505,
                                37.720566
                            ],
                            [
                                111.173698,
                                37.720794
                            ],
                            [
                                111.179384,
                                37.722197
                            ],
                            [
                                111.180811,
                                37.726393
                            ],
                            [
                                111.180505,
                                37.729186
                            ],
                            [
                                111.181456,
                                37.730089
                            ],
                            [
                                111.183819,
                                37.730355
                            ],
                            [
                                111.190094,
                                37.730216
                            ],
                            [
                                111.191045,
                                37.731176
                            ],
                            [
                                111.191957,
                                37.734291
                            ],
                            [
                                111.19365,
                                37.735618
                            ],
                            [
                                111.193553,
                                37.736117
                            ],
                            [
                                111.191513,
                                37.736692
                            ],
                            [
                                111.189965,
                                37.737817
                            ],
                            [
                                111.186876,
                                37.739093
                            ],
                            [
                                111.186134,
                                37.742063
                            ],
                            [
                                111.185521,
                                37.743421
                            ],
                            [
                                111.184198,
                                37.744185
                            ],
                            [
                                111.180844,
                                37.744192
                            ],
                            [
                                111.179739,
                                37.743503
                            ],
                            [
                                111.180892,
                                37.74047
                            ],
                            [
                                111.182045,
                                37.738379
                            ],
                            [
                                111.181965,
                                37.736825
                            ],
                            [
                                111.181319,
                                37.736218
                            ],
                            [
                                111.178594,
                                37.735037
                            ],
                            [
                                111.176594,
                                37.735144
                            ],
                            [
                                111.174819,
                                37.73704
                            ],
                            [
                                111.17219,
                                37.738562
                            ],
                            [
                                111.166408,
                                37.739371
                            ],
                            [
                                111.163174,
                                37.740831
                            ],
                            [
                                111.15915,
                                37.741153
                            ],
                            [
                                111.155755,
                                37.740578
                            ],
                            [
                                111.151263,
                                37.741418
                            ],
                            [
                                111.149835,
                                37.750029
                            ],
                            [
                                111.151988,
                                37.756099
                            ],
                            [
                                111.149142,
                                37.759409
                            ],
                            [
                                111.144182,
                                37.76378
                            ],
                            [
                                111.137521,
                                37.763704
                            ],
                            [
                                111.130206,
                                37.764519
                            ],
                            [
                                111.123754,
                                37.765599
                            ],
                            [
                                111.118496,
                                37.769944
                            ],
                            [
                                111.119512,
                                37.78354
                            ],
                            [
                                111.12227,
                                37.797215
                            ],
                            [
                                111.124246,
                                37.805794
                            ],
                            [
                                111.124335,
                                37.81636
                            ],
                            [
                                111.122424,
                                37.826376
                            ],
                            [
                                111.122867,
                                37.836037
                            ],
                            [
                                111.125343,
                                37.841886
                            ],
                            [
                                111.127053,
                                37.849999
                            ],
                            [
                                111.128593,
                                37.85673
                            ],
                            [
                                111.130545,
                                37.862047
                            ],
                            [
                                111.129504,
                                37.862552
                            ],
                            [
                                111.127851,
                                37.864148
                            ],
                            [
                                111.122819,
                                37.870013
                            ],
                            [
                                111.120891,
                                37.872801
                            ],
                            [
                                111.121141,
                                37.87328
                            ],
                            [
                                111.123577,
                                37.874743
                            ],
                            [
                                111.126859,
                                37.87794
                            ],
                            [
                                111.128988,
                                37.878817
                            ],
                            [
                                111.129529,
                                37.88115
                            ],
                            [
                                111.129948,
                                37.881535
                            ],
                            [
                                111.132287,
                                37.881806
                            ],
                            [
                                111.133698,
                                37.881289
                            ],
                            [
                                111.134045,
                                37.879082
                            ],
                            [
                                111.135182,
                                37.878382
                            ],
                            [
                                111.136738,
                                37.878287
                            ],
                            [
                                111.138883,
                                37.877619
                            ],
                            [
                                111.14265,
                                37.877997
                            ],
                            [
                                111.147182,
                                37.873785
                            ],
                            [
                                111.149166,
                                37.870934
                            ],
                            [
                                111.151255,
                                37.868575
                            ],
                            [
                                111.153537,
                                37.867686
                            ],
                            [
                                111.162392,
                                37.866443
                            ],
                            [
                                111.163884,
                                37.866134
                            ],
                            [
                                111.171303,
                                37.867837
                            ],
                            [
                                111.17994,
                                37.872586
                            ],
                            [
                                111.189739,
                                37.877386
                            ],
                            [
                                111.198545,
                                37.883748
                            ],
                            [
                                111.202223,
                                37.887159
                            ],
                            [
                                111.203191,
                                37.887456
                            ],
                            [
                                111.205271,
                                37.892191
                            ],
                            [
                                111.206594,
                                37.894265
                            ],
                            [
                                111.206215,
                                37.896642
                            ],
                            [
                                111.207465,
                                37.900034
                            ],
                            [
                                111.21136,
                                37.902045
                            ],
                            [
                                111.213892,
                                37.903583
                            ],
                            [
                                111.21415,
                                37.904794
                            ],
                            [
                                111.213666,
                                37.906281
                            ],
                            [
                                111.21215,
                                37.908677
                            ],
                            [
                                111.211207,
                                37.91179
                            ],
                            [
                                111.211578,
                                37.914387
                            ],
                            [
                                111.212691,
                                37.915988
                            ],
                            [
                                111.214304,
                                37.920066
                            ],
                            [
                                111.215263,
                                37.922026
                            ],
                            [
                                111.217941,
                                37.924925
                            ],
                            [
                                111.218417,
                                37.929557
                            ],
                            [
                                111.221134,
                                37.931479
                            ],
                            [
                                111.221836,
                                37.934876
                            ],
                            [
                                111.222941,
                                37.937629
                            ],
                            [
                                111.224336,
                                37.939249
                            ],
                            [
                                111.226941,
                                37.940692
                            ],
                            [
                                111.228038,
                                37.94199
                            ],
                            [
                                111.228433,
                                37.943993
                            ],
                            [
                                111.229046,
                                37.944926
                            ],
                            [
                                111.231909,
                                37.94691
                            ],
                            [
                                111.232344,
                                37.948359
                            ],
                            [
                                111.230715,
                                37.952366
                            ],
                            [
                                111.228618,
                                37.957059
                            ],
                            [
                                111.228602,
                                37.959724
                            ],
                            [
                                111.230328,
                                37.961985
                            ],
                            [
                                111.231384,
                                37.964467
                            ],
                            [
                                111.232925,
                                37.967182
                            ],
                            [
                                111.234005,
                                37.970154
                            ],
                            [
                                111.23707,
                                37.971175
                            ],
                            [
                                111.238457,
                                37.97188
                            ],
                            [
                                111.240288,
                                37.973637
                            ],
                            [
                                111.245199,
                                37.977441
                            ],
                            [
                                111.250151,
                                37.980609
                            ],
                            [
                                111.250215,
                                37.983524
                            ],
                            [
                                111.252046,
                                37.986906
                            ],
                            [
                                111.255441,
                                38.000141
                            ],
                            [
                                111.257336,
                                38.006197
                            ],
                            [
                                111.261957,
                                38.010767
                            ],
                            [
                                111.271264,
                                38.019
                            ],
                            [
                                111.274546,
                                38.020769
                            ],
                            [
                                111.275764,
                                38.024092
                            ],
                            [
                                111.276619,
                                38.024476
                            ],
                            [
                                111.278514,
                                38.026238
                            ],
                            [
                                111.278409,
                                38.026811
                            ],
                            [
                                111.280732,
                                38.028378
                            ],
                            [
                                111.28257,
                                38.030448
                            ],
                            [
                                111.285143,
                                38.032802
                            ],
                            [
                                111.287893,
                                38.034815
                            ],
                            [
                                111.289111,
                                38.037691
                            ],
                            [
                                111.290474,
                                38.039365
                            ],
                            [
                                111.292256,
                                38.043946
                            ],
                            [
                                111.292893,
                                38.046701
                            ],
                            [
                                111.293014,
                                38.049621
                            ],
                            [
                                111.292982,
                                38.056094
                            ],
                            [
                                111.293538,
                                38.059655
                            ],
                            [
                                111.295901,
                                38.064813
                            ],
                            [
                                111.2982,
                                38.068203
                            ],
                            [
                                111.299635,
                                38.070908
                            ],
                            [
                                111.301288,
                                38.072977
                            ],
                            [
                                111.304038,
                                38.075681
                            ],
                            [
                                111.306772,
                                38.079644
                            ],
                            [
                                111.306821,
                                38.082115
                            ],
                            [
                                111.306014,
                                38.084913
                            ],
                            [
                                111.301853,
                                38.086838
                            ],
                            [
                                111.299514,
                                38.088246
                            ],
                            [
                                111.288482,
                                38.091409
                            ],
                            [
                                111.278699,
                                38.093478
                            ],
                            [
                                111.26624,
                                38.094911
                            ],
                            [
                                111.261361,
                                38.095207
                            ],
                            [
                                111.257393,
                                38.097621
                            ],
                            [
                                111.254707,
                                38.097728
                            ],
                            [
                                111.252602,
                                38.098288
                            ],
                            [
                                111.249836,
                                38.100564
                            ],
                            [
                                111.247925,
                                38.104399
                            ],
                            [
                                111.246893,
                                38.107479
                            ],
                            [
                                111.244925,
                                38.109422
                            ],
                            [
                                111.242796,
                                38.112389
                            ],
                            [
                                111.240465,
                                38.114111
                            ],
                            [
                                111.236384,
                                38.117644
                            ],
                            [
                                111.233763,
                                38.120441
                            ],
                            [
                                111.232586,
                                38.122037
                            ],
                            [
                                111.231917,
                                38.124671
                            ],
                            [
                                111.228255,
                                38.130616
                            ],
                            [
                                111.227521,
                                38.131357
                            ],
                            [
                                111.225909,
                                38.134562
                            ],
                            [
                                111.224352,
                                38.139539
                            ],
                            [
                                111.222812,
                                38.142398
                            ],
                            [
                                111.220046,
                                38.145113
                            ],
                            [
                                111.214215,
                                38.146929
                            ],
                            [
                                111.212521,
                                38.14838
                            ],
                            [
                                111.214037,
                                38.153274
                            ],
                            [
                                111.216199,
                                38.158872
                            ],
                            [
                                111.218288,
                                38.160844
                            ],
                            [
                                111.218908,
                                38.163508
                            ],
                            [
                                111.215013,
                                38.168614
                            ],
                            [
                                111.215989,
                                38.169444
                            ],
                            [
                                111.221239,
                                38.169846
                            ],
                            [
                                111.222578,
                                38.170417
                            ],
                            [
                                111.222715,
                                38.171579
                            ],
                            [
                                111.221965,
                                38.178871
                            ],
                            [
                                111.221715,
                                38.183625
                            ],
                            [
                                111.222062,
                                38.184768
                            ],
                            [
                                111.224723,
                                38.18787
                            ],
                            [
                                111.226231,
                                38.189201
                            ],
                            [
                                111.227384,
                                38.193383
                            ],
                            [
                                111.234852,
                                38.195744
                            ],
                            [
                                111.237328,
                                38.196761
                            ],
                            [
                                111.238022,
                                38.198413
                            ],
                            [
                                111.244272,
                                38.20174
                            ],
                            [
                                111.244256,
                                38.204327
                            ],
                            [
                                111.243667,
                                38.205922
                            ],
                            [
                                111.242489,
                                38.207008
                            ],
                            [
                                111.239296,
                                38.208602
                            ],
                            [
                                111.234643,
                                38.210128
                            ],
                            [
                                111.229344,
                                38.211314
                            ],
                            [
                                111.226578,
                                38.211534
                            ],
                            [
                                111.221433,
                                38.212319
                            ],
                            [
                                111.218102,
                                38.212124
                            ],
                            [
                                111.214078,
                                38.209644
                            ],
                            [
                                111.21257,
                                38.207949
                            ],
                            [
                                111.205578,
                                38.201533
                            ],
                            [
                                111.19965,
                                38.198739
                            ],
                            [
                                111.197102,
                                38.198488
                            ],
                            [
                                111.194836,
                                38.200547
                            ],
                            [
                                111.191844,
                                38.202155
                            ],
                            [
                                111.189997,
                                38.202538
                            ],
                            [
                                111.189376,
                                38.203511
                            ],
                            [
                                111.18394,
                                38.203467
                            ],
                            [
                                111.173513,
                                38.201966
                            ],
                            [
                                111.168771,
                                38.200792
                            ],
                            [
                                111.162029,
                                38.194476
                            ],
                            [
                                111.160529,
                                38.195054
                            ],
                            [
                                111.156158,
                                38.197735
                            ],
                            [
                                111.15594,
                                38.197603
                            ],
                            [
                                111.149795,
                                38.198105
                            ],
                            [
                                111.141013,
                                38.198626
                            ],
                            [
                                111.131367,
                                38.194978
                            ],
                            [
                                111.125391,
                                38.196994
                            ],
                            [
                                111.112617,
                                38.203756
                            ],
                            [
                                111.104488,
                                38.207045
                            ],
                            [
                                111.089875,
                                38.207052
                            ],
                            [
                                111.07823,
                                38.210172
                            ],
                            [
                                111.070931,
                                38.213951
                            ],
                            [
                                111.062842,
                                38.220209
                            ],
                            [
                                111.058447,
                                38.227803
                            ],
                            [
                                111.051229,
                                38.234104
                            ],
                            [
                                111.046165,
                                38.235234
                            ],
                            [
                                111.042431,
                                38.234362
                            ],
                            [
                                111.040278,
                                38.231726
                            ],
                            [
                                111.039455,
                                38.22319
                            ],
                            [
                                111.040149,
                                38.214039
                            ],
                            [
                                111.038245,
                                38.208213
                            ],
                            [
                                111.035705,
                                38.20326
                            ],
                            [
                                111.0316,
                                38.199386
                            ],
                            [
                                111.022721,
                                38.196642
                            ],
                            [
                                111.014181,
                                38.193233
                            ],
                            [
                                111.004285,
                                38.188372
                            ],
                            [
                                110.99639,
                                38.184303
                            ],
                            [
                                110.988874,
                                38.179103
                            ],
                            [
                                110.979196,
                                38.175398
                            ],
                            [
                                110.972293,
                                38.177345
                            ],
                            [
                                110.968825,
                                38.17671
                            ],
                            [
                                110.96643,
                                38.173614
                            ],
                            [
                                110.965212,
                                38.170562
                            ],
                            [
                                110.964446,
                                38.165248
                            ],
                            [
                                110.957317,
                                38.158916
                            ],
                            [
                                110.94714,
                                38.157948
                            ],
                            [
                                110.943704,
                                38.157094
                            ],
                            [
                                110.936301,
                                38.15443
                            ],
                            [
                                110.92576,
                                38.150931
                            ],
                            [
                                110.916268,
                                38.145182
                            ],
                            [
                                110.908696,
                                38.141142
                            ],
                            [
                                110.900663,
                                38.139382
                            ],
                            [
                                110.891147,
                                38.138
                            ],
                            [
                                110.883913,
                                38.137195
                            ],
                            [
                                110.866776,
                                38.129032
                            ],
                            [
                                110.858792,
                                38.12682
                            ],
                            [
                                110.851131,
                                38.128064
                            ],
                            [
                                110.841937,
                                38.133827
                            ],
                            [
                                110.832663,
                                38.140739
                            ],
                            [
                                110.822211,
                                38.144139
                            ],
                            [
                                110.814009,
                                38.144679
                            ],
                            [
                                110.800719,
                                38.143347
                            ],
                            [
                                110.79092,
                                38.141958
                            ],
                            [
                                110.77542,
                                38.135235
                            ],
                            [
                                110.762944,
                                38.138069
                            ],
                            [
                                110.759363,
                                38.146382
                            ],
                            [
                                110.757315,
                                38.150428
                            ],
                            [
                                110.753726,
                                38.155071
                            ],
                            [
                                110.746299,
                                38.16021
                            ],
                            [
                                110.739371,
                                38.166517
                            ],
                            [
                                110.72817,
                                38.171234
                            ],
                            [
                                110.718436,
                                38.172345
                            ],
                            [
                                110.707113,
                                38.171296
                            ],
                            [
                                110.694927,
                                38.169977
                            ],
                            [
                                110.682209,
                                38.167942
                            ],
                            [
                                110.662354,
                                38.16369
                            ],
                            [
                                110.651709,
                                38.161523
                            ],
                            [
                                110.644733,
                                38.162628
                            ],
                            [
                                110.63987,
                                38.164651
                            ],
                            [
                                110.63412,
                                38.165706
                            ],
                            [
                                110.626902,
                                38.165826
                            ],
                            [
                                110.614862,
                                38.169167
                            ],
                            [
                                110.612225,
                                38.170097
                            ],
                            [
                                110.61041,
                                38.172659
                            ],
                            [
                                110.609394,
                                38.173438
                            ],
                            [
                                110.607459,
                                38.173507
                            ],
                            [
                                110.603322,
                                38.171862
                            ],
                            [
                                110.598757,
                                38.169444
                            ],
                            [
                                110.59612,
                                38.168734
                            ],
                            [
                                110.594047,
                                38.169016
                            ],
                            [
                                110.592765,
                                38.169877
                            ],
                            [
                                110.591346,
                                38.172013
                            ],
                            [
                                110.589991,
                                38.174726
                            ],
                            [
                                110.588926,
                                38.17867
                            ],
                            [
                                110.587652,
                                38.181132
                            ],
                            [
                                110.582684,
                                38.183568
                            ],
                            [
                                110.581217,
                                38.18517
                            ],
                            [
                                110.582281,
                                38.186658
                            ],
                            [
                                110.584523,
                                38.188988
                            ],
                            [
                                110.585838,
                                38.192209
                            ],
                            [
                                110.587354,
                                38.194344
                            ],
                            [
                                110.586902,
                                38.19548
                            ],
                            [
                                110.584644,
                                38.196247
                            ],
                            [
                                110.582329,
                                38.195807
                            ],
                            [
                                110.578378,
                                38.197496
                            ],
                            [
                                110.575104,
                                38.198325
                            ],
                            [
                                110.572644,
                                38.201627
                            ],
                            [
                                110.57012,
                                38.203693
                            ],
                            [
                                110.569144,
                                38.203617
                            ],
                            [
                                110.567547,
                                38.202462
                            ],
                            [
                                110.562595,
                                38.19754
                            ],
                            [
                                110.560023,
                                38.196523
                            ],
                            [
                                110.557716,
                                38.196391
                            ],
                            [
                                110.555886,
                                38.197521
                            ],
                            [
                                110.556136,
                                38.200372
                            ],
                            [
                                110.558402,
                                38.206901
                            ],
                            [
                                110.558273,
                                38.208514
                            ],
                            [
                                110.556837,
                                38.210272
                            ]
                        ]
                    ]
                ]
            }
        }
    ]
}