{
    "type": "FeatureCollection",
    "features": [
        {
            "type": "Feature",
            "properties": {
                "adcode": 141123,
                "name": "兴县",
                "center": [
                    111.124816,
                    38.464136
                ],
                "centroid": [
                    111.062566,
                    38.385603
                ],
                "childrenNum": 0,
                "level": "district",
                "acroutes": [
                    100000,
                    140000,
                    141100
                ],
                "parent": {
                    "adcode": 141100
                }
            },
            "geometry": {
                "type": "MultiPolygon",
                "coordinates": [
                    [
                        [
                            [
                                111.422806,
                                38.570606
                            ],
                            [
                                111.399102,
                                38.571563
                            ],
                            [
                                111.384715,
                                38.571113
                            ],
                            [
                                111.37748,
                                38.571937
                            ],
                            [
                                111.373609,
                                38.573059
                            ],
                            [
                                111.37148,
                                38.574662
                            ],
                            [
                                111.366347,
                                38.579168
                            ],
                            [
                                111.362541,
                                38.580245
                            ],
                            [
                                111.353988,
                                38.584833
                            ],
                            [
                                111.348937,
                                38.586842
                            ],
                            [
                                111.346882,
                                38.591385
                            ],
                            [
                                111.347693,
                                38.595471
                            ],
                            [
                                111.34891,
                                38.600223
                            ],
                            [
                                111.346928,
                                38.603435
                            ],
                            [
                                111.33973,
                                38.602725
                            ],
                            [
                                111.327878,
                                38.599228
                            ],
                            [
                                111.317667,
                                38.598519
                            ],
                            [
                                111.307667,
                                38.597575
                            ],
                            [
                                111.30187,
                                38.59525
                            ],
                            [
                                111.295833,
                                38.593387
                            ],
                            [
                                111.286903,
                                38.592785
                            ],
                            [
                                111.276193,
                                38.594312
                            ],
                            [
                                111.272912,
                                38.596187
                            ],
                            [
                                111.269263,
                                38.599932
                            ],
                            [
                                111.26612,
                                38.605253
                            ],
                            [
                                111.263023,
                                38.61103
                            ],
                            [
                                111.259973,
                                38.617041
                            ],
                            [
                                111.254987,
                                38.624115
                            ],
                            [
                                111.252185,
                                38.629872
                            ],
                            [
                                111.250028,
                                38.63604
                            ],
                            [
                                111.251015,
                                38.639193
                            ],
                            [
                                111.251752,
                                38.644904
                            ],
                            [
                                111.251862,
                                38.650425
                            ],
                            [
                                111.250674,
                                38.654907
                            ],
                            [
                                111.248047,
                                38.65742
                            ],
                            [
                                111.243264,
                                38.659186
                            ],
                            [
                                111.237992,
                                38.661673
                            ],
                            [
                                111.2312,
                                38.663826
                            ],
                            [
                                111.227531,
                                38.667345
                            ],
                            [
                                111.225403,
                                38.67375
                            ],
                            [
                                111.224232,
                                38.680755
                            ],
                            [
                                111.224674,
                                38.684185
                            ],
                            [
                                111.224085,
                                38.691151
                            ],
                            [
                                111.221191,
                                38.705449
                            ],
                            [
                                111.219652,
                                38.711807
                            ],
                            [
                                111.215891,
                                38.716949
                            ],
                            [
                                111.213099,
                                38.720396
                            ],
                            [
                                111.211486,
                                38.723988
                            ],
                            [
                                111.207707,
                                38.7266
                            ],
                            [
                                111.202454,
                                38.729319
                            ],
                            [
                                111.187256,
                                38.730072
                            ],
                            [
                                111.17557,
                                38.728472
                            ],
                            [
                                111.166188,
                                38.726455
                            ],
                            [
                                111.151755,
                                38.723912
                            ],
                            [
                                111.146189,
                                38.721819
                            ],
                            [
                                111.138687,
                                38.718258
                            ],
                            [
                                111.131894,
                                38.713483
                            ],
                            [
                                111.123655,
                                38.706525
                            ],
                            [
                                111.116614,
                                38.704893
                            ],
                            [
                                111.114577,
                                38.704766
                            ],
                            [
                                111.104504,
                                38.699477
                            ],
                            [
                                111.092393,
                                38.694644
                            ],
                            [
                                111.080458,
                                38.688861
                            ],
                            [
                                111.071288,
                                38.686324
                            ],
                            [
                                111.061887,
                                38.679654
                            ],
                            [
                                111.055003,
                                38.674167
                            ],
                            [
                                111.043842,
                                38.667617
                            ],
                            [
                                111.034017,
                                38.664655
                            ],
                            [
                                111.025078,
                                38.659319
                            ],
                            [
                                111.015567,
                                38.658692
                            ],
                            [
                                111.006894,
                                38.660414
                            ],
                            [
                                111.003106,
                                38.663237
                            ],
                            [
                                110.998304,
                                38.669807
                            ],
                            [
                                110.993365,
                                38.675243
                            ],
                            [
                                110.98919,
                                38.682008
                            ],
                            [
                                110.985927,
                                38.684324
                            ],
                            [
                                110.980416,
                                38.685185
                            ],
                            [
                                110.975384,
                                38.68509
                            ],
                            [
                                110.959817,
                                38.68347
                            ],
                            [
                                110.949477,
                                38.685843
                            ],
                            [
                                110.945541,
                                38.689823
                            ],
                            [
                                110.944951,
                                38.692176
                            ],
                            [
                                110.945551,
                                38.697048
                            ],
                            [
                                110.947762,
                                38.701401
                            ],
                            [
                                110.950122,
                                38.704222
                            ],
                            [
                                110.954131,
                                38.707796
                            ],
                            [
                                110.954997,
                                38.70951
                            ],
                            [
                                110.955062,
                                38.712901
                            ],
                            [
                                110.954352,
                                38.719529
                            ],
                            [
                                110.953062,
                                38.721813
                            ],
                            [
                                110.94955,
                                38.724943
                            ],
                            [
                                110.945274,
                                38.729484
                            ],
                            [
                                110.941624,
                                38.72464
                            ],
                            [
                                110.937671,
                                38.718764
                            ],
                            [
                                110.93403,
                                38.715988
                            ],
                            [
                                110.930546,
                                38.714172
                            ],
                            [
                                110.927662,
                                38.7139
                            ],
                            [
                                110.926178,
                                38.713318
                            ],
                            [
                                110.921044,
                                38.709839
                            ],
                            [
                                110.915386,
                                38.704285
                            ],
                            [
                                110.912925,
                                38.700762
                            ],
                            [
                                110.910787,
                                38.695644
                            ],
                            [
                                110.910464,
                                38.689456
                            ],
                            [
                                110.912814,
                                38.682413
                            ],
                            [
                                110.915588,
                                38.677395
                            ],
                            [
                                110.916234,
                                38.673984
                            ],
                            [
                                110.915487,
                                38.671313
                            ],
                            [
                                110.913718,
                                38.668699
                            ],
                            [
                                110.909026,
                                38.664965
                            ],
                            [
                                110.905073,
                                38.663041
                            ],
                            [
                                110.899626,
                                38.659952
                            ],
                            [
                                110.896428,
                                38.657818
                            ],
                            [
                                110.893654,
                                38.653444
                            ],
                            [
                                110.890446,
                                38.644803
                            ],
                            [
                                110.888373,
                                38.638028
                            ],
                            [
                                110.885912,
                                38.63312
                            ],
                            [
                                110.882825,
                                38.629815
                            ],
                            [
                                110.880797,
                                38.62694
                            ],
                            [
                                110.88005,
                                38.622241
                            ],
                            [
                                110.88005,
                                38.618618
                            ],
                            [
                                110.881332,
                                38.615204
                            ],
                            [
                                110.885166,
                                38.610713
                            ],
                            [
                                110.890815,
                                38.604841
                            ],
                            [
                                110.894022,
                                38.600356
                            ],
                            [
                                110.894769,
                                38.59748
                            ],
                            [
                                110.894336,
                                38.594813
                            ],
                            [
                                110.89487,
                                38.592354
                            ],
                            [
                                110.896631,
                                38.588249
                            ],
                            [
                                110.898658,
                                38.586861
                            ],
                            [
                                110.905063,
                                38.584402
                            ],
                            [
                                110.910188,
                                38.582913
                            ],
                            [
                                110.913174,
                                38.582698
                            ],
                            [
                                110.917026,
                                38.582698
                            ],
                            [
                                110.919911,
                                38.582058
                            ],
                            [
                                110.920657,
                                38.580461
                            ],
                            [
                                110.920657,
                                38.578008
                            ],
                            [
                                110.91969,
                                38.574802
                            ],
                            [
                                110.918409,
                                38.57214
                            ],
                            [
                                110.915524,
                                38.568832
                            ],
                            [
                                110.911893,
                                38.565625
                            ],
                            [
                                110.909441,
                                38.563172
                            ],
                            [
                                110.908796,
                                38.560826
                            ],
                            [
                                110.908685,
                                38.556129
                            ],
                            [
                                110.909063,
                                38.552021
                            ],
                            [
                                110.911091,
                                38.546259
                            ],
                            [
                                110.911625,
                                38.541351
                            ],
                            [
                                110.911275,
                                38.534776
                            ],
                            [
                                110.90993,
                                38.531314
                            ],
                            [
                                110.909579,
                                38.52983
                            ],
                            [
                                110.909579,
                                38.526266
                            ],
                            [
                                110.909275,
                                38.524921
                            ],
                            [
                                110.907672,
                                38.521085
                            ],
                            [
                                110.905321,
                                38.518522
                            ],
                            [
                                110.902981,
                                38.516588
                            ],
                            [
                                110.900557,
                                38.515725
                            ],
                            [
                                110.896953,
                                38.515002
                            ],
                            [
                                110.894133,
                                38.514704
                            ],
                            [
                                110.88794,
                                38.514818
                            ],
                            [
                                110.883719,
                                38.516518
                            ],
                            [
                                110.880391,
                                38.516467
                            ],
                            [
                                110.879175,
                                38.515928
                            ],
                            [
                                110.877267,
                                38.514317
                            ],
                            [
                                110.875452,
                                38.513315
                            ],
                            [
                                110.871028,
                                38.510175
                            ],
                            [
                                110.870171,
                                38.508894
                            ],
                            [
                                110.870143,
                                38.507276
                            ],
                            [
                                110.870908,
                                38.501656
                            ],
                            [
                                110.871682,
                                38.499226
                            ],
                            [
                                110.873267,
                                38.496301
                            ],
                            [
                                110.874429,
                                38.494652
                            ],
                            [
                                110.874705,
                                38.491454
                            ],
                            [
                                110.873267,
                                38.480623
                            ],
                            [
                                110.872677,
                                38.475235
                            ],
                            [
                                110.873525,
                                38.470539
                            ],
                            [
                                110.876935,
                                38.463278
                            ],
                            [
                                110.877894,
                                38.459546
                            ],
                            [
                                110.877046,
                                38.45688
                            ],
                            [
                                110.874272,
                                38.45368
                            ],
                            [
                                110.870972,
                                38.451661
                            ],
                            [
                                110.865,
                                38.449217
                            ],
                            [
                                110.860208,
                                38.446767
                            ],
                            [
                                110.855305,
                                38.444005
                            ],
                            [
                                110.850079,
                                38.441345
                            ],
                            [
                                110.845287,
                                38.439859
                            ],
                            [
                                110.840706,
                                38.43998
                            ],
                            [
                                110.836771,
                                38.441586
                            ],
                            [
                                110.829739,
                                38.445649
                            ],
                            [
                                110.825057,
                                38.449395
                            ],
                            [
                                110.820845,
                                38.45116
                            ],
                            [
                                110.813813,
                                38.452455
                            ],
                            [
                                110.804339,
                                38.452791
                            ],
                            [
                                110.796846,
                                38.453471
                            ],
                            [
                                110.792376,
                                38.452315
                            ],
                            [
                                110.786496,
                                38.449865
                            ],
                            [
                                110.781123,
                                38.445465
                            ],
                            [
                                110.77763,
                                38.440875
                            ],
                            [
                                110.775953,
                                38.435637
                            ],
                            [
                                110.77398,
                                38.426238
                            ],
                            [
                                110.768617,
                                38.411542
                            ],
                            [
                                110.758967,
                                38.400419
                            ],
                            [
                                110.755188,
                                38.393678
                            ],
                            [
                                110.752433,
                                38.383747
                            ],
                            [
                                110.753253,
                                38.376446
                            ],
                            [
                                110.752368,
                                38.373516
                            ],
                            [
                                110.750313,
                                38.3695
                            ],
                            [
                                110.746765,
                                38.366125
                            ],
                            [
                                110.742783,
                                38.363964
                            ],
                            [
                                110.731429,
                                38.360627
                            ],
                            [
                                110.727411,
                                38.360557
                            ],
                            [
                                110.719411,
                                38.358993
                            ],
                            [
                                110.712195,
                                38.358504
                            ],
                            [
                                110.706545,
                                38.356692
                            ],
                            [
                                110.701614,
                                38.353329
                            ],
                            [
                                110.695596,
                                38.347678
                            ],
                            [
                                110.689993,
                                38.341975
                            ],
                            [
                                110.684509,
                                38.336234
                            ],
                            [
                                110.678223,
                                38.328355
                            ],
                            [
                                110.675145,
                                38.324082
                            ],
                            [
                                110.671403,
                                38.317544
                            ],
                            [
                                110.668592,
                                38.31367
                            ],
                            [
                                110.6611,
                                38.308722
                            ],
                            [
                                110.651671,
                                38.30584
                            ],
                            [
                                110.638842,
                                38.304753
                            ],
                            [
                                110.617193,
                                38.306998
                            ],
                            [
                                110.601314,
                                38.308194
                            ],
                            [
                                110.591627,
                                38.307049
                            ],
                            [
                                110.584125,
                                38.303722
                            ],
                            [
                                110.577462,
                                38.297227
                            ],
                            [
                                110.573969,
                                38.28923
                            ],
                            [
                                110.572633,
                                38.279902
                            ],
                            [
                                110.573637,
                                38.2669
                            ],
                            [
                                110.571471,
                                38.258237
                            ],
                            [
                                110.567969,
                                38.245748
                            ],
                            [
                                110.567637,
                                38.238916
                            ],
                            [
                                110.569047,
                                38.22783
                            ],
                            [
                                110.568052,
                                38.220832
                            ],
                            [
                                110.56726,
                                38.217558
                            ],
                            [
                                110.565416,
                                38.21475
                            ],
                            [
                                110.562227,
                                38.212418
                            ],
                            [
                                110.558237,
                                38.21052
                            ],
                            [
                                110.556836,
                                38.210272
                            ],
                            [
                                110.558274,
                                38.208514
                            ],
                            [
                                110.558403,
                                38.206896
                            ],
                            [
                                110.556135,
                                38.200373
                            ],
                            [
                                110.555887,
                                38.197526
                            ],
                            [
                                110.557721,
                                38.196392
                            ],
                            [
                                110.560025,
                                38.196525
                            ],
                            [
                                110.562596,
                                38.197538
                            ],
                            [
                                110.567554,
                                38.202463
                            ],
                            [
                                110.56914,
                                38.203622
                            ],
                            [
                                110.570117,
                                38.203692
                            ],
                            [
                                110.572642,
                                38.201628
                            ],
                            [
                                110.575103,
                                38.198322
                            ],
                            [
                                110.578374,
                                38.197494
                            ],
                            [
                                110.582328,
                                38.195805
                            ],
                            [
                                110.584641,
                                38.196245
                            ],
                            [
                                110.586899,
                                38.195481
                            ],
                            [
                                110.587351,
                                38.194347
                            ],
                            [
                                110.58584,
                                38.192212
                            ],
                            [
                                110.584522,
                                38.188988
                            ],
                            [
                                110.582282,
                                38.186663
                            ],
                            [
                                110.581213,
                                38.185172
                            ],
                            [
                                110.582688,
                                38.183573
                            ],
                            [
                                110.587655,
                                38.181132
                            ],
                            [
                                110.588927,
                                38.178673
                            ],
                            [
                                110.589987,
                                38.174722
                            ],
                            [
                                110.591342,
                                38.172013
                            ],
                            [
                                110.59277,
                                38.169872
                            ],
                            [
                                110.594051,
                                38.169012
                            ],
                            [
                                110.596116,
                                38.168731
                            ],
                            [
                                110.598761,
                                38.169445
                            ],
                            [
                                110.603323,
                                38.17186
                            ],
                            [
                                110.607461,
                                38.173505
                            ],
                            [
                                110.609387,
                                38.173434
                            ],
                            [
                                110.61041,
                                38.172657
                            ],
                            [
                                110.612226,
                                38.170095
                            ],
                            [
                                110.614862,
                                38.169171
                            ],
                            [
                                110.626898,
                                38.165825
                            ],
                            [
                                110.634114,
                                38.16571
                            ],
                            [
                                110.639874,
                                38.164646
                            ],
                            [
                                110.644731,
                                38.162626
                            ],
                            [
                                110.651708,
                                38.161523
                            ],
                            [
                                110.662353,
                                38.16369
                            ],
                            [
                                110.682214,
                                38.167941
                            ],
                            [
                                110.694923,
                                38.16998
                            ],
                            [
                                110.707116,
                                38.1713
                            ],
                            [
                                110.718434,
                                38.172345
                            ],
                            [
                                110.728176,
                                38.171229
                            ],
                            [
                                110.739373,
                                38.16652
                            ],
                            [
                                110.746304,
                                38.16021
                            ],
                            [
                                110.753723,
                                38.155066
                            ],
                            [
                                110.757308,
                                38.150425
                            ],
                            [
                                110.759363,
                                38.146384
                            ],
                            [
                                110.762939,
                                38.13807
                            ],
                            [
                                110.775418,
                                38.135239
                            ],
                            [
                                110.79092,
                                38.141959
                            ],
                            [
                                110.800717,
                                38.143349
                            ],
                            [
                                110.814016,
                                38.144675
                            ],
                            [
                                110.822209,
                                38.14414
                            ],
                            [
                                110.83267,
                                38.140735
                            ],
                            [
                                110.841941,
                                38.13383
                            ],
                            [
                                110.85113,
                                38.12806
                            ],
                            [
                                110.858789,
                                38.126822
                            ],
                            [
                                110.866779,
                                38.129035
                            ],
                            [
                                110.883912,
                                38.137197
                            ],
                            [
                                110.891147,
                                38.138
                            ],
                            [
                                110.900658,
                                38.139377
                            ],
                            [
                                110.908695,
                                38.141143
                            ],
                            [
                                110.91627,
                                38.145185
                            ],
                            [
                                110.925754,
                                38.150929
                            ],
                            [
                                110.936297,
                                38.154429
                            ],
                            [
                                110.943698,
                                38.157093
                            ],
                            [
                                110.947145,
                                38.157954
                            ],
                            [
                                110.95731,
                                38.158916
                            ],
                            [
                                110.964444,
                                38.165245
                            ],
                            [
                                110.965209,
                                38.170567
                            ],
                            [
                                110.966435,
                                38.173613
                            ],
                            [
                                110.968831,
                                38.17671
                            ],
                            [
                                110.972296,
                                38.177347
                            ],
                            [
                                110.97919,
                                38.175397
                            ],
                            [
                                110.988876,
                                38.1791
                            ],
                            [
                                110.996397,
                                38.184299
                            ],
                            [
                                111.004286,
                                38.18837
                            ],
                            [
                                111.014175,
                                38.193232
                            ],
                            [
                                111.022718,
                                38.19664
                            ],
                            [
                                111.031603,
                                38.199386
                            ],
                            [
                                111.035704,
                                38.203259
                            ],
                            [
                                111.038248,
                                38.208215
                            ],
                            [
                                111.040146,
                                38.214043
                            ],
                            [
                                111.039455,
                                38.223194
                            ],
                            [
                                111.040285,
                                38.231728
                            ],
                            [
                                111.042423,
                                38.234364
                            ],
                            [
                                111.046165,
                                38.235236
                            ],
                            [
                                111.051233,
                                38.234103
                            ],
                            [
                                111.05845,
                                38.227799
                            ],
                            [
                                111.062837,
                                38.220208
                            ],
                            [
                                111.070929,
                                38.213947
                            ],
                            [
                                111.078228,
                                38.21017
                            ],
                            [
                                111.089877,
                                38.207049
                            ],
                            [
                                111.104485,
                                38.207049
                            ],
                            [
                                111.112623,
                                38.203756
                            ],
                            [
                                111.125388,
                                38.196997
                            ],
                            [
                                111.131369,
                                38.194977
                            ],
                            [
                                111.141009,
                                38.198628
                            ],
                            [
                                111.149792,
                                38.198105
                            ],
                            [
                                111.15594,
                                38.197602
                            ],
                            [
                                111.156161,
                                38.197736
                            ],
                            [
                                111.160529,
                                38.195054
                            ],
                            [
                                111.162031,
                                38.194474
                            ],
                            [
                                111.168769,
                                38.200794
                            ],
                            [
                                111.173515,
                                38.201966
                            ],
                            [
                                111.183939,
                                38.203463
                            ],
                            [
                                111.189376,
                                38.203514
                            ],
                            [
                                111.189994,
                                38.202539
                            ],
                            [
                                111.191846,
                                38.202157
                            ],
                            [
                                111.194832,
                                38.200545
                            ],
                            [
                                111.197099,
                                38.198488
                            ],
                            [
                                111.199652,
                                38.198736
                            ],
                            [
                                111.205578,
                                38.201539
                            ],
                            [
                                111.212573,
                                38.207953
                            ],
                            [
                                111.214076,
                                38.209641
                            ],
                            [
                                111.218103,
                                38.212125
                            ],
                            [
                                111.22143,
                                38.212317
                            ],
                            [
                                111.226582,
                                38.21154
                            ],
                            [
                                111.229338,
                                38.21131
                            ],
                            [
                                111.234646,
                                38.210125
                            ],
                            [
                                111.239291,
                                38.208603
                            ],
                            [
                                111.242489,
                                38.207011
                            ],
                            [
                                111.243669,
                                38.205922
                            ],
                            [
                                111.244259,
                                38.204329
                            ],
                            [
                                111.244268,
                                38.201743
                            ],
                            [
                                111.23802,
                                38.198411
                            ],
                            [
                                111.237328,
                                38.196761
                            ],
                            [
                                111.234849,
                                38.195742
                            ],
                            [
                                111.227384,
                                38.193385
                            ],
                            [
                                111.226232,
                                38.189199
                            ],
                            [
                                111.224721,
                                38.187867
                            ],
                            [
                                111.222066,
                                38.184771
                            ],
                            [
                                111.221716,
                                38.18363
                            ],
                            [
                                111.221965,
                                38.17887
                            ],
                            [
                                111.222711,
                                38.17158
                            ],
                            [
                                111.222582,
                                38.17042
                            ],
                            [
                                111.221237,
                                38.169847
                            ],
                            [
                                111.215984,
                                38.169439
                            ],
                            [
                                111.215016,
                                38.16861
                            ],
                            [
                                111.218905,
                                38.163505
                            ],
                            [
                                111.218288,
                                38.160847
                            ],
                            [
                                111.216195,
                                38.158871
                            ],
                            [
                                111.21403,
                                38.153275
                            ],
                            [
                                111.212518,
                                38.148379
                            ],
                            [
                                111.214214,
                                38.146932
                            ],
                            [
                                111.220048,
                                38.145109
                            ],
                            [
                                111.222813,
                                38.142393
                            ],
                            [
                                111.224352,
                                38.139537
                            ],
                            [
                                111.225909,
                                38.134557
                            ],
                            [
                                111.227522,
                                38.131356
                            ],
                            [
                                111.22826,
                                38.130617
                            ],
                            [
                                111.231918,
                                38.124667
                            ],
                            [
                                111.232582,
                                38.12204
                            ],
                            [
                                111.233762,
                                38.120439
                            ],
                            [
                                111.236388,
                                38.117639
                            ],
                            [
                                111.240471,
                                38.114106
                            ],
                            [
                                111.242794,
                                38.11239
                            ],
                            [
                                111.244923,
                                38.109425
                            ],
                            [
                                111.246895,
                                38.107479
                            ],
                            [
                                111.247918,
                                38.104398
                            ],
                            [
                                111.249835,
                                38.100565
                            ],
                            [
                                111.2526,
                                38.098287
                            ],
                            [
                                111.25471,
                                38.097726
                            ],
                            [
                                111.257392,
                                38.097624
                            ],
                            [
                                111.261364,
                                38.095206
                            ],
                            [
                                111.26624,
                                38.094913
                            ],
                            [
                                111.26929,
                                38.102453
                            ],
                            [
                                111.271456,
                                38.108755
                            ],
                            [
                                111.272415,
                                38.115681
                            ],
                            [
                                111.275604,
                                38.122748
                            ],
                            [
                                111.277862,
                                38.124253
                            ],
                            [
                                111.279631,
                                38.123838
                            ],
                            [
                                111.282018,
                                38.124476
                            ],
                            [
                                111.284986,
                                38.126102
                            ],
                            [
                                111.289262,
                                38.127377
                            ],
                            [
                                111.292515,
                                38.129175
                            ],
                            [
                                111.295999,
                                38.130451
                            ],
                            [
                                111.297584,
                                38.131598
                            ],
                            [
                                111.301437,
                                38.132255
                            ],
                            [
                                111.30375,
                                38.132032
                            ],
                            [
                                111.310294,
                                38.131956
                            ],
                            [
                                111.312837,
                                38.131567
                            ],
                            [
                                111.316708,
                                38.129985
                            ],
                            [
                                111.321731,
                                38.126803
                            ],
                            [
                                111.323565,
                                38.124642
                            ],
                            [
                                111.327288,
                                38.121683
                            ],
                            [
                                111.329482,
                                38.12049
                            ],
                            [
                                111.331804,
                                38.119757
                            ],
                            [
                                111.338422,
                                38.118762
                            ],
                            [
                                111.341187,
                                38.118092
                            ],
                            [
                                111.343002,
                                38.118098
                            ],
                            [
                                111.3475,
                                38.118991
                            ],
                            [
                                111.348956,
                                38.119967
                            ],
                            [
                                111.3522,
                                38.12336
                            ],
                            [
                                111.353573,
                                38.124061
                            ],
                            [
                                111.356633,
                                38.124131
                            ],
                            [
                                111.359674,
                                38.124661
                            ],
                            [
                                111.360974,
                                38.126159
                            ],
                            [
                                111.361684,
                                38.128971
                            ],
                            [
                                111.364421,
                                38.133792
                            ],
                            [
                                111.36549,
                                38.13735
                            ],
                            [
                                111.366716,
                                38.139817
                            ],
                            [
                                111.367923,
                                38.144121
                            ],
                            [
                                111.368937,
                                38.145612
                            ],
                            [
                                111.369508,
                                38.147219
                            ],
                            [
                                111.369563,
                                38.151107
                            ],
                            [
                                111.36737,
                                38.154193
                            ],
                            [
                                111.365508,
                                38.158559
                            ],
                            [
                                111.366983,
                                38.166437
                            ],
                            [
                                111.36854,
                                38.17339
                            ],
                            [
                                111.369167,
                                38.180992
                            ],
                            [
                                111.369527,
                                38.192257
                            ],
                            [
                                111.368752,
                                38.199105
                            ],
                            [
                                111.369775,
                                38.205125
                            ],
                            [
                                111.371093,
                                38.21138
                            ],
                            [
                                111.373969,
                                38.2161
                            ],
                            [
                                111.379757,
                                38.221182
                            ],
                            [
                                111.385369,
                                38.224424
                            ],
                            [
                                111.399784,
                                38.231269
                            ],
                            [
                                111.40512,
                                38.234262
                            ],
                            [
                                111.408908,
                                38.238553
                            ],
                            [
                                111.41112,
                                38.244392
                            ],
                            [
                                111.410511,
                                38.248956
                            ],
                            [
                                111.412207,
                                38.257983
                            ],
                            [
                                111.419912,
                                38.264742
                            ],
                            [
                                111.422704,
                                38.266474
                            ],
                            [
                                111.430354,
                                38.269789
                            ],
                            [
                                111.43499,
                                38.274346
                            ],
                            [
                                111.441137,
                                38.282415
                            ],
                            [
                                111.443966,
                                38.287811
                            ],
                            [
                                111.446446,
                                38.29411
                            ],
                            [
                                111.447542,
                                38.308327
                            ],
                            [
                                111.448528,
                                38.310039
                            ],
                            [
                                111.449939,
                                38.314923
                            ],
                            [
                                111.45651,
                                38.320934
                            ],
                            [
                                111.462685,
                                38.324406
                            ],
                            [
                                111.470647,
                                38.327255
                            ],
                            [
                                111.477504,
                                38.329144
                            ],
                            [
                                111.477246,
                                38.332806
                            ],
                            [
                                111.474233,
                                38.338427
                            ],
                            [
                                111.471154,
                                38.344951
                            ],
                            [
                                111.467892,
                                38.354226
                            ],
                            [
                                111.464657,
                                38.362813
                            ],
                            [
                                111.462095,
                                38.370281
                            ],
                            [
                                111.460067,
                                38.37433
                            ],
                            [
                                111.455376,
                                38.378727
                            ],
                            [
                                111.45015,
                                38.383824
                            ],
                            [
                                111.446879,
                                38.386162
                            ],
                            [
                                111.444768,
                                38.388055
                            ],
                            [
                                111.442077,
                                38.389199
                            ],
                            [
                                111.439524,
                                38.391321
                            ],
                            [
                                111.43734,
                                38.392573
                            ],
                            [
                                111.433921,
                                38.393767
                            ],
                            [
                                111.431377,
                                38.393932
                            ],
                            [
                                111.423672,
                                38.39404
                            ],
                            [
                                111.421995,
                                38.394606
                            ],
                            [
                                111.419516,
                                38.396436
                            ],
                            [
                                111.415221,
                                38.398373
                            ],
                            [
                                111.413543,
                                38.398538
                            ],
                            [
                                111.408668,
                                38.399898
                            ],
                            [
                                111.406622,
                                38.401264
                            ],
                            [
                                111.40429,
                                38.401778
                            ],
                            [
                                111.400078,
                                38.400965
                            ],
                            [
                                111.397092,
                                38.400718
                            ],
                            [
                                111.394908,
                                38.401003
                            ],
                            [
                                111.39147,
                                38.403907
                            ],
                            [
                                111.389498,
                                38.405215
                            ],
                            [
                                111.388319,
                                38.407851
                            ],
                            [
                                111.388079,
                                38.410024
                            ],
                            [
                                111.387342,
                                38.413574
                            ],
                            [
                                111.387323,
                                38.415467
                            ],
                            [
                                111.387756,
                                38.417696
                            ],
                            [
                                111.390788,
                                38.422638
                            ],
                            [
                                111.394125,
                                38.427007
                            ],
                            [
                                111.396005,
                                38.430271
                            ],
                            [
                                111.39583,
                                38.434856
                            ],
                            [
                                111.396327,
                                38.436405
                            ],
                            [
                                111.398281,
                                38.439796
                            ],
                            [
                                111.400161,
                                38.442602
                            ],
                            [
                                111.401959,
                                38.44817
                            ],
                            [
                                111.4023,
                                38.451274
                            ],
                            [
                                111.402419,
                                38.457705
                            ],
                            [
                                111.400963,
                                38.465906
                            ],
                            [
                                111.399258,
                                38.473407
                            ],
                            [
                                111.394788,
                                38.482622
                            ],
                            [
                                111.393305,
                                38.491048
                            ],
                            [
                                111.391341,
                                38.498071
                            ],
                            [
                                111.388918,
                                38.507378
                            ],
                            [
                                111.386567,
                                38.515535
                            ],
                            [
                                111.385885,
                                38.521015
                            ],
                            [
                                111.387037,
                                38.529564
                            ],
                            [
                                111.388448,
                                38.5373
                            ],
                            [
                                111.390346,
                                38.540768
                            ],
                            [
                                111.39077,
                                38.542423
                            ],
                            [
                                111.390328,
                                38.544661
                            ],
                            [
                                111.388927,
                                38.547571
                            ],
                            [
                                111.385775,
                                38.549219
                            ],
                            [
                                111.382051,
                                38.550183
                            ],
                            [
                                111.3789,
                                38.551318
                            ],
                            [
                                111.376936,
                                38.552338
                            ],
                            [
                                111.37583,
                                38.553308
                            ],
                            [
                                111.375812,
                                38.556117
                            ],
                            [
                                111.376752,
                                38.557955
                            ],
                            [
                                111.378715,
                                38.559679
                            ],
                            [
                                111.383886,
                                38.562455
                            ],
                            [
                                111.387978,
                                38.563615
                            ],
                            [
                                111.391397,
                                38.56437
                            ],
                            [
                                111.395986,
                                38.566106
                            ],
                            [
                                111.399857,
                                38.566353
                            ],
                            [
                                111.402475,
                                38.56693
                            ],
                            [
                                111.407295,
                                38.567463
                            ],
                            [
                                111.4137,
                                38.567767
                            ],
                            [
                                111.420179,
                                38.56944
                            ],
                            [
                                111.422806,
                                38.570606
                            ]
                        ]
                    ]
                ]
            }
        }
    ]
}