{
    "type": "FeatureCollection",
    "features": [
        {
            "type": "Feature",
            "properties": {
                "adcode": 141181,
                "name": "孝义市",
                "center": [
                    111.781568,
                    37.144474
                ],
                "centroid": [
                    111.630451,
                    37.111329
                ],
                "childrenNum": 0,
                "level": "district",
                "acroutes": [
                    100000,
                    140000,
                    141100
                ],
                "parent": {
                    "adcode": 141100
                }
            },
            "geometry": {
                "type": "MultiPolygon",
                "coordinates": [
                    [
                        [
                            [
                                111.934285,
                                37.148999
                            ],
                            [
                                111.914302,
                                37.147252
                            ],
                            [
                                111.906787,
                                37.147865
                            ],
                            [
                                111.896927,
                                37.152616
                            ],
                            [
                                111.896842,
                                37.162674
                            ],
                            [
                                111.890758,
                                37.163396
                            ],
                            [
                                111.88731,
                                37.162602
                            ],
                            [
                                111.88422,
                                37.161234
                            ],
                            [
                                111.881528,
                                37.160882
                            ],
                            [
                                111.873133,
                                37.160939
                            ],
                            [
                                111.870259,
                                37.161699
                            ],
                            [
                                111.869572,
                                37.163384
                            ],
                            [
                                111.870503,
                                37.167761
                            ],
                            [
                                111.868248,
                                37.170206
                            ],
                            [
                                111.864641,
                                37.172118
                            ],
                            [
                                111.854741,
                                37.176989
                            ],
                            [
                                111.850992,
                                37.178489
                            ],
                            [
                                111.847516,
                                37.17861
                            ],
                            [
                                111.83907,
                                37.178595
                            ],
                            [
                                111.825608,
                                37.17844
                            ],
                            [
                                111.819718,
                                37.177163
                            ],
                            [
                                111.816577,
                                37.177189
                            ],
                            [
                                111.811118,
                                37.17884
                            ],
                            [
                                111.804967,
                                37.179944
                            ],
                            [
                                111.7989,
                                37.178621
                            ],
                            [
                                111.797742,
                                37.177049
                            ],
                            [
                                111.79752,
                                37.17451
                            ],
                            [
                                111.79618,
                                37.16914
                            ],
                            [
                                111.795032,
                                37.168898
                            ],
                            [
                                111.791851,
                                37.167893
                            ],
                            [
                                111.789744,
                                37.167908
                            ],
                            [
                                111.782417,
                                37.16911
                            ],
                            [
                                111.766035,
                                37.170807
                            ],
                            [
                                111.754851,
                                37.172942
                            ],
                            [
                                111.747882,
                                37.17335
                            ],
                            [
                                111.742895,
                                37.172643
                            ],
                            [
                                111.735329,
                                37.171222
                            ],
                            [
                                111.729547,
                                37.171249
                            ],
                            [
                                111.728053,
                                37.170799
                            ],
                            [
                                111.727581,
                                37.169337
                            ],
                            [
                                111.726832,
                                37.168607
                            ],
                            [
                                111.725281,
                                37.168479
                            ],
                            [
                                111.717721,
                                37.168517
                            ],
                            [
                                111.714529,
                                37.170225
                            ],
                            [
                                111.710768,
                                37.172073
                            ],
                            [
                                111.707451,
                                37.173048
                            ],
                            [
                                111.705333,
                                37.173059
                            ],
                            [
                                111.703208,
                                37.172333
                            ],
                            [
                                111.701243,
                                37.170924
                            ],
                            [
                                111.696528,
                                37.169477
                            ],
                            [
                                111.690252,
                                37.165977
                            ],
                            [
                                111.685237,
                                37.162746
                            ],
                            [
                                111.682482,
                                37.16239
                            ],
                            [
                                111.680363,
                                37.162765
                            ],
                            [
                                111.675967,
                                37.164703
                            ],
                            [
                                111.673706,
                                37.165792
                            ],
                            [
                                111.665646,
                                37.164533
                            ],
                            [
                                111.658625,
                                37.166302
                            ],
                            [
                                111.650815,
                                37.16792
                            ],
                            [
                                111.649872,
                                37.172092
                            ],
                            [
                                111.649787,
                                37.174348
                            ],
                            [
                                111.648668,
                                37.176331
                            ],
                            [
                                111.646697,
                                37.177559
                            ],
                            [
                                111.643431,
                                37.178039
                            ],
                            [
                                111.634849,
                                37.179407
                            ],
                            [
                                111.631844,
                                37.180227
                            ],
                            [
                                111.629788,
                                37.181867
                            ],
                            [
                                111.62893,
                                37.181939
                            ],
                            [
                                111.623091,
                                37.181187
                            ],
                            [
                                111.621631,
                                37.182347
                            ],
                            [
                                111.617598,
                                37.182487
                            ],
                            [
                                111.616655,
                                37.183443
                            ],
                            [
                                111.611248,
                                37.189484
                            ],
                            [
                                111.603932,
                                37.195596
                            ],
                            [
                                111.602018,
                                37.199132
                            ],
                            [
                                111.598644,
                                37.205463
                            ],
                            [
                                111.591981,
                                37.21046
                            ],
                            [
                                111.581371,
                                37.214381
                            ],
                            [
                                111.569465,
                                37.216175
                            ],
                            [
                                111.560923,
                                37.21926
                            ],
                            [
                                111.550028,
                                37.223173
                            ],
                            [
                                111.541997,
                                37.227432
                            ],
                            [
                                111.534431,
                                37.233096
                            ],
                            [
                                111.525723,
                                37.238703
                            ],
                            [
                                111.513432,
                                37.250603
                            ],
                            [
                                111.505968,
                                37.259024
                            ],
                            [
                                111.50306,
                                37.263414
                            ],
                            [
                                111.499589,
                                37.263437
                            ],
                            [
                                111.494455,
                                37.263018
                            ],
                            [
                                111.492041,
                                37.26061
                            ],
                            [
                                111.486616,
                                37.260417
                            ],
                            [
                                111.48068,
                                37.260455
                            ],
                            [
                                111.474631,
                                37.260817
                            ],
                            [
                                111.471041,
                                37.261576
                            ],
                            [
                                111.469962,
                                37.262814
                            ],
                            [
                                111.469411,
                                37.265841
                            ],
                            [
                                111.471087,
                                37.268989
                            ],
                            [
                                111.473972,
                                37.273917
                            ],
                            [
                                111.473978,
                                37.275015
                            ],
                            [
                                111.472961,
                                37.276117
                            ],
                            [
                                111.470507,
                                37.276502
                            ],
                            [
                                111.462402,
                                37.277514
                            ],
                            [
                                111.456637,
                                37.27837
                            ],
                            [
                                111.451956,
                                37.280136
                            ],
                            [
                                111.448202,
                                37.28254
                            ],
                            [
                                111.443845,
                                37.290347
                            ],
                            [
                                111.440585,
                                37.300295
                            ],
                            [
                                111.440602,
                                37.303913
                            ],
                            [
                                111.443964,
                                37.31099
                            ],
                            [
                                111.444061,
                                37.3128
                            ],
                            [
                                111.441323,
                                37.319359
                            ],
                            [
                                111.439699,
                                37.31819
                            ],
                            [
                                111.436489,
                                37.314324
                            ],
                            [
                                111.434518,
                                37.313181
                            ],
                            [
                                111.433116,
                                37.31283
                            ],
                            [
                                111.432173,
                                37.312985
                            ],
                            [
                                111.430361,
                                37.314264
                            ],
                            [
                                111.428276,
                                37.315176
                            ],
                            [
                                111.422681,
                                37.316474
                            ],
                            [
                                111.418308,
                                37.316711
                            ],
                            [
                                111.41348,
                                37.317421
                            ],
                            [
                                111.411588,
                                37.317338
                            ],
                            [
                                111.409151,
                                37.316496
                            ],
                            [
                                111.40271,
                                37.31076
                            ],
                            [
                                111.401642,
                                37.309458
                            ],
                            [
                                111.401563,
                                37.308191
                            ],
                            [
                                111.401972,
                                37.306527
                            ],
                            [
                                111.401,
                                37.302046
                            ],
                            [
                                111.401409,
                                37.30099
                            ],
                            [
                                111.403182,
                                37.300073
                            ],
                            [
                                111.408282,
                                37.296391
                            ],
                            [
                                111.413343,
                                37.292471
                            ],
                            [
                                111.413798,
                                37.291531
                            ],
                            [
                                111.414167,
                                37.290317
                            ],
                            [
                                111.414485,
                                37.286215
                            ],
                            [
                                111.415422,
                                37.284419
                            ],
                            [
                                111.416496,
                                37.283208
                            ],
                            [
                                111.41749,
                                37.281702
                            ],
                            [
                                111.417671,
                                37.281068
                            ],
                            [
                                111.417541,
                                37.2804
                            ],
                            [
                                111.415939,
                                37.278967
                            ],
                            [
                                111.416143,
                                37.277661
                            ],
                            [
                                111.416518,
                                37.277272
                            ],
                            [
                                111.417427,
                                37.276948
                            ],
                            [
                                111.417688,
                                37.276416
                            ],
                            [
                                111.416121,
                                37.274423
                            ],
                            [
                                111.416041,
                                37.27397
                            ],
                            [
                                111.41674,
                                37.273227
                            ],
                            [
                                111.418609,
                                37.271793
                            ],
                            [
                                111.419131,
                                37.271034
                            ],
                            [
                                111.419091,
                                37.270445
                            ],
                            [
                                111.417933,
                                37.270011
                            ],
                            [
                                111.416047,
                                37.270411
                            ],
                            [
                                111.415848,
                                37.27014
                            ],
                            [
                                111.416206,
                                37.268358
                            ],
                            [
                                111.41645,
                                37.266135
                            ],
                            [
                                111.416552,
                                37.263927
                            ],
                            [
                                111.415666,
                                37.261387
                            ],
                            [
                                111.414184,
                                37.260089
                            ],
                            [
                                111.412929,
                                37.258583
                            ],
                            [
                                111.410685,
                                37.251381
                            ],
                            [
                                111.409822,
                                37.250089
                            ],
                            [
                                111.408947,
                                37.250003
                            ],
                            [
                                111.407544,
                                37.250395
                            ],
                            [
                                111.405743,
                                37.251086
                            ],
                            [
                                111.403125,
                                37.253393
                            ],
                            [
                                111.398615,
                                37.25411
                            ],
                            [
                                111.392679,
                                37.247122
                            ],
                            [
                                111.389027,
                                37.244823
                            ],
                            [
                                111.385642,
                                37.243928
                            ],
                            [
                                111.379626,
                                37.244646
                            ],
                            [
                                111.37686,
                                37.244045
                            ],
                            [
                                111.376962,
                                37.240946
                            ],
                            [
                                111.378059,
                                37.233629
                            ],
                            [
                                111.379172,
                                37.231831
                            ],
                            [
                                111.386692,
                                37.231612
                            ],
                            [
                                111.391327,
                                37.230702
                            ],
                            [
                                111.394701,
                                37.228493
                            ],
                            [
                                111.394684,
                                37.225488
                            ],
                            [
                                111.388998,
                                37.217693
                            ],
                            [
                                111.38375,
                                37.213093
                            ],
                            [
                                111.376758,
                                37.210011
                            ],
                            [
                                111.368181,
                                37.207291
                            ],
                            [
                                111.367579,
                                37.205645
                            ],
                            [
                                111.366284,
                                37.204821
                            ],
                            [
                                111.366886,
                                37.204489
                            ],
                            [
                                111.369243,
                                37.204232
                            ],
                            [
                                111.37164,
                                37.204171
                            ],
                            [
                                111.372731,
                                37.204236
                            ],
                            [
                                111.374083,
                                37.204598
                            ],
                            [
                                111.37527,
                                37.204413
                            ],
                            [
                                111.379814,
                                37.200987
                            ],
                            [
                                111.381166,
                                37.1992
                            ],
                            [
                                111.381347,
                                37.198615
                            ],
                            [
                                111.380973,
                                37.19801
                            ],
                            [
                                111.379291,
                                37.197108
                            ],
                            [
                                111.377349,
                                37.196205
                            ],
                            [
                                111.375292,
                                37.194391
                            ],
                            [
                                111.37506,
                                37.193247
                            ],
                            [
                                111.375281,
                                37.191966
                            ],
                            [
                                111.376423,
                                37.190564
                            ],
                            [
                                111.378848,
                                37.188388
                            ],
                            [
                                111.380416,
                                37.187652
                            ],
                            [
                                111.381188,
                                37.186435
                            ],
                            [
                                111.381325,
                                37.185589
                            ],
                            [
                                111.381313,
                                37.183597
                            ],
                            [
                                111.380967,
                                37.182932
                            ],
                            [
                                111.379632,
                                37.182203
                            ],
                            [
                                111.376105,
                                37.18158
                            ],
                            [
                                111.375457,
                                37.181364
                            ],
                            [
                                111.375156,
                                37.180941
                            ],
                            [
                                111.375951,
                                37.177994
                            ],
                            [
                                111.381444,
                                37.172099
                            ],
                            [
                                111.388163,
                                37.166665
                            ],
                            [
                                111.391043,
                                37.162666
                            ],
                            [
                                111.397456,
                                37.157443
                            ],
                            [
                                111.410134,
                                37.15733
                            ],
                            [
                                111.420665,
                                37.15894
                            ],
                            [
                                111.430417,
                                37.163505
                            ],
                            [
                                111.439017,
                                37.168018
                            ],
                            [
                                111.448707,
                                37.169121
                            ],
                            [
                                111.455847,
                                37.169658
                            ],
                            [
                                111.459119,
                                37.167961
                            ],
                            [
                                111.46197,
                                37.16004
                            ],
                            [
                                111.461152,
                                37.151048
                            ],
                            [
                                111.460312,
                                37.134009
                            ],
                            [
                                111.458829,
                                37.126372
                            ],
                            [
                                111.456358,
                                37.116393
                            ],
                            [
                                111.456404,
                                37.107433
                            ],
                            [
                                111.459437,
                                37.103375
                            ],
                            [
                                111.465236,
                                37.10159
                            ],
                            [
                                111.470047,
                                37.100485
                            ],
                            [
                                111.472461,
                                37.099324
                            ],
                            [
                                111.473109,
                                37.098333
                            ],
                            [
                                111.473541,
                                37.094645
                            ],
                            [
                                111.474574,
                                37.09197
                            ],
                            [
                                111.476165,
                                37.090563
                            ],
                            [
                                111.476687,
                                37.08953
                            ],
                            [
                                111.476466,
                                37.084415
                            ],
                            [
                                111.476068,
                                37.082391
                            ],
                            [
                                111.476295,
                                37.081748
                            ],
                            [
                                111.476818,
                                37.08123
                            ],
                            [
                                111.483151,
                                37.077461
                            ],
                            [
                                111.484054,
                                37.076663
                            ],
                            [
                                111.484463,
                                37.075483
                            ],
                            [
                                111.484384,
                                37.074805
                            ],
                            [
                                111.483577,
                                37.07336
                            ],
                            [
                                111.483344,
                                37.072512
                            ],
                            [
                                111.483708,
                                37.06863
                            ],
                            [
                                111.484798,
                                37.065599
                            ],
                            [
                                111.485554,
                                37.063786
                            ],
                            [
                                111.485179,
                                37.063056
                            ],
                            [
                                111.484344,
                                37.06203
                            ],
                            [
                                111.478982,
                                37.059824
                            ],
                            [
                                111.477233,
                                37.058072
                            ],
                            [
                                111.470468,
                                37.050608
                            ],
                            [
                                111.46798,
                                37.0487
                            ],
                            [
                                111.463532,
                                37.047811
                            ],
                            [
                                111.458153,
                                37.046501
                            ],
                            [
                                111.453427,
                                37.046425
                            ],
                            [
                                111.445538,
                                37.04448
                            ],
                            [
                                111.441959,
                                37.042262
                            ],
                            [
                                111.444265,
                                37.037992
                            ],
                            [
                                111.451343,
                                37.03508
                            ],
                            [
                                111.457756,
                                37.033517
                            ],
                            [
                                111.465055,
                                37.031529
                            ],
                            [
                                111.471354,
                                37.027429
                            ],
                            [
                                111.47608,
                                37.021193
                            ],
                            [
                                111.480868,
                                37.01382
                            ],
                            [
                                111.487621,
                                37.003073
                            ],
                            [
                                111.495329,
                                36.994895
                            ],
                            [
                                111.498624,
                                36.991286
                            ],
                            [
                                111.502821,
                                36.992695
                            ],
                            [
                                111.508558,
                                36.994441
                            ],
                            [
                                111.516283,
                                36.995755
                            ],
                            [
                                111.527155,
                                36.99905
                            ],
                            [
                                111.531489,
                                36.998304
                            ],
                            [
                                111.533834,
                                36.997081
                            ],
                            [
                                111.53217,
                                36.99399
                            ],
                            [
                                111.531642,
                                36.991399
                            ],
                            [
                                111.531579,
                                36.986691
                            ],
                            [
                                111.534499,
                                36.982353
                            ],
                            [
                                111.541031,
                                36.977674
                            ],
                            [
                                111.54549,
                                36.977034
                            ],
                            [
                                111.549006,
                                36.978701
                            ],
                            [
                                111.550642,
                                36.980883
                            ],
                            [
                                111.552783,
                                36.98227
                            ],
                            [
                                111.558384,
                                36.980906
                            ],
                            [
                                111.56771,
                                36.975932
                            ],
                            [
                                111.575395,
                                36.970892
                            ],
                            [
                                111.580354,
                                36.967009
                            ],
                            [
                                111.58692,
                                36.964375
                            ],
                            [
                                111.598718,
                                36.96223
                            ],
                            [
                                111.606369,
                                36.959051
                            ],
                            [
                                111.613196,
                                36.956175
                            ],
                            [
                                111.617439,
                                36.954348
                            ],
                            [
                                111.619359,
                                36.952279
                            ],
                            [
                                111.619342,
                                36.950441
                            ],
                            [
                                111.619194,
                                36.948815
                            ],
                            [
                                111.618967,
                                36.948224
                            ],
                            [
                                111.619308,
                                36.945965
                            ],
                            [
                                111.62104,
                                36.943872
                            ],
                            [
                                111.625505,
                                36.942057
                            ],
                            [
                                111.630998,
                                36.941265
                            ],
                            [
                                111.635843,
                                36.941947
                            ],
                            [
                                111.637302,
                                36.943213
                            ],
                            [
                                111.637978,
                                36.945248
                            ],
                            [
                                111.638217,
                                36.94775
                            ],
                            [
                                111.638223,
                                36.954272
                            ],
                            [
                                111.638751,
                                36.955925
                            ],
                            [
                                111.643272,
                                36.960404
                            ],
                            [
                                111.644204,
                                36.962056
                            ],
                            [
                                111.644777,
                                36.963447
                            ],
                            [
                                111.645794,
                                36.964144
                            ],
                            [
                                111.647464,
                                36.964534
                            ],
                            [
                                111.650014,
                                36.964523
                            ],
                            [
                                111.656439,
                                36.964102
                            ],
                            [
                                111.65929,
                                36.964136
                            ],
                            [
                                111.661102,
                                36.965182
                            ],
                            [
                                111.661653,
                                36.96727
                            ],
                            [
                                111.664919,
                                36.972825
                            ],
                            [
                                111.666106,
                                36.973522
                            ],
                            [
                                111.667907,
                                36.973098
                            ],
                            [
                                111.672218,
                                36.970517
                            ],
                            [
                                111.674319,
                                36.969157
                            ],
                            [
                                111.674933,
                                36.969085
                            ],
                            [
                                111.677074,
                                36.96915
                            ],
                            [
                                111.679352,
                                36.970279
                            ],
                            [
                                111.681601,
                                36.973374
                            ],
                            [
                                111.681988,
                                36.976708
                            ],
                            [
                                111.680982,
                                36.979175
                            ],
                            [
                                111.680079,
                                36.982656
                            ],
                            [
                                111.680221,
                                36.986141
                            ],
                            [
                                111.680698,
                                36.98802
                            ],
                            [
                                111.686941,
                                36.993278
                            ],
                            [
                                111.689769,
                                36.993763
                            ],
                            [
                                111.701357,
                                36.987842
                            ],
                            [
                                111.710053,
                                36.995763
                            ],
                            [
                                111.719283,
                                36.997994
                            ],
                            [
                                111.727047,
                                36.997812
                            ],
                            [
                                111.735374,
                                36.997577
                            ],
                            [
                                111.737448,
                                37.002868
                            ],
                            [
                                111.740475,
                                37.006156
                            ],
                            [
                                111.743628,
                                37.007727
                            ],
                            [
                                111.749904,
                                37.010204
                            ],
                            [
                                111.759498,
                                37.015453
                            ],
                            [
                                111.776004,
                                37.019145
                            ],
                            [
                                111.785461,
                                37.021284
                            ],
                            [
                                111.791635,
                                37.022545
                            ],
                            [
                                111.80199,
                                37.028171
                            ],
                            [
                                111.813061,
                                37.031984
                            ],
                            [
                                111.81807,
                                37.034338
                            ],
                            [
                                111.821195,
                                37.035716
                            ],
                            [
                                111.826295,
                                37.039476
                            ],
                            [
                                111.825091,
                                37.04297
                            ],
                            [
                                111.826403,
                                37.044283
                            ],
                            [
                                111.831788,
                                37.043439
                            ],
                            [
                                111.832095,
                                37.043867
                            ],
                            [
                                111.832731,
                                37.04367
                            ],
                            [
                                111.832924,
                                37.042939
                            ],
                            [
                                111.83694,
                                37.039286
                            ],
                            [
                                111.845852,
                                37.034191
                            ],
                            [
                                111.852588,
                                37.034539
                            ],
                            [
                                111.856331,
                                37.035504
                            ],
                            [
                                111.86137,
                                37.037439
                            ],
                            [
                                111.860887,
                                37.041614
                            ],
                            [
                                111.860887,
                                37.047114
                            ],
                            [
                                111.868884,
                                37.052133
                            ],
                            [
                                111.875172,
                                37.053731
                            ],
                            [
                                111.880029,
                                37.057156
                            ],
                            [
                                111.884891,
                                37.064706
                            ],
                            [
                                111.890338,
                                37.073405
                            ],
                            [
                                111.893297,
                                37.074938
                            ],
                            [
                                111.894206,
                                37.084533
                            ],
                            [
                                111.897512,
                                37.087714
                            ],
                            [
                                111.901158,
                                37.0934
                            ],
                            [
                                111.906452,
                                37.098492
                            ],
                            [
                                111.913649,
                                37.102717
                            ],
                            [
                                111.92335,
                                37.106276
                            ],
                            [
                                111.927008,
                                37.111968
                            ],
                            [
                                111.929508,
                                37.119845
                            ],
                            [
                                111.931967,
                                37.129559
                            ],
                            [
                                111.934285,
                                37.148999
                            ]
                        ]
                    ]
                ]
            }
        }
    ]
}