{
    "type": "FeatureCollection",
    "features": [
        {
            "type": "Feature",
            "properties": {
                "adcode": 141182,
                "name": "汾阳市",
                "center": [
                    111.785273,
                    37.267742
                ],
                "centroid": [
                    111.740257,
                    37.308644
                ],
                "childrenNum": 0,
                "level": "district",
                "acroutes": [
                    100000,
                    140000,
                    141100
                ],
                "parent": {
                    "adcode": 141100
                }
            },
            "geometry": {
                "type": "MultiPolygon",
                "coordinates": [
                    [
                        [
                            [
                                111.896927,
                                37.152619
                            ],
                            [
                                111.906786,
                                37.147863
                            ],
                            [
                                111.914303,
                                37.147252
                            ],
                            [
                                111.934286,
                                37.148999
                            ],
                            [
                                111.939006,
                                37.156019
                            ],
                            [
                                111.939747,
                                37.160135
                            ],
                            [
                                111.940511,
                                37.161595
                            ],
                            [
                                111.942366,
                                37.163392
                            ],
                            [
                                111.946339,
                                37.167785
                            ],
                            [
                                111.947976,
                                37.170441
                            ],
                            [
                                111.951123,
                                37.178057
                            ],
                            [
                                111.951249,
                                37.179459
                            ],
                            [
                                111.948154,
                                37.190252
                            ],
                            [
                                111.947953,
                                37.192407
                            ],
                            [
                                111.948016,
                                37.193917
                            ],
                            [
                                111.947649,
                                37.199163
                            ],
                            [
                                111.946879,
                                37.203952
                            ],
                            [
                                111.946431,
                                37.209403
                            ],
                            [
                                111.947453,
                                37.213152
                            ],
                            [
                                111.948694,
                                37.215981
                            ],
                            [
                                111.950089,
                                37.217666
                            ],
                            [
                                111.958864,
                                37.222215
                            ],
                            [
                                111.959656,
                                37.223609
                            ],
                            [
                                111.960362,
                                37.227199
                            ],
                            [
                                111.959633,
                                37.228394
                            ],
                            [
                                111.958439,
                                37.229133
                            ],
                            [
                                111.957083,
                                37.231064
                            ],
                            [
                                111.956084,
                                37.233769
                            ],
                            [
                                111.956567,
                                37.240267
                            ],
                            [
                                111.955102,
                                37.242107
                            ],
                            [
                                111.953627,
                                37.243582
                            ],
                            [
                                111.951634,
                                37.244554
                            ],
                            [
                                111.941728,
                                37.246083
                            ],
                            [
                                111.940965,
                                37.246451
                            ],
                            [
                                111.940827,
                                37.247049
                            ],
                            [
                                111.940551,
                                37.250141
                            ],
                            [
                                111.940574,
                                37.25227
                            ],
                            [
                                111.941229,
                                37.254373
                            ],
                            [
                                111.942079,
                                37.255396
                            ],
                            [
                                111.943801,
                                37.255936
                            ],
                            [
                                111.949056,
                                37.256381
                            ],
                            [
                                111.956021,
                                37.25604
                            ],
                            [
                                111.956699,
                                37.255122
                            ],
                            [
                                111.956681,
                                37.253725
                            ],
                            [
                                111.958427,
                                37.253303
                            ],
                            [
                                111.96928,
                                37.25354
                            ],
                            [
                                111.972324,
                                37.254073
                            ],
                            [
                                111.97326,
                                37.254981
                            ],
                            [
                                111.972904,
                                37.256611
                            ],
                            [
                                111.973432,
                                37.257522
                            ],
                            [
                                111.97686,
                                37.258099
                            ],
                            [
                                111.977417,
                                37.259193
                            ],
                            [
                                111.978738,
                                37.267842
                            ],
                            [
                                111.980443,
                                37.271287
                            ],
                            [
                                111.98123,
                                37.271878
                            ],
                            [
                                111.982436,
                                37.271871
                            ],
                            [
                                111.984164,
                                37.270349
                            ],
                            [
                                111.984268,
                                37.266965
                            ],
                            [
                                111.985008,
                                37.264167
                            ],
                            [
                                111.985979,
                                37.263749
                            ],
                            [
                                111.987506,
                                37.264106
                            ],
                            [
                                111.988127,
                                37.265547
                            ],
                            [
                                111.990125,
                                37.271348
                            ],
                            [
                                111.9914,
                                37.272006
                            ],
                            [
                                111.994443,
                                37.271989
                            ],
                            [
                                111.997337,
                                37.271493
                            ],
                            [
                                111.999221,
                                37.270521
                            ],
                            [
                                112.000564,
                                37.267653
                            ],
                            [
                                112.001615,
                                37.26687
                            ],
                            [
                                112.004027,
                                37.266857
                            ],
                            [
                                112.013479,
                                37.267802
                            ],
                            [
                                112.014472,
                                37.268105
                            ],
                            [
                                112.014811,
                                37.268676
                            ],
                            [
                                112.013869,
                                37.271257
                            ],
                            [
                                112.011521,
                                37.274965
                            ],
                            [
                                112.009666,
                                37.278205
                            ],
                            [
                                112.009459,
                                37.280037
                            ],
                            [
                                112.011021,
                                37.282635
                            ],
                            [
                                112.010654,
                                37.288006
                            ],
                            [
                                112.002701,
                                37.295232
                            ],
                            [
                                112.000358,
                                37.29875
                            ],
                            [
                                111.996918,
                                37.304976
                            ],
                            [
                                111.993989,
                                37.311496
                            ],
                            [
                                111.995988,
                                37.318996
                            ],
                            [
                                111.996074,
                                37.325811
                            ],
                            [
                                111.993398,
                                37.332224
                            ],
                            [
                                111.991049,
                                37.335346
                            ],
                            [
                                111.987455,
                                37.340029
                            ],
                            [
                                111.986415,
                                37.338876
                            ],
                            [
                                111.982241,
                                37.339476
                            ],
                            [
                                111.981638,
                                37.338876
                            ],
                            [
                                111.978749,
                                37.339115
                            ],
                            [
                                111.978106,
                                37.338354
                            ],
                            [
                                111.977503,
                                37.339682
                            ],
                            [
                                111.975017,
                                37.339796
                            ],
                            [
                                111.975493,
                                37.344014
                            ],
                            [
                                111.974132,
                                37.349293
                            ],
                            [
                                111.972645,
                                37.350577
                            ],
                            [
                                111.975493,
                                37.354915
                            ],
                            [
                                111.974414,
                                37.355475
                            ],
                            [
                                111.970515,
                                37.355155
                            ],
                            [
                                111.965496,
                                37.357682
                            ],
                            [
                                111.965783,
                                37.359452
                            ],
                            [
                                111.961723,
                                37.361295
                            ],
                            [
                                111.95996,
                                37.363665
                            ],
                            [
                                111.957227,
                                37.363543
                            ],
                            [
                                111.949837,
                                37.362462
                            ],
                            [
                                111.949492,
                                37.360359
                            ],
                            [
                                111.947792,
                                37.362179
                            ],
                            [
                                111.938455,
                                37.372811
                            ],
                            [
                                111.934901,
                                37.37886
                            ],
                            [
                                111.929537,
                                37.385986
                            ],
                            [
                                111.923996,
                                37.391498
                            ],
                            [
                                111.916123,
                                37.392785
                            ],
                            [
                                111.910122,
                                37.391851
                            ],
                            [
                                111.90492,
                                37.391868
                            ],
                            [
                                111.898339,
                                37.391144
                            ],
                            [
                                111.894165,
                                37.393273
                            ],
                            [
                                111.892683,
                                37.398495
                            ],
                            [
                                111.891339,
                                37.40602
                            ],
                            [
                                111.886918,
                                37.412271
                            ],
                            [
                                111.883581,
                                37.413905
                            ],
                            [
                                111.875146,
                                37.414316
                            ],
                            [
                                111.859865,
                                37.414056
                            ],
                            [
                                111.848685,
                                37.411446
                            ],
                            [
                                111.845825,
                                37.413073
                            ],
                            [
                                111.849185,
                                37.422051
                            ],
                            [
                                111.850798,
                                37.431251
                            ],
                            [
                                111.849948,
                                37.433962
                            ],
                            [
                                111.846555,
                                37.437133
                            ],
                            [
                                111.844034,
                                37.441423
                            ],
                            [
                                111.845682,
                                37.453818
                            ],
                            [
                                111.843052,
                                37.459359
                            ],
                            [
                                111.838659,
                                37.459732
                            ],
                            [
                                111.827169,
                                37.459281
                            ],
                            [
                                111.815994,
                                37.45815
                            ],
                            [
                                111.807892,
                                37.458749
                            ],
                            [
                                111.784239,
                                37.458945
                            ],
                            [
                                111.775631,
                                37.458366
                            ],
                            [
                                111.770716,
                                37.458625
                            ],
                            [
                                111.764319,
                                37.459281
                            ],
                            [
                                111.756119,
                                37.461085
                            ],
                            [
                                111.754551,
                                37.460483
                            ],
                            [
                                111.750525,
                                37.459847
                            ],
                            [
                                111.747631,
                                37.458796
                            ],
                            [
                                111.746523,
                                37.458931
                            ],
                            [
                                111.745105,
                                37.46023
                            ],
                            [
                                111.744186,
                                37.460638
                            ],
                            [
                                111.743497,
                                37.460607
                            ],
                            [
                                111.742383,
                                37.460052
                            ],
                            [
                                111.739426,
                                37.458844
                            ],
                            [
                                111.737956,
                                37.458669
                            ],
                            [
                                111.737502,
                                37.458975
                            ],
                            [
                                111.736928,
                                37.460294
                            ],
                            [
                                111.734062,
                                37.460557
                            ],
                            [
                                111.73296,
                                37.461206
                            ],
                            [
                                111.732012,
                                37.463051
                            ],
                            [
                                111.73107,
                                37.4637
                            ],
                            [
                                111.730462,
                                37.463859
                            ],
                            [
                                111.727872,
                                37.463815
                            ],
                            [
                                111.724495,
                                37.464074
                            ],
                            [
                                111.72275,
                                37.46471
                            ],
                            [
                                111.718546,
                                37.467282
                            ],
                            [
                                111.716628,
                                37.468857
                            ],
                            [
                                111.715468,
                                37.470469
                            ],
                            [
                                111.71424,
                                37.471229
                            ],
                            [
                                111.712471,
                                37.471697
                            ],
                            [
                                111.710777,
                                37.471657
                            ],
                            [
                                111.708061,
                                37.470778
                            ],
                            [
                                111.70616,
                                37.470092
                            ],
                            [
                                111.704472,
                                37.470603
                            ],
                            [
                                111.703335,
                                37.471616
                            ],
                            [
                                111.701922,
                                37.474288
                            ],
                            [
                                111.700785,
                                37.474534
                            ],
                            [
                                111.698988,
                                37.474231
                            ],
                            [
                                111.696249,
                                37.473969
                            ],
                            [
                                111.693912,
                                37.473497
                            ],
                            [
                                111.692051,
                                37.472565
                            ],
                            [
                                111.690529,
                                37.472882
                            ],
                            [
                                111.688738,
                                37.473847
                            ],
                            [
                                111.685522,
                                37.474833
                            ],
                            [
                                111.683621,
                                37.476112
                            ],
                            [
                                111.681795,
                                37.476506
                            ],
                            [
                                111.675134,
                                37.474712
                            ],
                            [
                                111.668479,
                                37.473524
                            ],
                            [
                                111.663517,
                                37.472215
                            ],
                            [
                                111.659659,
                                37.472185
                            ],
                            [
                                111.658194,
                                37.472784
                            ],
                            [
                                111.657327,
                                37.475328
                            ],
                            [
                                111.655668,
                                37.479568
                            ],
                            [
                                111.654152,
                                37.480786
                            ],
                            [
                                111.651883,
                                37.481345
                            ],
                            [
                                111.647255,
                                37.481661
                            ],
                            [
                                111.645647,
                                37.482031
                            ],
                            [
                                111.641553,
                                37.484178
                            ],
                            [
                                111.638912,
                                37.484484
                            ],
                            [
                                111.636919,
                                37.484124
                            ],
                            [
                                111.632572,
                                37.483
                            ],
                            [
                                111.629752,
                                37.483014
                            ],
                            [
                                111.626634,
                                37.483922
                            ],
                            [
                                111.625503,
                                37.483808
                            ],
                            [
                                111.622442,
                                37.482015
                            ],
                            [
                                111.61852,
                                37.480245
                            ],
                            [
                                111.617131,
                                37.479245
                            ],
                            [
                                111.616097,
                                37.477832
                            ],
                            [
                                111.61438,
                                37.476775
                            ],
                            [
                                111.608713,
                                37.475291
                            ],
                            [
                                111.605055,
                                37.474039
                            ],
                            [
                                111.603751,
                                37.472683
                            ],
                            [
                                111.599381,
                                37.46853
                            ],
                            [
                                111.598887,
                                37.467379
                            ],
                            [
                                111.599129,
                                37.465626
                            ],
                            [
                                111.598784,
                                37.465262
                            ],
                            [
                                111.59554,
                                37.465084
                            ],
                            [
                                111.590917,
                                37.463552
                            ],
                            [
                                111.590234,
                                37.462856
                            ],
                            [
                                111.589631,
                                37.461546
                            ],
                            [
                                111.588161,
                                37.460193
                            ],
                            [
                                111.586559,
                                37.459039
                            ],
                            [
                                111.585307,
                                37.458531
                            ],
                            [
                                111.588896,
                                37.455663
                            ],
                            [
                                111.592645,
                                37.451266
                            ],
                            [
                                111.59415,
                                37.449223
                            ],
                            [
                                111.594954,
                                37.446059
                            ],
                            [
                                111.593478,
                                37.442187
                            ],
                            [
                                111.593392,
                                37.440679
                            ],
                            [
                                111.593989,
                                37.439817
                            ],
                            [
                                111.596694,
                                37.43708
                            ],
                            [
                                111.600311,
                                37.433925
                            ],
                            [
                                111.602264,
                                37.430642
                            ],
                            [
                                111.602626,
                                37.42746
                            ],
                            [
                                111.603286,
                                37.425581
                            ],
                            [
                                111.604934,
                                37.422058
                            ],
                            [
                                111.605147,
                                37.421428
                            ],
                            [
                                111.605129,
                                37.419667
                            ],
                            [
                                111.604366,
                                37.417061
                            ],
                            [
                                111.602729,
                                37.41343
                            ],
                            [
                                111.60185,
                                37.407462
                            ],
                            [
                                111.601718,
                                37.405481
                            ],
                            [
                                111.600754,
                                37.403278
                            ],
                            [
                                111.599261,
                                37.401466
                            ],
                            [
                                111.596481,
                                37.39966
                            ],
                            [
                                111.593737,
                                37.396908
                            ],
                            [
                                111.593185,
                                37.395881
                            ],
                            [
                                111.593949,
                                37.394708
                            ],
                            [
                                111.595591,
                                37.39264
                            ],
                            [
                                111.596269,
                                37.390713
                            ],
                            [
                                111.596085,
                                37.389685
                            ],
                            [
                                111.595339,
                                37.388957
                            ],
                            [
                                111.593289,
                                37.387825
                            ],
                            [
                                111.591359,
                                37.385895
                            ],
                            [
                                111.588534,
                                37.383439
                            ],
                            [
                                111.587098,
                                37.383011
                            ],
                            [
                                111.584893,
                                37.383206
                            ],
                            [
                                111.583406,
                                37.38358
                            ],
                            [
                                111.582258,
                                37.383152
                            ],
                            [
                                111.574603,
                                37.374365
                            ],
                            [
                                111.569039,
                                37.369364
                            ],
                            [
                                111.564204,
                                37.365653
                            ],
                            [
                                111.562613,
                                37.364966
                            ],
                            [
                                111.560379,
                                37.364888
                            ],
                            [
                                111.558404,
                                37.365016
                            ],
                            [
                                111.55652,
                                37.365542
                            ],
                            [
                                111.555584,
                                37.36628
                            ],
                            [
                                111.554235,
                                37.367867
                            ],
                            [
                                111.552495,
                                37.368693
                            ],
                            [
                                111.551071,
                                37.369033
                            ],
                            [
                                111.549698,
                                37.369043
                            ],
                            [
                                111.548521,
                                37.368285
                            ],
                            [
                                111.541843,
                                37.36593
                            ],
                            [
                                111.53927,
                                37.365764
                            ],
                            [
                                111.53664,
                                37.366263
                            ],
                            [
                                111.534987,
                                37.366162
                            ],
                            [
                                111.534068,
                                37.365481
                            ],
                            [
                                111.533373,
                                37.36441
                            ],
                            [
                                111.533361,
                                37.363129
                            ],
                            [
                                111.534091,
                                37.361201
                            ],
                            [
                                111.534085,
                                37.36017
                            ],
                            [
                                111.533109,
                                37.359331
                            ],
                            [
                                111.526063,
                                37.357618
                            ],
                            [
                                111.518259,
                                37.356209
                            ],
                            [
                                111.516002,
                                37.356479
                            ],
                            [
                                111.514498,
                                37.357635
                            ],
                            [
                                111.51285,
                                37.359293
                            ],
                            [
                                111.509967,
                                37.359314
                            ],
                            [
                                111.504443,
                                37.358073
                            ],
                            [
                                111.503099,
                                37.357305
                            ],
                            [
                                111.502462,
                                37.356209
                            ],
                            [
                                111.502537,
                                37.354881
                            ],
                            [
                                111.501388,
                                37.353931
                            ],
                            [
                                111.498069,
                                37.352616
                            ],
                            [
                                111.497231,
                                37.351797
                            ],
                            [
                                111.49688,
                                37.350712
                            ],
                            [
                                111.49831,
                                37.348069
                            ],
                            [
                                111.498373,
                                37.347132
                            ],
                            [
                                111.497747,
                                37.345922
                            ],
                            [
                                111.495152,
                                37.344209
                            ],
                            [
                                111.49336,
                                37.342588
                            ],
                            [
                                111.492585,
                                37.340144
                            ],
                            [
                                111.492298,
                                37.338053
                            ],
                            [
                                111.492447,
                                37.336691
                            ],
                            [
                                111.492396,
                                37.334938
                            ],
                            [
                                111.490684,
                                37.33304
                            ],
                            [
                                111.486952,
                                37.33009
                            ],
                            [
                                111.484006,
                                37.329584
                            ],
                            [
                                111.480153,
                                37.33009
                            ],
                            [
                                111.47804,
                                37.330585
                            ],
                            [
                                111.4717,
                                37.330902
                            ],
                            [
                                111.469817,
                                37.330879
                            ],
                            [
                                111.468209,
                                37.330501
                            ],
                            [
                                111.466635,
                                37.329446
                            ],
                            [
                                111.464086,
                                37.328492
                            ],
                            [
                                111.460491,
                                37.328215
                            ],
                            [
                                111.458177,
                                37.328171
                            ],
                            [
                                111.456179,
                                37.328239
                            ],
                            [
                                111.453916,
                                37.328785
                            ],
                            [
                                111.453193,
                                37.328788
                            ],
                            [
                                111.452469,
                                37.328519
                            ],
                            [
                                111.451453,
                                37.328414
                            ],
                            [
                                111.449937,
                                37.328697
                            ],
                            [
                                111.448518,
                                37.329405
                            ],
                            [
                                111.447772,
                                37.329523
                            ],
                            [
                                111.44706,
                                37.329193
                            ],
                            [
                                111.446227,
                                37.328057
                            ],
                            [
                                111.44447,
                                37.326061
                            ],
                            [
                                111.442345,
                                37.32486
                            ],
                            [
                                111.441696,
                                37.323545
                            ],
                            [
                                111.441673,
                                37.32282
                            ],
                            [
                                111.442024,
                                37.321805
                            ],
                            [
                                111.4418,
                                37.32054
                            ],
                            [
                                111.441323,
                                37.31936
                            ],
                            [
                                111.444062,
                                37.312798
                            ],
                            [
                                111.443965,
                                37.31099
                            ],
                            [
                                111.440605,
                                37.303914
                            ],
                            [
                                111.440582,
                                37.300295
                            ],
                            [
                                111.443844,
                                37.290347
                            ],
                            [
                                111.448203,
                                37.28254
                            ],
                            [
                                111.451958,
                                37.280138
                            ],
                            [
                                111.456632,
                                37.27837
                            ],
                            [
                                111.462398,
                                37.277513
                            ],
                            [
                                111.470506,
                                37.276501
                            ],
                            [
                                111.472958,
                                37.276119
                            ],
                            [
                                111.47398,
                                37.275016
                            ],
                            [
                                111.473974,
                                37.273916
                            ],
                            [
                                111.471086,
                                37.268989
                            ],
                            [
                                111.469409,
                                37.265841
                            ],
                            [
                                111.469966,
                                37.262817
                            ],
                            [
                                111.47104,
                                37.261575
                            ],
                            [
                                111.474635,
                                37.260816
                            ],
                            [
                                111.480681,
                                37.260458
                            ],
                            [
                                111.486619,
                                37.260418
                            ],
                            [
                                111.49204,
                                37.260607
                            ],
                            [
                                111.494451,
                                37.263016
                            ],
                            [
                                111.499591,
                                37.263438
                            ],
                            [
                                111.503059,
                                37.263415
                            ],
                            [
                                111.505965,
                                37.259024
                            ],
                            [
                                111.51343,
                                37.250603
                            ],
                            [
                                111.525724,
                                37.238704
                            ],
                            [
                                111.53443,
                                37.233093
                            ],
                            [
                                111.541998,
                                37.227435
                            ],
                            [
                                111.550026,
                                37.22317
                            ],
                            [
                                111.560925,
                                37.21926
                            ],
                            [
                                111.569469,
                                37.216174
                            ],
                            [
                                111.581373,
                                37.214377
                            ],
                            [
                                111.591979,
                                37.21046
                            ],
                            [
                                111.598646,
                                37.205465
                            ],
                            [
                                111.603929,
                                37.195596
                            ],
                            [
                                111.611251,
                                37.189482
                            ],
                            [
                                111.616654,
                                37.183442
                            ],
                            [
                                111.617602,
                                37.182486
                            ],
                            [
                                111.621633,
                                37.182347
                            ],
                            [
                                111.623091,
                                37.181185
                            ],
                            [
                                111.628931,
                                37.181939
                            ],
                            [
                                111.629787,
                                37.181868
                            ],
                            [
                                111.631843,
                                37.180229
                            ],
                            [
                                111.634852,
                                37.179408
                            ],
                            [
                                111.643437,
                                37.17804
                            ],
                            [
                                111.646698,
                                37.17756
                            ],
                            [
                                111.648668,
                                37.17633
                            ],
                            [
                                111.649788,
                                37.174347
                            ],
                            [
                                111.649874,
                                37.17209
                            ],
                            [
                                111.650815,
                                37.167917
                            ],
                            [
                                111.658625,
                                37.166302
                            ],
                            [
                                111.665648,
                                37.164535
                            ],
                            [
                                111.67371,
                                37.165792
                            ],
                            [
                                111.675967,
                                37.164703
                            ],
                            [
                                111.680366,
                                37.162764
                            ],
                            [
                                111.682484,
                                37.162389
                            ],
                            [
                                111.685235,
                                37.162744
                            ],
                            [
                                111.690254,
                                37.165974
                            ],
                            [
                                111.69653,
                                37.169478
                            ],
                            [
                                111.701245,
                                37.170921
                            ],
                            [
                                111.703203,
                                37.172333
                            ],
                            [
                                111.705333,
                                37.173056
                            ],
                            [
                                111.707452,
                                37.17305
                            ],
                            [
                                111.710766,
                                37.172073
                            ],
                            [
                                111.714532,
                                37.170225
                            ],
                            [
                                111.717719,
                                37.168515
                            ],
                            [
                                111.725282,
                                37.168478
                            ],
                            [
                                111.726827,
                                37.16861
                            ],
                            [
                                111.727579,
                                37.169336
                            ],
                            [
                                111.72805,
                                37.170799
                            ],
                            [
                                111.729543,
                                37.171252
                            ],
                            [
                                111.735326,
                                37.171222
                            ],
                            [
                                111.742894,
                                37.172644
                            ],
                            [
                                111.747878,
                                37.173347
                            ],
                            [
                                111.754855,
                                37.172941
                            ],
                            [
                                111.766036,
                                37.170806
                            ],
                            [
                                111.782418,
                                37.16911
                            ],
                            [
                                111.789746,
                                37.16791
                            ],
                            [
                                111.791853,
                                37.167893
                            ],
                            [
                                111.795034,
                                37.1689
                            ],
                            [
                                111.796177,
                                37.16914
                            ],
                            [
                                111.797515,
                                37.174509
                            ],
                            [
                                111.797745,
                                37.17705
                            ],
                            [
                                111.798905,
                                37.178621
                            ],
                            [
                                111.804969,
                                37.179942
                            ],
                            [
                                111.811119,
                                37.178837
                            ],
                            [
                                111.81658,
                                37.177188
                            ],
                            [
                                111.819715,
                                37.177165
                            ],
                            [
                                111.825607,
                                37.178438
                            ],
                            [
                                111.839072,
                                37.178594
                            ],
                            [
                                111.847514,
                                37.178611
                            ],
                            [
                                111.850994,
                                37.178489
                            ],
                            [
                                111.854743,
                                37.176989
                            ],
                            [
                                111.864643,
                                37.172117
                            ],
                            [
                                111.868244,
                                37.170208
                            ],
                            [
                                111.8705,
                                37.167762
                            ],
                            [
                                111.869576,
                                37.163382
                            ],
                            [
                                111.870259,
                                37.161699
                            ],
                            [
                                111.873136,
                                37.160939
                            ],
                            [
                                111.881526,
                                37.160885
                            ],
                            [
                                111.884225,
                                37.161233
                            ],
                            [
                                111.887314,
                                37.162602
                            ],
                            [
                                111.890754,
                                37.163396
                            ],
                            [
                                111.89684,
                                37.162673
                            ],
                            [
                                111.896927,
                                37.152619
                            ]
                        ]
                    ]
                ]
            }
        }
    ]
}