{
    "type": "FeatureCollection",
    "features": [
        {
            "type": "Feature",
            "properties": {
                "adcode": 150303,
                "name": "海南区",
                "center": [
                    106.884789,
                    39.44153
                ],
                "centroid": [
                    106.922665,
                    39.274726
                ],
                "childrenNum": 0,
                "level": "district",
                "acroutes": [
                    100000,
                    150000,
                    150300
                ],
                "parent": {
                    "adcode": 150300
                }
            },
            "geometry": {
                "type": "MultiPolygon",
                "coordinates": [
                    [
                        [
                            [
                                106.952415,
                                39.507483
                            ],
                            [
                                106.937862,
                                39.508236
                            ],
                            [
                                106.910198,
                                39.522497
                            ],
                            [
                                106.90957,
                                39.541109
                            ],
                            [
                                106.908718,
                                39.551578
                            ],
                            [
                                106.908154,
                                39.553987
                            ],
                            [
                                106.872976,
                                39.552089
                            ],
                            [
                                106.876331,
                                39.548412
                            ],
                            [
                                106.878079,
                                39.545008
                            ],
                            [
                                106.876483,
                                39.542455
                            ],
                            [
                                106.875655,
                                39.539427
                            ],
                            [
                                106.874916,
                                39.538076
                            ],
                            [
                                106.871212,
                                39.536044
                            ],
                            [
                                106.870744,
                                39.534682
                            ],
                            [
                                106.872328,
                                39.530793
                            ],
                            [
                                106.872192,
                                39.530065
                            ],
                            [
                                106.869324,
                                39.527047
                            ],
                            [
                                106.868201,
                                39.524576
                            ],
                            [
                                106.869033,
                                39.516053
                            ],
                            [
                                106.873844,
                                39.509861
                            ],
                            [
                                106.874556,
                                39.505836
                            ],
                            [
                                106.791545,
                                39.502358
                            ],
                            [
                                106.754266,
                                39.501223
                            ],
                            [
                                106.751163,
                                39.501104
                            ],
                            [
                                106.753727,
                                39.493167
                            ],
                            [
                                106.755338,
                                39.490003
                            ],
                            [
                                106.75713,
                                39.485409
                            ],
                            [
                                106.759338,
                                39.476633
                            ],
                            [
                                106.759354,
                                39.471181
                            ],
                            [
                                106.758082,
                                39.466364
                            ],
                            [
                                106.757486,
                                39.460338
                            ],
                            [
                                106.758842,
                                39.457482
                            ],
                            [
                                106.758858,
                                39.456119
                            ],
                            [
                                106.750379,
                                39.446844
                            ],
                            [
                                106.749123,
                                39.443564
                            ],
                            [
                                106.752887,
                                39.431446
                            ],
                            [
                                106.752627,
                                39.428419
                            ],
                            [
                                106.750171,
                                39.424668
                            ],
                            [
                                106.74412,
                                39.422059
                            ],
                            [
                                106.740309,
                                39.419868
                            ],
                            [
                                106.739525,
                                39.416892
                            ],
                            [
                                106.739381,
                                39.412774
                            ],
                            [
                                106.741924,
                                39.408552
                            ],
                            [
                                106.743456,
                                39.403152
                            ],
                            [
                                106.7451,
                                39.399571
                            ],
                            [
                                106.746308,
                                39.395467
                            ],
                            [
                                106.749071,
                                39.391394
                            ],
                            [
                                106.751675,
                                39.386132
                            ],
                            [
                                106.752935,
                                39.381857
                            ],
                            [
                                106.751307,
                                39.381567
                            ],
                            [
                                106.753095,
                                39.376485
                            ],
                            [
                                106.755854,
                                39.373471
                            ],
                            [
                                106.761457,
                                39.372468
                            ],
                            [
                                106.772324,
                                39.372964
                            ],
                            [
                                106.781514,
                                39.371868
                            ],
                            [
                                106.787197,
                                39.366931
                            ],
                            [
                                106.790953,
                                39.361661
                            ],
                            [
                                106.793208,
                                39.35664
                            ],
                            [
                                106.796048,
                                39.35137
                            ],
                            [
                                106.798052,
                                39.348102
                            ],
                            [
                                106.797968,
                                39.345847
                            ],
                            [
                                106.796632,
                                39.343504
                            ],
                            [
                                106.794124,
                                39.340835
                            ],
                            [
                                106.793208,
                                39.338579
                            ],
                            [
                                106.793292,
                                39.3359
                            ],
                            [
                                106.795796,
                                39.332134
                            ],
                            [
                                106.799551,
                                39.326779
                            ],
                            [
                                106.803559,
                                39.322588
                            ],
                            [
                                106.806814,
                                39.318656
                            ],
                            [
                                106.807146,
                                39.315396
                            ],
                            [
                                106.804475,
                                39.308959
                            ],
                            [
                                106.802219,
                                39.303111
                            ],
                            [
                                106.802387,
                                39.298593
                            ],
                            [
                                106.801887,
                                39.293914
                            ],
                            [
                                106.802803,
                                39.289395
                            ],
                            [
                                106.804975,
                                39.284539
                            ],
                            [
                                106.806474,
                                39.277343
                            ],
                            [
                                106.803887,
                                39.270157
                            ],
                            [
                                106.797792,
                                39.260215
                            ],
                            [
                                106.793448,
                                39.25328
                            ],
                            [
                                106.791553,
                                39.24678
                            ],
                            [
                                106.791057,
                                39.241476
                            ],
                            [
                                106.796368,
                                39.23756
                            ],
                            [
                                106.799295,
                                39.232234
                            ],
                            [
                                106.798536,
                                39.226914
                            ],
                            [
                                106.796148,
                                39.220727
                            ],
                            [
                                106.795932,
                                39.214318
                            ],
                            [
                                106.802115,
                                39.208555
                            ],
                            [
                                106.814361,
                                39.202346
                            ],
                            [
                                106.825523,
                                39.193742
                            ],
                            [
                                106.829747,
                                39.181358
                            ],
                            [
                                106.833914,
                                39.164465
                            ],
                            [
                                106.843077,
                                39.147802
                            ],
                            [
                                106.84774,
                                39.137879
                            ],
                            [
                                106.850267,
                                39.128182
                            ],
                            [
                                106.853667,
                                39.116539
                            ],
                            [
                                106.859006,
                                39.107779
                            ],
                            [
                                106.870172,
                                39.0969
                            ],
                            [
                                106.878955,
                                39.091351
                            ],
                            [
                                106.881451,
                                39.090235
                            ],
                            [
                                106.894996,
                                39.086456
                            ],
                            [
                                106.8976,
                                39.085786
                            ],
                            [
                                106.900328,
                                39.084546
                            ],
                            [
                                106.903019,
                                39.083855
                            ],
                            [
                                106.904167,
                                39.082999
                            ],
                            [
                                106.905919,
                                39.080839
                            ],
                            [
                                106.90781,
                                39.080086
                            ],
                            [
                                106.910338,
                                39.079691
                            ],
                            [
                                106.913742,
                                39.080387
                            ],
                            [
                                106.917545,
                                39.079328
                            ],
                            [
                                106.920956,
                                39.079318
                            ],
                            [
                                106.921768,
                                39.078586
                            ],
                            [
                                106.925524,
                                39.077786
                            ],
                            [
                                106.930727,
                                39.075803
                            ],
                            [
                                106.932603,
                                39.076441
                            ],
                            [
                                106.933934,
                                39.076062
                            ],
                            [
                                106.935078,
                                39.074723
                            ],
                            [
                                106.936286,
                                39.074344
                            ],
                            [
                                106.937026,
                                39.072999
                            ],
                            [
                                106.93817,
                                39.071997
                            ],
                            [
                                106.941109,
                                39.071166
                            ],
                            [
                                106.943221,
                                39.067879
                            ],
                            [
                                106.943605,
                                39.06481
                            ],
                            [
                                106.944137,
                                39.063335
                            ],
                            [
                                106.945273,
                                39.061917
                            ],
                            [
                                106.947496,
                                39.061128
                            ],
                            [
                                106.949236,
                                39.06185
                            ],
                            [
                                106.95124,
                                39.06146
                            ],
                            [
                                106.952507,
                                39.061762
                            ],
                            [
                                106.954467,
                                39.061258
                            ],
                            [
                                106.955439,
                                39.059664
                            ],
                            [
                                106.956807,
                                39.05862
                            ],
                            [
                                106.958155,
                                39.056522
                            ],
                            [
                                106.959086,
                                39.05567
                            ],
                            [
                                106.961698,
                                39.054512
                            ],
                            [
                                106.962982,
                                39.054974
                            ],
                            [
                                106.966633,
                                39.054963
                            ],
                            [
                                106.969353,
                                39.054226
                            ],
                            [
                                106.971053,
                                39.054091
                            ],
                            [
                                106.97318,
                                39.052335
                            ],
                            [
                                106.975004,
                                39.05153
                            ],
                            [
                                106.977408,
                                39.049183
                            ],
                            [
                                106.980331,
                                39.047744
                            ],
                            [
                                106.982203,
                                39.046201
                            ],
                            [
                                106.983391,
                                39.04469
                            ],
                            [
                                106.984882,
                                39.043723
                            ],
                            [
                                106.98657,
                                39.043147
                            ],
                            [
                                106.98727,
                                39.042435
                            ],
                            [
                                106.98699,
                                39.040087
                            ],
                            [
                                106.98761,
                                39.0387
                            ],
                            [
                                106.989466,
                                39.037246
                            ],
                            [
                                106.993069,
                                39.036399
                            ],
                            [
                                106.994117,
                                39.036877
                            ],
                            [
                                106.996113,
                                39.039438
                            ],
                            [
                                106.997332,
                                39.040181
                            ],
                            [
                                107.000176,
                                39.040103
                            ],
                            [
                                107.002316,
                                39.041142
                            ],
                            [
                                107.003535,
                                39.040918
                            ],
                            [
                                107.006735,
                                39.040996
                            ],
                            [
                                107.008983,
                                39.039931
                            ],
                            [
                                107.011802,
                                39.039344
                            ],
                            [
                                107.020069,
                                39.041978
                            ],
                            [
                                107.021161,
                                39.041786
                            ],
                            [
                                107.021973,
                                39.040409
                            ],
                            [
                                107.022641,
                                39.038362
                            ],
                            [
                                107.023724,
                                39.037469
                            ],
                            [
                                107.025544,
                                39.037703
                            ],
                            [
                                107.027204,
                                39.036773
                            ],
                            [
                                107.029259,
                                39.037079
                            ],
                            [
                                107.030847,
                                39.03682
                            ],
                            [
                                107.035291,
                                39.037142
                            ],
                            [
                                107.036322,
                                39.03762
                            ],
                            [
                                107.038562,
                                39.039838
                            ],
                            [
                                107.039286,
                                39.0431
                            ],
                            [
                                107.039886,
                                39.044175
                            ],
                            [
                                107.042145,
                                39.046206
                            ],
                            [
                                107.042877,
                                39.047744
                            ],
                            [
                                107.043949,
                                39.048009
                            ],
                            [
                                107.046817,
                                39.047276
                            ],
                            [
                                107.048636,
                                39.047245
                            ],
                            [
                                107.049804,
                                39.04763
                            ],
                            [
                                107.050596,
                                39.048798
                            ],
                            [
                                107.046285,
                                39.051401
                            ],
                            [
                                107.045925,
                                39.052777
                            ],
                            [
                                107.044349,
                                39.053234
                            ],
                            [
                                107.043217,
                                39.054429
                            ],
                            [
                                107.043557,
                                39.058272
                            ],
                            [
                                107.044969,
                                39.05944
                            ],
                            [
                                107.047453,
                                39.059274
                            ],
                            [
                                107.052724,
                                39.058017
                            ],
                            [
                                107.054963,
                                39.058111
                            ],
                            [
                                107.057063,
                                39.060344
                            ],
                            [
                                107.058751,
                                39.060822
                            ],
                            [
                                107.060083,
                                39.061756
                            ],
                            [
                                107.062634,
                                39.060785
                            ],
                            [
                                107.065022,
                                39.057565
                            ],
                            [
                                107.06703,
                                39.05729
                            ],
                            [
                                107.067965,
                                39.05676
                            ],
                            [
                                107.069945,
                                39.052715
                            ],
                            [
                                107.070485,
                                39.048554
                            ],
                            [
                                107.070245,
                                39.047053
                            ],
                            [
                                107.071889,
                                39.045931
                            ],
                            [
                                107.073585,
                                39.045915
                            ],
                            [
                                107.073793,
                                39.045105
                            ],
                            [
                                107.076456,
                                39.04498
                            ],
                            [
                                107.077692,
                                39.04578
                            ],
                            [
                                107.078352,
                                39.047406
                            ],
                            [
                                107.091802,
                                39.08276
                            ],
                            [
                                107.088962,
                                39.11327
                            ],
                            [
                                107.103488,
                                39.137158
                            ],
                            [
                                107.119461,
                                39.209415
                            ],
                            [
                                107.139314,
                                39.227359
                            ],
                            [
                                107.135107,
                                39.232706
                            ],
                            [
                                107.126964,
                                39.238353
                            ],
                            [
                                107.127328,
                                39.25053
                            ],
                            [
                                107.127892,
                                39.255129
                            ],
                            [
                                107.138726,
                                39.268303
                            ],
                            [
                                107.136543,
                                39.279984
                            ],
                            [
                                107.059707,
                                39.22295
                            ],
                            [
                                107.052236,
                                39.238435
                            ],
                            [
                                107.020213,
                                39.257563
                            ],
                            [
                                106.993197,
                                39.269468
                            ],
                            [
                                106.943025,
                                39.299276
                            ],
                            [
                                106.942705,
                                39.313213
                            ],
                            [
                                106.958766,
                                39.340524
                            ],
                            [
                                106.960706,
                                39.379453
                            ],
                            [
                                106.964966,
                                39.449948
                            ],
                            [
                                106.963746,
                                39.451957
                            ],
                            [
                                106.956347,
                                39.482182
                            ],
                            [
                                106.953475,
                                39.495979
                            ],
                            [
                                106.952415,
                                39.507483
                            ]
                        ]
                    ]
                ]
            }
        }
    ]
}