{
    "type": "FeatureCollection",
    "features": [
        {
            "type": "Feature",
            "properties": {
                "adcode": 150422,
                "name": "巴林左旗",
                "center": [
                    119.391737,
                    43.980715
                ],
                "centroid": [
                    119.270087,
                    44.201302
                ],
                "childrenNum": 0,
                "level": "district",
                "acroutes": [
                    100000,
                    150000,
                    150400
                ],
                "parent": {
                    "adcode": 150400
                }
            },
            "geometry": {
                "type": "MultiPolygon",
                "coordinates": [
                    [
                        [
                            [
                                119.179555,
                                44.771623
                            ],
                            [
                                119.173413,
                                44.760628
                            ],
                            [
                                119.150975,
                                44.759732
                            ],
                            [
                                119.138723,
                                44.760384
                            ],
                            [
                                119.125944,
                                44.762222
                            ],
                            [
                                119.126535,
                                44.758114
                            ],
                            [
                                119.129698,
                                44.755194
                            ],
                            [
                                119.129171,
                                44.751167
                            ],
                            [
                                119.122501,
                                44.74984
                            ],
                            [
                                119.121372,
                                44.747315
                            ],
                            [
                                119.118037,
                                44.745394
                            ],
                            [
                                119.126836,
                                44.744929
                            ],
                            [
                                119.135958,
                                44.74558
                            ],
                            [
                                119.13869,
                                44.745092
                            ],
                            [
                                119.150265,
                                44.741332
                            ],
                            [
                                119.150039,
                                44.738341
                            ],
                            [
                                119.148124,
                                44.73458
                            ],
                            [
                                119.147672,
                                44.731519
                            ],
                            [
                                119.140046,
                                44.729621
                            ],
                            [
                                119.134312,
                                44.730983
                            ],
                            [
                                119.132269,
                                44.730972
                            ],
                            [
                                119.12916,
                                44.729202
                            ],
                            [
                                119.122211,
                                44.729912
                            ],
                            [
                                119.113692,
                                44.727479
                            ],
                            [
                                119.111304,
                                44.726256
                            ],
                            [
                                119.108109,
                                44.726361
                            ],
                            [
                                119.102548,
                                44.725348
                            ],
                            [
                                119.09704,
                                44.725162
                            ],
                            [
                                119.093942,
                                44.725721
                            ],
                            [
                                119.085154,
                                44.722263
                            ],
                            [
                                119.084078,
                                44.720237
                            ],
                            [
                                119.081884,
                                44.719165
                            ],
                            [
                                119.079227,
                                44.719841
                            ],
                            [
                                119.074731,
                                44.71927
                            ],
                            [
                                119.074892,
                                44.713308
                            ],
                            [
                                119.071009,
                                44.711153
                            ],
                            [
                                119.064716,
                                44.710734
                            ],
                            [
                                119.062296,
                                44.712283
                            ],
                            [
                                119.05923,
                                44.712702
                            ],
                            [
                                119.053583,
                                44.710664
                            ],
                            [
                                119.050797,
                                44.711305
                            ],
                            [
                                119.042084,
                                44.71049
                            ],
                            [
                                119.037577,
                                44.710967
                            ],
                            [
                                119.033102,
                                44.713157
                            ],
                            [
                                119.020624,
                                44.714833
                            ],
                            [
                                119.009825,
                                44.714997
                            ],
                            [
                                119.001144,
                                44.714111
                            ],
                            [
                                118.983826,
                                44.72019
                            ],
                            [
                                118.979103,
                                44.724091
                            ],
                            [
                                118.976866,
                                44.727747
                            ],
                            [
                                118.972079,
                                44.729726
                            ],
                            [
                                118.970487,
                                44.731984
                            ],
                            [
                                118.966507,
                                44.729866
                            ],
                            [
                                118.960225,
                                44.729633
                            ],
                            [
                                118.953771,
                                44.730913
                            ],
                            [
                                118.951233,
                                44.730261
                            ],
                            [
                                118.946564,
                                44.727607
                            ],
                            [
                                118.941971,
                                44.72175
                            ],
                            [
                                118.93513,
                                44.723287
                            ],
                            [
                                118.932161,
                                44.721902
                            ],
                            [
                                118.929267,
                                44.719119
                            ],
                            [
                                118.928686,
                                44.717372
                            ],
                            [
                                118.930311,
                                44.716091
                            ],
                            [
                                118.929127,
                                44.712819
                            ],
                            [
                                118.929891,
                                44.710734
                            ],
                            [
                                118.925965,
                                44.705726
                            ],
                            [
                                118.926546,
                                44.70342
                            ],
                            [
                                118.928009,
                                44.702232
                            ],
                            [
                                118.93044,
                                44.704398
                            ],
                            [
                                118.932978,
                                44.705202
                            ],
                            [
                                118.938023,
                                44.704177
                            ],
                            [
                                118.942175,
                                44.70413
                            ],
                            [
                                118.944338,
                                44.700962
                            ],
                            [
                                118.94835,
                                44.699285
                            ],
                            [
                                118.951717,
                                44.698912
                            ],
                            [
                                118.95219,
                                44.69678
                            ],
                            [
                                118.9539,
                                44.694823
                            ],
                            [
                                118.957558,
                                44.692715
                            ],
                            [
                                118.961828,
                                44.692435
                            ],
                            [
                                118.965378,
                                44.690175
                            ],
                            [
                                118.96825,
                                44.69113
                            ],
                            [
                                118.971229,
                                44.687531
                            ],
                            [
                                118.972531,
                                44.684816
                            ],
                            [
                                118.974962,
                                44.682695
                            ],
                            [
                                118.973789,
                                44.681751
                            ],
                            [
                                118.97295,
                                44.678594
                            ],
                            [
                                118.973617,
                                44.675762
                            ],
                            [
                                118.973467,
                                44.671171
                            ],
                            [
                                118.974661,
                                44.669271
                            ],
                            [
                                118.986084,
                                44.668653
                            ],
                            [
                                118.986633,
                                44.666672
                            ],
                            [
                                118.989849,
                                44.666031
                            ],
                            [
                                118.99214,
                                44.662767
                            ],
                            [
                                118.991667,
                                44.66018
                            ],
                            [
                                118.99228,
                                44.657522
                            ],
                            [
                                118.998552,
                                44.652591
                            ],
                            [
                                119.000886,
                                44.652533
                            ],
                            [
                                119.001499,
                                44.649
                            ],
                            [
                                118.999186,
                                44.64675
                            ],
                            [
                                118.997691,
                                44.643742
                            ],
                            [
                                118.998304,
                                44.638099
                            ],
                            [
                                119.0001,
                                44.636816
                            ],
                            [
                                118.999864,
                                44.63418
                            ],
                            [
                                118.99654,
                                44.630717
                            ],
                            [
                                118.995959,
                                44.627883
                            ],
                            [
                                118.992495,
                                44.62548
                            ],
                            [
                                118.992087,
                                44.623661
                            ],
                            [
                                118.990032,
                                44.621795
                            ],
                            [
                                118.988892,
                                44.618715
                            ],
                            [
                                118.991151,
                                44.614679
                            ],
                            [
                                118.987956,
                                44.612988
                            ],
                            [
                                118.987375,
                                44.610829
                            ],
                            [
                                118.983686,
                                44.590177
                            ],
                            [
                                118.980867,
                                44.582427
                            ],
                            [
                                118.977425,
                                44.574454
                            ],
                            [
                                118.977899,
                                44.557958
                            ],
                            [
                                118.975769,
                                44.550881
                            ],
                            [
                                118.967153,
                                44.542285
                            ],
                            [
                                118.953169,
                                44.535814
                            ],
                            [
                                118.940863,
                                44.531854
                            ],
                            [
                                118.927062,
                                44.53113
                            ],
                            [
                                118.919221,
                                44.525966
                            ],
                            [
                                118.913982,
                                44.52169
                            ],
                            [
                                118.9087,
                                44.515812
                            ],
                            [
                                118.884283,
                                44.511372
                            ],
                            [
                                118.876527,
                                44.508053
                            ],
                            [
                                118.871235,
                                44.50173
                            ],
                            [
                                118.858757,
                                44.500094
                            ],
                            [
                                118.84956,
                                44.502069
                            ],
                            [
                                118.840944,
                                44.502197
                            ],
                            [
                                118.834619,
                                44.492449
                            ],
                            [
                                118.822754,
                                44.489889
                            ],
                            [
                                118.814945,
                                44.484055
                            ],
                            [
                                118.803048,
                                44.468433
                            ],
                            [
                                118.794647,
                                44.464211
                            ],
                            [
                                118.782481,
                                44.453543
                            ],
                            [
                                118.781233,
                                44.44904
                            ],
                            [
                                118.781631,
                                44.446559
                            ],
                            [
                                118.783599,
                                44.443389
                            ],
                            [
                                118.784869,
                                44.439036
                            ],
                            [
                                118.78432,
                                44.43287
                            ],
                            [
                                118.783535,
                                44.431314
                            ],
                            [
                                118.784105,
                                44.428329
                            ],
                            [
                                118.78773,
                                44.423894
                            ],
                            [
                                118.788107,
                                44.421541
                            ],
                            [
                                118.791215,
                                44.416778
                            ],
                            [
                                118.791484,
                                44.415396
                            ],
                            [
                                118.797067,
                                44.410421
                            ],
                            [
                                118.796174,
                                44.407003
                            ],
                            [
                                118.798003,
                                44.405118
                            ],
                            [
                                118.799606,
                                44.401781
                            ],
                            [
                                118.798272,
                                44.395517
                            ],
                            [
                                118.795733,
                                44.389897
                            ],
                            [
                                118.794959,
                                44.38636
                            ],
                            [
                                118.793969,
                                44.385587
                            ],
                            [
                                118.793065,
                                44.381687
                            ],
                            [
                                118.788408,
                                44.376498
                            ],
                            [
                                118.783062,
                                44.373558
                            ],
                            [
                                118.77749,
                                44.371204
                            ],
                            [
                                118.777006,
                                44.369997
                            ],
                            [
                                118.773165,
                                44.366635
                            ],
                            [
                                118.772681,
                                44.364491
                            ],
                            [
                                118.769723,
                                44.362312
                            ],
                            [
                                118.76825,
                                44.35827
                            ],
                            [
                                118.767895,
                                44.35336
                            ],
                            [
                                118.759763,
                                44.350665
                            ],
                            [
                                118.754546,
                                44.345989
                            ],
                            [
                                118.750458,
                                44.343493
                            ],
                            [
                                118.744864,
                                44.341395
                            ],
                            [
                                118.740411,
                                44.330846
                            ],
                            [
                                118.738959,
                                44.328443
                            ],
                            [
                                118.739174,
                                44.325993
                            ],
                            [
                                118.740433,
                                44.324222
                            ],
                            [
                                118.749415,
                                44.321104
                            ],
                            [
                                118.750512,
                                44.319334
                            ],
                            [
                                118.747995,
                                44.312134
                            ],
                            [
                                118.748672,
                                44.30871
                            ],
                            [
                                118.751684,
                                44.304981
                            ],
                            [
                                118.760537,
                                44.297967
                            ],
                            [
                                118.760914,
                                44.295844
                            ],
                            [
                                118.762968,
                                44.292595
                            ],
                            [
                                118.770756,
                                44.281932
                            ],
                            [
                                118.771348,
                                44.27833
                            ],
                            [
                                118.769422,
                                44.275761
                            ],
                            [
                                118.765915,
                                44.273613
                            ],
                            [
                                118.758913,
                                44.27278
                            ],
                            [
                                118.756439,
                                44.271431
                            ],
                            [
                                118.757923,
                                44.268638
                            ],
                            [
                                118.761204,
                                44.26845
                            ],
                            [
                                118.765915,
                                44.266385
                            ],
                            [
                                118.769056,
                                44.259109
                            ],
                            [
                                118.770842,
                                44.256538
                            ],
                            [
                                118.771412,
                                44.254026
                            ],
                            [
                                118.776866,
                                44.250012
                            ],
                            [
                                118.778221,
                                44.247817
                            ],
                            [
                                118.787214,
                                44.244976
                            ],
                            [
                                118.788838,
                                44.243145
                            ],
                            [
                                118.79214,
                                44.241607
                            ],
                            [
                                118.794001,
                                44.236453
                            ],
                            [
                                118.795679,
                                44.234339
                            ],
                            [
                                118.798723,
                                44.232801
                            ],
                            [
                                118.805145,
                                44.22538
                            ],
                            [
                                118.80678,
                                44.224828
                            ],
                            [
                                118.808308,
                                44.222456
                            ],
                            [
                                118.813643,
                                44.219296
                            ],
                            [
                                118.81815,
                                44.218169
                            ],
                            [
                                118.822593,
                                44.216137
                            ],
                            [
                                118.828993,
                                44.212096
                            ],
                            [
                                118.829326,
                                44.208807
                            ],
                            [
                                118.831865,
                                44.20654
                            ],
                            [
                                118.83151,
                                44.203486
                            ],
                            [
                                118.832833,
                                44.198587
                            ],
                            [
                                118.831865,
                                44.195297
                            ],
                            [
                                118.829294,
                                44.192137
                            ],
                            [
                                118.83307,
                                44.186778
                            ],
                            [
                                118.839868,
                                44.180021
                            ],
                            [
                                118.847656,
                                44.175097
                            ],
                            [
                                118.84999,
                                44.167268
                            ],
                            [
                                118.850012,
                                44.156512
                            ],
                            [
                                118.84857,
                                44.150351
                            ],
                            [
                                118.851851,
                                44.142519
                            ],
                            [
                                118.851991,
                                44.136098
                            ],
                            [
                                118.855218,
                                44.126441
                            ],
                            [
                                118.867663,
                                44.118218
                            ],
                            [
                                118.863501,
                                44.104558
                            ],
                            [
                                118.859843,
                                44.098427
                            ],
                            [
                                118.857713,
                                44.09
                            ],
                            [
                                118.857531,
                                44.083361
                            ],
                            [
                                118.864297,
                                44.075921
                            ],
                            [
                                118.88026,
                                44.080253
                            ],
                            [
                                118.9094,
                                44.078899
                            ],
                            [
                                118.918779,
                                44.073955
                            ],
                            [
                                118.925836,
                                44.053712
                            ],
                            [
                                118.920017,
                                44.050132
                            ],
                            [
                                118.916327,
                                44.043076
                            ],
                            [
                                118.913272,
                                44.035796
                            ],
                            [
                                118.922114,
                                44.023319
                            ],
                            [
                                118.932634,
                                44.013549
                            ],
                            [
                                118.936539,
                                44.001928
                            ],
                            [
                                118.931333,
                                43.995609
                            ],
                            [
                                118.92789,
                                43.98659
                            ],
                            [
                                118.925524,
                                43.974562
                            ],
                            [
                                118.924567,
                                43.964772
                            ],
                            [
                                118.922448,
                                43.951596
                            ],
                            [
                                118.921985,
                                43.944458
                            ],
                            [
                                118.93371,
                                43.943266
                            ],
                            [
                                118.958407,
                                43.941177
                            ],
                            [
                                118.959279,
                                43.940375
                            ],
                            [
                                118.978727,
                                43.931749
                            ],
                            [
                                119.003198,
                                43.903902
                            ],
                            [
                                119.005393,
                                43.904386
                            ],
                            [
                                119.008233,
                                43.907054
                            ],
                            [
                                119.012202,
                                43.909498
                            ],
                            [
                                119.016193,
                                43.909498
                            ],
                            [
                                119.021345,
                                43.912225
                            ],
                            [
                                119.024153,
                                43.912461
                            ],
                            [
                                119.02725,
                                43.911635
                            ],
                            [
                                119.039524,
                                43.906051
                            ],
                            [
                                119.061285,
                                43.895648
                            ],
                            [
                                119.073709,
                                43.890015
                            ],
                            [
                                119.080055,
                                43.88679
                            ],
                            [
                                119.079474,
                                43.884771
                            ],
                            [
                                119.076624,
                                43.881735
                            ],
                            [
                                119.075731,
                                43.878735
                            ],
                            [
                                119.074021,
                                43.876467
                            ],
                            [
                                119.078194,
                                43.857883
                            ],
                            [
                                119.082239,
                                43.841905
                            ],
                            [
                                119.079324,
                                43.827365
                            ],
                            [
                                119.089392,
                                43.822186
                            ],
                            [
                                119.096707,
                                43.822766
                            ],
                            [
                                119.113444,
                                43.809747
                            ],
                            [
                                119.109292,
                                43.803609
                            ],
                            [
                                119.11068,
                                43.793922
                            ],
                            [
                                119.109895,
                                43.791508
                            ],
                            [
                                119.105624,
                                43.788882
                            ],
                            [
                                119.100891,
                                43.783038
                            ],
                            [
                                119.101752,
                                43.776779
                            ],
                            [
                                119.101354,
                                43.773939
                            ],
                            [
                                119.103032,
                                43.772519
                            ],
                            [
                                119.108647,
                                43.771241
                            ],
                            [
                                119.109669,
                                43.769584
                            ],
                            [
                                119.112799,
                                43.767549
                            ],
                            [
                                119.11409,
                                43.764992
                            ],
                            [
                                119.143316,
                                43.743864
                            ],
                            [
                                119.128665,
                                43.735374
                            ],
                            [
                                119.149942,
                                43.722775
                            ],
                            [
                                119.172165,
                                43.715692
                            ],
                            [
                                119.179899,
                                43.71337
                            ],
                            [
                                119.179534,
                                43.710978
                            ],
                            [
                                119.183643,
                                43.705683
                            ],
                            [
                                119.186913,
                                43.703562
                            ],
                            [
                                119.190484,
                                43.698941
                            ],
                            [
                                119.19384,
                                43.696477
                            ],
                            [
                                119.19767,
                                43.692034
                            ],
                            [
                                119.201359,
                                43.690718
                            ],
                            [
                                119.206834,
                                43.692768
                            ],
                            [
                                119.207889,
                                43.696311
                            ],
                            [
                                119.210406,
                                43.698764
                            ],
                            [
                                119.210814,
                                43.702899
                            ],
                            [
                                119.213536,
                                43.70682
                            ],
                            [
                                119.217354,
                                43.707163
                            ],
                            [
                                119.223109,
                                43.698728
                            ],
                            [
                                119.225132,
                                43.696987
                            ],
                            [
                                119.229058,
                                43.695292
                            ],
                            [
                                119.231381,
                                43.695458
                            ],
                            [
                                119.237448,
                                43.699261
                            ],
                            [
                                119.240804,
                                43.694178
                            ],
                            [
                                119.244935,
                                43.69028
                            ],
                            [
                                119.249506,
                                43.690031
                            ],
                            [
                                119.251787,
                                43.687626
                            ],
                            [
                                119.255337,
                                43.688218
                            ],
                            [
                                119.2588,
                                43.686761
                            ],
                            [
                                119.261565,
                                43.687531
                            ],
                            [
                                119.269482,
                                43.687993
                            ],
                            [
                                119.271741,
                                43.689853
                            ],
                            [
                                119.276398,
                                43.688088
                            ],
                            [
                                119.284477,
                                43.685978
                            ],
                            [
                                119.29248,
                                43.682957
                            ],
                            [
                                119.300902,
                                43.681297
                            ],
                            [
                                119.303763,
                                43.681428
                            ],
                            [
                                119.31026,
                                43.68394
                            ],
                            [
                                119.31509,
                                43.685137
                            ],
                            [
                                119.323061,
                                43.686002
                            ],
                            [
                                119.32788,
                                43.686974
                            ],
                            [
                                119.330171,
                                43.68804
                            ],
                            [
                                119.340541,
                                43.695671
                            ],
                            [
                                119.346382,
                                43.697757
                            ],
                            [
                                119.354116,
                                43.699771
                            ],
                            [
                                119.36341,
                                43.701275
                            ],
                            [
                                119.372327,
                                43.702105
                            ],
                            [
                                119.38119,
                                43.702235
                            ],
                            [
                                119.390753,
                                43.703266
                            ],
                            [
                                119.398659,
                                43.703432
                            ],
                            [
                                119.404888,
                                43.704285
                            ],
                            [
                                119.408373,
                                43.698468
                            ],
                            [
                                119.407566,
                                43.695577
                            ],
                            [
                                119.408115,
                                43.691406
                            ],
                            [
                                119.40947,
                                43.692697
                            ],
                            [
                                119.413622,
                                43.6931
                            ],
                            [
                                119.421281,
                                43.696702
                            ],
                            [
                                119.421464,
                                43.707021
                            ],
                            [
                                119.429822,
                                43.711665
                            ],
                            [
                                119.431252,
                                43.726351
                            ],
                            [
                                119.423034,
                                43.736416
                            ],
                            [
                                119.423755,
                                43.752292
                            ],
                            [
                                119.431607,
                                43.758424
                            ],
                            [
                                119.427767,
                                43.769383
                            ],
                            [
                                119.430091,
                                43.770732
                            ],
                            [
                                119.431457,
                                43.774507
                            ],
                            [
                                119.43562,
                                43.780115
                            ],
                            [
                                119.439223,
                                43.782659
                            ],
                            [
                                119.438492,
                                43.784789
                            ],
                            [
                                119.439847,
                                43.786327
                            ],
                            [
                                119.439051,
                                43.788302
                            ],
                            [
                                119.444096,
                                43.788929
                            ],
                            [
                                119.449646,
                                43.791473
                            ],
                            [
                                119.45482,
                                43.791272
                            ],
                            [
                                119.457133,
                                43.790574
                            ],
                            [
                                119.456681,
                                43.786208
                            ],
                            [
                                119.462253,
                                43.781867
                            ],
                            [
                                119.464243,
                                43.77866
                            ],
                            [
                                119.464437,
                                43.773253
                            ],
                            [
                                119.469148,
                                43.766093
                            ],
                            [
                                119.479529,
                                43.764637
                            ],
                            [
                                119.481626,
                                43.763182
                            ],
                            [
                                119.485079,
                                43.762945
                            ],
                            [
                                119.487478,
                                43.761501
                            ],
                            [
                                119.491953,
                                43.761111
                            ],
                            [
                                119.49376,
                                43.759726
                            ],
                            [
                                119.497417,
                                43.75943
                            ],
                            [
                                119.504032,
                                43.753665
                            ],
                            [
                                119.506722,
                                43.739886
                            ],
                            [
                                119.509239,
                                43.730141
                            ],
                            [
                                119.509701,
                                43.726813
                            ],
                            [
                                119.511551,
                                43.725534
                            ],
                            [
                                119.513649,
                                43.719316
                            ],
                            [
                                119.516532,
                                43.715171
                            ],
                            [
                                119.51764,
                                43.71157
                            ],
                            [
                                119.519221,
                                43.710042
                            ],
                            [
                                119.525256,
                                43.702365
                            ],
                            [
                                119.528353,
                                43.69784
                            ],
                            [
                                119.533345,
                                43.687792
                            ],
                            [
                                119.536421,
                                43.676592
                            ],
                            [
                                119.537411,
                                43.671946
                            ],
                            [
                                119.547038,
                                43.663577
                            ],
                            [
                                119.555955,
                                43.660293
                            ],
                            [
                                119.560688,
                                43.657981
                            ],
                            [
                                119.566658,
                                43.656523
                            ],
                            [
                                119.571337,
                                43.652907
                            ],
                            [
                                119.573639,
                                43.650215
                            ],
                            [
                                119.577727,
                                43.647037
                            ],
                            [
                                119.581922,
                                43.646065
                            ],
                            [
                                119.591001,
                                43.643171
                            ],
                            [
                                119.59483,
                                43.63959
                            ],
                            [
                                119.602586,
                                43.633802
                            ],
                            [
                                119.608018,
                                43.634063
                            ],
                            [
                                119.612192,
                                43.632652
                            ],
                            [
                                119.615677,
                                43.629496
                            ],
                            [
                                119.62454,
                                43.62404
                            ],
                            [
                                119.627617,
                                43.618429
                            ],
                            [
                                119.630833,
                                43.615557
                            ],
                            [
                                119.639255,
                                43.614502
                            ],
                            [
                                119.646355,
                                43.610396
                            ],
                            [
                                119.65964,
                                43.609684
                            ],
                            [
                                119.666642,
                                43.617444
                            ],
                            [
                                119.673688,
                                43.62608
                            ],
                            [
                                119.680583,
                                43.631655
                            ],
                            [
                                119.689715,
                                43.632343
                            ],
                            [
                                119.718006,
                                43.639234
                            ],
                            [
                                119.723556,
                                43.645638
                            ],
                            [
                                119.72717,
                                43.651674
                            ],
                            [
                                119.728106,
                                43.655515
                            ],
                            [
                                119.726073,
                                43.670002
                            ],
                            [
                                119.721125,
                                43.679555
                            ],
                            [
                                119.7165,
                                43.68522
                            ],
                            [
                                119.711336,
                                43.687934
                            ],
                            [
                                119.701419,
                                43.694486
                            ],
                            [
                                119.697729,
                                43.695991
                            ],
                            [
                                119.694018,
                                43.70528
                            ],
                            [
                                119.692652,
                                43.716296
                            ],
                            [
                                119.693437,
                                43.722431
                            ],
                            [
                                119.694965,
                                43.724362
                            ],
                            [
                                119.707851,
                                43.724172
                            ],
                            [
                                119.708443,
                                43.722929
                            ],
                            [
                                119.714693,
                                43.730673
                            ],
                            [
                                119.715392,
                                43.732367
                            ],
                            [
                                119.7138,
                                43.734842
                            ],
                            [
                                119.715413,
                                43.736322
                            ],
                            [
                                119.714703,
                                43.739151
                            ],
                            [
                                119.720899,
                                43.741685
                            ],
                            [
                                119.726751,
                                43.7468
                            ],
                            [
                                119.732893,
                                43.754032
                            ],
                            [
                                119.734001,
                                43.757773
                            ],
                            [
                                119.748447,
                                43.767158
                            ],
                            [
                                119.754363,
                                43.769809
                            ],
                            [
                                119.766884,
                                43.773821
                            ],
                            [
                                119.776393,
                                43.775986
                            ],
                            [
                                119.787311,
                                43.779039
                            ],
                            [
                                119.793303,
                                43.780411
                            ],
                            [
                                119.796347,
                                43.785014
                            ],
                            [
                                119.79127,
                                43.789852
                            ],
                            [
                                119.792668,
                                43.790633
                            ],
                            [
                                119.79212,
                                43.794253
                            ],
                            [
                                119.790732,
                                43.797813
                            ],
                            [
                                119.792593,
                                43.803798
                            ],
                            [
                                119.808158,
                                43.811781
                            ],
                            [
                                119.800779,
                                43.819538
                            ],
                            [
                                119.793486,
                                43.822813
                            ],
                            [
                                119.794239,
                                43.823558
                            ],
                            [
                                119.801101,
                                43.826502
                            ],
                            [
                                119.80705,
                                43.827022
                            ],
                            [
                                119.805641,
                                43.830001
                            ],
                            [
                                119.813741,
                                43.831692
                            ],
                            [
                                119.814623,
                                43.839186
                            ],
                            [
                                119.812891,
                                43.845261
                            ],
                            [
                                119.811589,
                                43.84558
                            ],
                            [
                                119.805393,
                                43.844221
                            ],
                            [
                                119.798929,
                                43.852234
                            ],
                            [
                                119.794594,
                                43.85195
                            ],
                            [
                                119.78616,
                                43.84928
                            ],
                            [
                                119.782191,
                                43.853652
                            ],
                            [
                                119.772112,
                                43.852494
                            ],
                            [
                                119.763485,
                                43.859041
                            ],
                            [
                                119.75104,
                                43.872191
                            ],
                            [
                                119.74436,
                                43.881074
                            ],
                            [
                                119.744015,
                                43.884523
                            ],
                            [
                                119.742144,
                                43.89181
                            ],
                            [
                                119.743574,
                                43.893687
                            ],
                            [
                                119.742434,
                                43.901741
                            ],
                            [
                                119.742875,
                                43.90304
                            ],
                            [
                                119.740961,
                                43.90402
                            ],
                            [
                                119.73769,
                                43.908223
                            ],
                            [
                                119.735345,
                                43.909545
                            ],
                            [
                                119.739014,
                                43.913394
                            ],
                            [
                                119.737723,
                                43.917065
                            ],
                            [
                                119.740143,
                                43.920524
                            ],
                            [
                                119.738024,
                                43.924077
                            ],
                            [
                                119.741584,
                                43.926792
                            ],
                            [
                                119.740788,
                                43.930084
                            ],
                            [
                                119.744005,
                                43.933141
                            ],
                            [
                                119.744446,
                                43.937094
                            ],
                            [
                                119.743058,
                                43.937425
                            ],
                            [
                                119.742553,
                                43.940835
                            ],
                            [
                                119.74081,
                                43.941461
                            ],
                            [
                                119.735173,
                                43.941413
                            ],
                            [
                                119.733366,
                                43.942971
                            ],
                            [
                                119.725213,
                                43.948304
                            ],
                            [
                                119.718167,
                                43.951549
                            ],
                            [
                                119.714144,
                                43.952846
                            ],
                            [
                                119.705517,
                                43.956374
                            ],
                            [
                                119.699483,
                                43.960491
                            ],
                            [
                                119.696073,
                                43.965634
                            ],
                            [
                                119.693857,
                                43.969832
                            ],
                            [
                                119.693824,
                                43.973489
                            ],
                            [
                                119.694599,
                                43.975281
                            ],
                            [
                                119.69533,
                                43.980741
                            ],
                            [
                                119.695061,
                                43.989431
                            ],
                            [
                                119.686628,
                                43.995456
                            ],
                            [
                                119.672128,
                                44.00201
                            ],
                            [
                                119.658166,
                                44.032674
                            ],
                            [
                                119.658618,
                                44.043889
                            ],
                            [
                                119.650808,
                                44.047022
                            ],
                            [
                                119.636599,
                                44.048907
                            ],
                            [
                                119.634243,
                                44.069104
                            ],
                            [
                                119.619334,
                                44.077416
                            ],
                            [
                                119.619226,
                                44.08269
                            ],
                            [
                                119.619818,
                                44.089317
                            ],
                            [
                                119.622927,
                                44.095661
                            ],
                            [
                                119.628671,
                                44.119359
                            ],
                            [
                                119.630015,
                                44.128947
                            ],
                            [
                                119.634383,
                                44.134816
                            ],
                            [
                                119.639729,
                                44.14112
                            ],
                            [
                                119.638459,
                                44.148928
                            ],
                            [
                                119.638685,
                                44.154419
                            ],
                            [
                                119.632844,
                                44.166916
                            ],
                            [
                                119.623024,
                                44.176037
                            ],
                            [
                                119.614633,
                                44.180797
                            ],
                            [
                                119.598595,
                                44.185016
                            ],
                            [
                                119.591108,
                                44.196402
                            ],
                            [
                                119.589183,
                                44.211779
                            ],
                            [
                                119.584321,
                                44.217382
                            ],
                            [
                                119.578609,
                                44.225521
                            ],
                            [
                                119.574866,
                                44.234997
                            ],
                            [
                                119.565496,
                                44.247113
                            ],
                            [
                                119.562786,
                                44.258627
                            ],
                            [
                                119.563141,
                                44.267781
                            ],
                            [
                                119.561398,
                                44.279726
                            ],
                            [
                                119.554019,
                                44.28585
                            ],
                            [
                                119.549447,
                                44.299011
                            ],
                            [
                                119.537647,
                                44.313928
                            ],
                            [
                                119.533506,
                                44.321362
                            ],
                            [
                                119.53158,
                                44.328959
                            ],
                            [
                                119.532678,
                                44.35711
                            ],
                            [
                                119.536367,
                                44.370079
                            ],
                            [
                                119.535679,
                                44.376967
                            ],
                            [
                                119.547318,
                                44.381734
                            ],
                            [
                                119.55617,
                                44.388632
                            ],
                            [
                                119.562054,
                                44.392625
                            ],
                            [
                                119.564883,
                                44.399662
                            ],
                            [
                                119.558472,
                                44.406687
                            ],
                            [
                                119.561936,
                                44.413711
                            ],
                            [
                                119.56697,
                                44.420465
                            ],
                            [
                                119.566346,
                                44.428493
                            ],
                            [
                                119.595863,
                                44.43335
                            ],
                            [
                                119.602715,
                                44.437106
                            ],
                            [
                                119.576942,
                                44.46262
                            ],
                            [
                                119.56682,
                                44.472467
                            ],
                            [
                                119.56484,
                                44.478934
                            ],
                            [
                                119.565905,
                                44.489444
                            ],
                            [
                                119.573489,
                                44.503705
                            ],
                            [
                                119.56341,
                                44.515158
                            ],
                            [
                                119.555676,
                                44.52884
                            ],
                            [
                                119.553223,
                                44.539669
                            ],
                            [
                                119.544887,
                                44.554758
                            ],
                            [
                                119.53072,
                                44.559195
                            ],
                            [
                                119.523664,
                                44.566247
                            ],
                            [
                                119.515058,
                                44.574233
                            ],
                            [
                                119.508346,
                                44.58217
                            ],
                            [
                                119.49987,
                                44.593596
                            ],
                            [
                                119.501064,
                                44.599757
                            ],
                            [
                                119.499106,
                                44.606898
                            ],
                            [
                                119.499278,
                                44.61973
                            ],
                            [
                                119.510411,
                                44.635055
                            ],
                            [
                                119.507518,
                                44.642914
                            ],
                            [
                                119.49732,
                                44.651623
                            ],
                            [
                                119.49234,
                                44.663199
                            ],
                            [
                                119.480206,
                                44.671718
                            ],
                            [
                                119.476248,
                                44.68449
                            ],
                            [
                                119.478539,
                                44.688626
                            ],
                            [
                                119.478184,
                                44.690921
                            ],
                            [
                                119.472408,
                                44.690921
                            ],
                            [
                                119.46534,
                                44.690187
                            ],
                            [
                                119.458176,
                                44.687577
                            ],
                            [
                                119.452357,
                                44.685946
                            ],
                            [
                                119.442913,
                                44.685818
                            ],
                            [
                                119.437244,
                                44.682952
                            ],
                            [
                                119.417441,
                                44.689639
                            ],
                            [
                                119.415149,
                                44.693903
                            ],
                            [
                                119.416204,
                                44.696757
                            ],
                            [
                                119.414751,
                                44.70455
                            ],
                            [
                                119.414773,
                                44.707729
                            ],
                            [
                                119.410556,
                                44.708265
                            ],
                            [
                                119.408878,
                                44.71219
                            ],
                            [
                                119.406748,
                                44.714228
                            ],
                            [
                                119.403242,
                                44.71573
                            ],
                            [
                                119.401241,
                                44.718234
                            ],
                            [
                                119.400843,
                                44.720819
                            ],
                            [
                                119.398025,
                                44.722333
                            ],
                            [
                                119.39568,
                                44.724824
                            ],
                            [
                                119.391216,
                                44.726117
                            ],
                            [
                                119.388107,
                                44.728538
                            ],
                            [
                                119.387569,
                                44.730215
                            ],
                            [
                                119.384278,
                                44.73266
                            ],
                            [
                                119.386063,
                                44.735675
                            ],
                            [
                                119.385536,
                                44.737537
                            ],
                            [
                                119.381051,
                                44.743218
                            ],
                            [
                                119.377705,
                                44.746151
                            ],
                            [
                                119.378566,
                                44.74856
                            ],
                            [
                                119.377662,
                                44.753367
                            ],
                            [
                                119.375479,
                                44.756962
                            ],
                            [
                                119.371692,
                                44.760488
                            ],
                            [
                                119.371552,
                                44.764631
                            ],
                            [
                                119.370692,
                                44.767958
                            ],
                            [
                                119.370939,
                                44.770843
                            ],
                            [
                                119.369648,
                                44.772449
                            ],
                            [
                                119.370466,
                                44.774322
                            ],
                            [
                                119.369111,
                                44.782895
                            ],
                            [
                                119.36655,
                                44.78443
                            ],
                            [
                                119.36256,
                                44.784233
                            ],
                            [
                                119.3421,
                                44.776404
                            ],
                            [
                                119.330031,
                                44.775636
                            ],
                            [
                                119.32219,
                                44.772554
                            ],
                            [
                                119.314746,
                                44.771297
                            ],
                            [
                                119.301193,
                                44.770378
                            ],
                            [
                                119.288414,
                                44.764165
                            ],
                            [
                                119.276764,
                                44.75268
                            ],
                            [
                                119.264361,
                                44.747629
                            ],
                            [
                                119.251776,
                                44.745778
                            ],
                            [
                                119.221238,
                                44.772239
                            ],
                            [
                                119.213321,
                                44.775357
                            ],
                            [
                                119.183374,
                                44.771344
                            ],
                            [
                                119.179555,
                                44.771623
                            ]
                        ]
                    ]
                ]
            }
        }
    ]
}