{
    "type": "FeatureCollection",
    "features": [
        {
            "type": "Feature",
            "properties": {
                "adcode": 150625,
                "name": "杭锦旗",
                "center": [
                    108.736324,
                    39.831789
                ],
                "centroid": [
                    108.205675,
                    40.205135
                ],
                "childrenNum": 0,
                "level": "district",
                "acroutes": [
                    100000,
                    150000,
                    150600
                ],
                "parent": {
                    "adcode": 150600
                }
            },
            "geometry": {
                "type": "MultiPolygon",
                "coordinates": [
                    [
                        [
                            [
                                108.174951,
                                40.869264
                            ],
                            [
                                108.171513,
                                40.867352
                            ],
                            [
                                108.16864,
                                40.86016
                            ],
                            [
                                108.168523,
                                40.853384
                            ],
                            [
                                108.134895,
                                40.851678
                            ],
                            [
                                108.117587,
                                40.848875
                            ],
                            [
                                108.100443,
                                40.850418
                            ],
                            [
                                108.086078,
                                40.854614
                            ],
                            [
                                108.081062,
                                40.853992
                            ],
                            [
                                108.07421,
                                40.846754
                            ],
                            [
                                108.065143,
                                40.845227
                            ],
                            [
                                108.05749,
                                40.849409
                            ],
                            [
                                108.044821,
                                40.854303
                            ],
                            [
                                108.032293,
                                40.855015
                            ],
                            [
                                108.017386,
                                40.848134
                            ],
                            [
                                108.011805,
                                40.844233
                            ],
                            [
                                108.000855,
                                40.845375
                            ],
                            [
                                107.991671,
                                40.857061
                            ],
                            [
                                107.982299,
                                40.863942
                            ],
                            [
                                107.974975,
                                40.867233
                            ],
                            [
                                107.969064,
                                40.867648
                            ],
                            [
                                107.944079,
                                40.858989
                            ],
                            [
                                107.928702,
                                40.854837
                            ],
                            [
                                107.914455,
                                40.848742
                            ],
                            [
                                107.898795,
                                40.849424
                            ],
                            [
                                107.888056,
                                40.856023
                            ],
                            [
                                107.869359,
                                40.864757
                            ],
                            [
                                107.856454,
                                40.874305
                            ],
                            [
                                107.848,
                                40.8722
                            ],
                            [
                                107.839051,
                                40.867381
                            ],
                            [
                                107.835566,
                                40.864208
                            ],
                            [
                                107.832387,
                                40.856498
                            ],
                            [
                                107.837285,
                                40.847496
                            ],
                            [
                                107.836485,
                                40.845004
                            ],
                            [
                                107.826052,
                                40.837217
                            ],
                            [
                                107.820566,
                                40.836446
                            ],
                            [
                                107.810534,
                                40.847585
                            ],
                            [
                                107.798171,
                                40.852331
                            ],
                            [
                                107.790823,
                                40.853443
                            ],
                            [
                                107.780815,
                                40.856691
                            ],
                            [
                                107.759739,
                                40.861599
                            ],
                            [
                                107.748365,
                                40.861184
                            ],
                            [
                                107.737062,
                                40.856438
                            ],
                            [
                                107.731151,
                                40.849454
                            ],
                            [
                                107.728137,
                                40.841326
                            ],
                            [
                                107.728207,
                                40.830127
                            ],
                            [
                                107.731316,
                                40.821596
                            ],
                            [
                                107.736284,
                                40.81391
                            ],
                            [
                                107.730751,
                                40.808909
                            ],
                            [
                                107.722603,
                                40.810497
                            ],
                            [
                                107.709957,
                                40.816344
                            ],
                            [
                                107.701574,
                                40.816462
                            ],
                            [
                                107.698512,
                                40.812931
                            ],
                            [
                                107.697853,
                                40.801653
                            ],
                            [
                                107.701668,
                                40.789289
                            ],
                            [
                                107.700726,
                                40.778407
                            ],
                            [
                                107.696252,
                                40.768534
                            ],
                            [
                                107.691165,
                                40.76399
                            ],
                            [
                                107.681981,
                                40.758495
                            ],
                            [
                                107.675034,
                                40.757381
                            ],
                            [
                                107.664131,
                                40.757485
                            ],
                            [
                                107.64687,
                                40.765697
                            ],
                            [
                                107.638062,
                                40.770909
                            ],
                            [
                                107.630715,
                                40.773701
                            ],
                            [
                                107.614914,
                                40.778095
                            ],
                            [
                                107.609215,
                                40.777264
                            ],
                            [
                                107.593296,
                                40.768845
                            ],
                            [
                                107.588681,
                                40.764658
                            ],
                            [
                                107.582087,
                                40.75147
                            ],
                            [
                                107.586184,
                                40.742202
                            ],
                            [
                                107.584536,
                                40.739929
                            ],
                            [
                                107.555618,
                                40.724032
                            ],
                            [
                                107.549189,
                                40.718936
                            ],
                            [
                                107.539016,
                                40.707225
                            ],
                            [
                                107.526747,
                                40.701533
                            ],
                            [
                                107.517705,
                                40.70287
                            ],
                            [
                                107.505789,
                                40.712501
                            ],
                            [
                                107.497994,
                                40.714715
                            ],
                            [
                                107.487232,
                                40.712115
                            ],
                            [
                                107.482923,
                                40.709752
                            ],
                            [
                                107.472467,
                                40.699675
                            ],
                            [
                                107.468959,
                                40.692198
                            ],
                            [
                                107.462859,
                                40.685686
                            ],
                            [
                                107.452663,
                                40.679694
                            ],
                            [
                                107.432952,
                                40.675278
                            ],
                            [
                                107.419106,
                                40.668527
                            ],
                            [
                                107.408203,
                                40.658563
                            ],
                            [
                                107.400643,
                                40.650397
                            ],
                            [
                                107.392449,
                                40.644982
                            ],
                            [
                                107.384842,
                                40.643644
                            ],
                            [
                                107.368217,
                                40.645131
                            ],
                            [
                                107.346481,
                                40.650486
                            ],
                            [
                                107.338333,
                                40.651185
                            ],
                            [
                                107.325405,
                                40.647586
                            ],
                            [
                                107.316103,
                                40.650516
                            ],
                            [
                                107.30878,
                                40.656243
                            ],
                            [
                                107.299407,
                                40.657388
                            ],
                            [
                                107.293025,
                                40.655916
                            ],
                            [
                                107.286879,
                                40.651111
                            ],
                            [
                                107.275882,
                                40.627649
                            ],
                            [
                                107.267051,
                                40.611384
                            ],
                            [
                                107.259374,
                                40.602319
                            ],
                            [
                                107.250708,
                                40.582563
                            ],
                            [
                                107.249013,
                                40.576264
                            ],
                            [
                                107.247718,
                                40.563724
                            ],
                            [
                                107.245198,
                                40.558645
                            ],
                            [
                                107.238957,
                                40.556932
                            ],
                            [
                                107.227065,
                                40.559494
                            ],
                            [
                                107.213478,
                                40.56849
                            ],
                            [
                                107.200173,
                                40.575728
                            ],
                            [
                                107.190612,
                                40.579555
                            ],
                            [
                                107.180839,
                                40.58088
                            ],
                            [
                                107.173186,
                                40.579182
                            ],
                            [
                                107.16452,
                                40.573598
                            ],
                            [
                                107.16379,
                                40.564811
                            ],
                            [
                                107.165203,
                                40.558734
                            ],
                            [
                                107.162071,
                                40.547651
                            ],
                            [
                                107.164214,
                                40.543122
                            ],
                            [
                                107.160964,
                                40.532737
                            ],
                            [
                                107.160987,
                                40.52539
                            ],
                            [
                                107.203375,
                                40.506043
                            ],
                            [
                                107.204035,
                                40.500826
                            ],
                            [
                                107.193956,
                                40.4886
                            ],
                            [
                                107.186349,
                                40.474224
                            ],
                            [
                                107.183924,
                                40.471644
                            ],
                            [
                                107.182511,
                                40.477237
                            ],
                            [
                                107.178837,
                                40.478683
                            ],
                            [
                                107.164119,
                                40.468467
                            ],
                            [
                                107.1551,
                                40.451864
                            ],
                            [
                                107.155783,
                                40.44415
                            ],
                            [
                                107.163366,
                                40.432227
                            ],
                            [
                                107.16306,
                                40.425929
                            ],
                            [
                                107.170784,
                                40.412645
                            ],
                            [
                                107.173256,
                                40.401209
                            ],
                            [
                                107.17189,
                                40.390235
                            ],
                            [
                                107.162024,
                                40.378765
                            ],
                            [
                                107.156231,
                                40.375539
                            ],
                            [
                                107.148436,
                                40.374508
                            ],
                            [
                                107.139228,
                                40.3789
                            ],
                            [
                                107.13028,
                                40.379542
                            ],
                            [
                                107.122038,
                                40.36946
                            ],
                            [
                                107.113089,
                                40.366084
                            ],
                            [
                                107.100938,
                                40.365217
                            ],
                            [
                                107.091683,
                                40.362633
                            ],
                            [
                                107.089093,
                                40.359899
                            ],
                            [
                                107.080474,
                                40.341342
                            ],
                            [
                                107.07527,
                                40.339384
                            ],
                            [
                                107.062177,
                                40.338218
                            ],
                            [
                                107.054594,
                                40.335962
                            ],
                            [
                                107.044374,
                                40.328803
                            ],
                            [
                                107.039876,
                                40.320103
                            ],
                            [
                                107.033094,
                                40.311792
                            ],
                            [
                                107.033188,
                                40.30161
                            ],
                            [
                                107.03015,
                                40.280419
                            ],
                            [
                                107.027089,
                                40.265819
                            ],
                            [
                                107.022756,
                                40.258294
                            ],
                            [
                                107.005895,
                                40.248418
                            ],
                            [
                                106.9981,
                                40.239903
                            ],
                            [
                                106.985384,
                                40.232584
                            ],
                            [
                                106.972503,
                                40.218782
                            ],
                            [
                                106.964284,
                                40.215998
                            ],
                            [
                                106.959998,
                                40.212509
                            ],
                            [
                                106.949755,
                                40.208766
                            ],
                            [
                                106.942525,
                                40.204139
                            ],
                            [
                                106.920695,
                                40.193747
                            ],
                            [
                                106.932823,
                                40.18172
                            ],
                            [
                                106.944951,
                                40.178274
                            ],
                            [
                                106.993508,
                                40.159772
                            ],
                            [
                                107.032175,
                                40.131716
                            ],
                            [
                                107.056454,
                                40.118359
                            ],
                            [
                                107.088104,
                                40.093376
                            ],
                            [
                                107.101715,
                                40.084362
                            ],
                            [
                                107.111558,
                                40.076066
                            ],
                            [
                                107.13141,
                                40.067109
                            ],
                            [
                                107.149872,
                                40.05626
                            ],
                            [
                                107.163695,
                                40.047496
                            ],
                            [
                                107.178037,
                                40.043113
                            ],
                            [
                                107.194191,
                                40.036403
                            ],
                            [
                                107.218517,
                                40.027231
                            ],
                            [
                                107.238439,
                                40.021451
                            ],
                            [
                                107.283488,
                                40.01082
                            ],
                            [
                                107.297782,
                                40.001464
                            ],
                            [
                                107.303858,
                                40.000473
                            ],
                            [
                                107.335955,
                                39.973223
                            ],
                            [
                                107.346081,
                                39.966777
                            ],
                            [
                                107.360163,
                                39.960721
                            ],
                            [
                                107.366545,
                                39.955972
                            ],
                            [
                                107.385949,
                                39.945586
                            ],
                            [
                                107.396805,
                                39.938852
                            ],
                            [
                                107.405683,
                                39.930404
                            ],
                            [
                                107.414278,
                                39.919909
                            ],
                            [
                                107.420401,
                                39.91624
                            ],
                            [
                                107.426688,
                                39.919909
                            ],
                            [
                                107.434507,
                                39.920465
                            ],
                            [
                                107.443644,
                                39.919187
                            ],
                            [
                                107.448707,
                                39.916691
                            ],
                            [
                                107.456054,
                                39.916495
                            ],
                            [
                                107.467993,
                                39.920014
                            ],
                            [
                                107.480427,
                                39.921067
                            ],
                            [
                                107.490459,
                                39.925156
                            ],
                            [
                                107.499501,
                                39.924931
                            ],
                            [
                                107.517281,
                                39.922405
                            ],
                            [
                                107.533011,
                                39.917518
                            ],
                            [
                                107.573044,
                                39.904058
                            ],
                            [
                                107.576341,
                                39.898403
                            ],
                            [
                                107.583641,
                                39.895635
                            ],
                            [
                                107.592142,
                                39.889363
                            ],
                            [
                                107.612135,
                                39.877387
                            ],
                            [
                                107.62471,
                                39.873731
                            ],
                            [
                                107.643832,
                                39.871188
                            ],
                            [
                                107.649413,
                                39.868524
                            ],
                            [
                                107.659445,
                                39.861271
                            ],
                            [
                                107.676659,
                                39.856169
                            ],
                            [
                                107.685607,
                                39.851744
                            ],
                            [
                                107.695451,
                                39.848704
                            ],
                            [
                                107.706401,
                                39.844022
                            ],
                            [
                                107.716998,
                                39.837383
                            ],
                            [
                                107.726347,
                                39.835863
                            ],
                            [
                                107.734094,
                                39.831843
                            ],
                            [
                                107.744032,
                                39.821875
                            ],
                            [
                                107.751026,
                                39.818472
                            ],
                            [
                                107.761105,
                                39.816891
                            ],
                            [
                                107.771584,
                                39.812508
                            ],
                            [
                                107.775799,
                                39.811951
                            ],
                            [
                                107.800973,
                                39.812207
                            ],
                            [
                                107.805942,
                                39.81028
                            ],
                            [
                                107.812065,
                                39.810611
                            ],
                            [
                                107.828454,
                                39.80296
                            ],
                            [
                                107.838062,
                                39.802116
                            ],
                            [
                                107.848777,
                                39.804285
                            ],
                            [
                                107.85822,
                                39.807825
                            ],
                            [
                                107.88914,
                                39.812825
                            ],
                            [
                                107.907814,
                                39.811575
                            ],
                            [
                                107.924345,
                                39.809045
                            ],
                            [
                                107.961788,
                                39.805189
                            ],
                            [
                                107.970336,
                                39.8054
                            ],
                            [
                                108.000855,
                                39.794087
                            ],
                            [
                                108.005471,
                                39.789869
                            ],
                            [
                                108.01668,
                                39.787127
                            ],
                            [
                                108.02909,
                                39.782743
                            ],
                            [
                                108.048918,
                                39.777078
                            ],
                            [
                                108.063778,
                                39.774064
                            ],
                            [
                                108.094273,
                                39.766228
                            ],
                            [
                                108.109015,
                                39.760109
                            ],
                            [
                                108.118599,
                                39.757291
                            ],
                            [
                                108.13652,
                                39.754156
                            ],
                            [
                                108.158962,
                                39.751005
                            ],
                            [
                                108.16784,
                                39.748172
                            ],
                            [
                                108.176388,
                                39.741101
                            ],
                            [
                                108.194167,
                                39.732191
                            ],
                            [
                                108.219058,
                                39.72426
                            ],
                            [
                                108.240606,
                                39.720143
                            ],
                            [
                                108.249271,
                                39.716976
                            ],
                            [
                                108.264955,
                                39.714005
                            ],
                            [
                                108.278307,
                                39.705981
                            ],
                            [
                                108.291965,
                                39.703899
                            ],
                            [
                                108.302068,
                                39.704412
                            ],
                            [
                                108.306707,
                                39.699419
                            ],
                            [
                                108.310852,
                                39.697473
                            ],
                            [
                                108.326865,
                                39.694894
                            ],
                            [
                                108.337485,
                                39.694064
                            ],
                            [
                                108.342807,
                                39.691032
                            ],
                            [
                                108.357784,
                                39.677875
                            ],
                            [
                                108.367534,
                                39.671793
                            ],
                            [
                                108.390282,
                                39.669967
                            ],
                            [
                                108.393861,
                                39.671024
                            ],
                            [
                                108.410369,
                                39.669092
                            ],
                            [
                                108.429914,
                                39.664715
                            ],
                            [
                                108.440017,
                                39.663991
                            ],
                            [
                                108.562376,
                                39.63928
                            ],
                            [
                                108.56572,
                                39.637906
                            ],
                            [
                                108.587715,
                                39.635173
                            ],
                            [
                                108.596169,
                                39.630507
                            ],
                            [
                                108.604529,
                                39.630341
                            ],
                            [
                                108.634153,
                                39.627895
                            ],
                            [
                                108.643031,
                                39.624452
                            ],
                            [
                                108.650567,
                                39.617883
                            ],
                            [
                                108.653416,
                                39.611992
                            ],
                            [
                                108.662317,
                                39.604802
                            ],
                            [
                                108.674115,
                                39.598624
                            ],
                            [
                                108.694956,
                                39.593744
                            ],
                            [
                                108.704022,
                                39.59382
                            ],
                            [
                                108.712735,
                                39.592233
                            ],
                            [
                                108.725828,
                                39.58421
                            ],
                            [
                                108.73798,
                                39.570822
                            ],
                            [
                                108.750201,
                                39.553152
                            ],
                            [
                                108.758491,
                                39.535645
                            ],
                            [
                                108.765061,
                                39.52949
                            ],
                            [
                                108.778436,
                                39.519781
                            ],
                            [
                                108.785737,
                                39.515713
                            ],
                            [
                                108.793461,
                                39.506244
                            ],
                            [
                                108.791012,
                                39.483973
                            ],
                            [
                                108.798429,
                                39.454748
                            ],
                            [
                                108.798006,
                                39.451296
                            ],
                            [
                                108.80507,
                                39.445815
                            ],
                            [
                                108.812488,
                                39.442485
                            ],
                            [
                                108.829891,
                                39.437685
                            ],
                            [
                                108.842442,
                                39.42866
                            ],
                            [
                                108.854334,
                                39.41412
                            ],
                            [
                                108.899053,
                                39.387759
                            ],
                            [
                                108.902091,
                                39.383956
                            ],
                            [
                                108.908049,
                                39.38191
                            ],
                            [
                                108.932257,
                                39.375878
                            ],
                            [
                                108.947093,
                                39.375272
                            ],
                            [
                                108.955594,
                                39.379091
                            ],
                            [
                                108.991859,
                                39.391153
                            ],
                            [
                                109.009403,
                                39.399153
                            ],
                            [
                                109.018493,
                                39.405834
                            ],
                            [
                                109.03818,
                                39.415104
                            ],
                            [
                                109.045456,
                                39.416695
                            ],
                            [
                                109.056666,
                                39.420905
                            ],
                            [
                                109.063236,
                                39.424677
                            ],
                            [
                                109.069853,
                                39.435943
                            ],
                            [
                                109.06625,
                                39.445861
                            ],
                            [
                                109.058526,
                                39.451266
                            ],
                            [
                                109.039805,
                                39.494247
                            ],
                            [
                                109.039287,
                                39.498393
                            ],
                            [
                                109.058549,
                                39.504641
                            ],
                            [
                                109.06698,
                                39.514972
                            ],
                            [
                                109.072184,
                                39.542358
                            ],
                            [
                                109.073715,
                                39.552653
                            ],
                            [
                                109.083017,
                                39.558791
                            ],
                            [
                                109.087255,
                                39.573617
                            ],
                            [
                                109.092742,
                                39.578242
                            ],
                            [
                                109.097499,
                                39.579995
                            ],
                            [
                                109.112829,
                                39.588622
                            ],
                            [
                                109.12232,
                                39.592656
                            ],
                            [
                                109.140947,
                                39.592898
                            ],
                            [
                                109.151426,
                                39.595346
                            ],
                            [
                                109.165579,
                                39.587399
                            ],
                            [
                                109.16937,
                                39.588562
                            ],
                            [
                                109.193908,
                                39.589982
                            ],
                            [
                                109.20215,
                                39.591901
                            ],
                            [
                                109.207708,
                                39.595905
                            ],
                            [
                                109.209474,
                                39.599712
                            ],
                            [
                                109.212629,
                                39.621718
                            ],
                            [
                                109.213006,
                                39.653138
                            ],
                            [
                                109.20474,
                                39.65812
                            ],
                            [
                                109.198076,
                                39.664368
                            ],
                            [
                                109.197817,
                                39.671582
                            ],
                            [
                                109.207519,
                                39.67546
                            ],
                            [
                                109.242489,
                                39.677165
                            ],
                            [
                                109.253981,
                                39.681813
                            ],
                            [
                                109.266226,
                                39.682884
                            ],
                            [
                                109.270065,
                                39.684785
                            ],
                            [
                                109.270653,
                                39.691303
                            ],
                            [
                                109.262011,
                                39.709405
                            ],
                            [
                                109.261799,
                                39.716599
                            ],
                            [
                                109.256548,
                                39.725918
                            ],
                            [
                                109.257584,
                                39.730382
                            ],
                            [
                                109.256713,
                                39.740498
                            ],
                            [
                                109.25464,
                                39.745247
                            ],
                            [
                                109.248965,
                                39.752015
                            ],
                            [
                                109.248259,
                                39.757607
                            ],
                            [
                                109.244373,
                                39.76344
                            ],
                            [
                                109.23606,
                                39.764736
                            ],
                            [
                                109.225911,
                                39.773688
                            ],
                            [
                                109.218752,
                                39.786148
                            ],
                            [
                                109.214136,
                                39.803894
                            ],
                            [
                                109.206695,
                                39.811906
                            ],
                            [
                                109.191388,
                                39.824285
                            ],
                            [
                                109.187102,
                                39.83094
                            ],
                            [
                                109.172855,
                                39.838151
                            ],
                            [
                                109.161269,
                                39.841102
                            ],
                            [
                                109.154393,
                                39.84631
                            ],
                            [
                                109.156748,
                                39.849321
                            ],
                            [
                                109.162706,
                                39.851895
                            ],
                            [
                                109.166426,
                                39.857208
                            ],
                            [
                                109.165932,
                                39.865334
                            ],
                            [
                                109.159244,
                                39.873355
                            ],
                            [
                                109.157266,
                                39.878455
                            ],
                            [
                                109.157525,
                                39.88834
                            ],
                            [
                                109.152862,
                                39.89738
                            ],
                            [
                                109.148129,
                                39.915713
                            ],
                            [
                                109.14097,
                                39.920931
                            ],
                            [
                                109.143137,
                                39.935891
                            ],
                            [
                                109.1486,
                                39.949539
                            ],
                            [
                                109.154134,
                                39.952095
                            ],
                            [
                                109.180791,
                                39.958933
                            ],
                            [
                                109.186631,
                                39.959143
                            ],
                            [
                                109.201703,
                                39.953808
                            ],
                            [
                                109.20839,
                                39.965725
                            ],
                            [
                                109.215408,
                                39.968159
                            ],
                            [
                                109.222426,
                                39.974004
                            ],
                            [
                                109.221036,
                                39.978496
                            ],
                            [
                                109.222802,
                                39.981606
                            ],
                            [
                                109.227677,
                                39.982703
                            ],
                            [
                                109.230856,
                                39.986473
                            ],
                            [
                                109.231774,
                                39.992016
                            ],
                            [
                                109.235613,
                                39.998024
                            ],
                            [
                                109.243878,
                                40.003521
                            ],
                            [
                                109.243714,
                                40.009378
                            ],
                            [
                                109.248612,
                                40.013012
                            ],
                            [
                                109.246704,
                                40.018057
                            ],
                            [
                                109.252285,
                                40.024799
                            ],
                            [
                                109.251131,
                                40.029843
                            ],
                            [
                                109.25384,
                                40.034692
                            ],
                            [
                                109.259727,
                                40.03855
                            ],
                            [
                                109.261446,
                                40.044314
                            ],
                            [
                                109.271831,
                                40.044659
                            ],
                            [
                                109.275481,
                                40.048306
                            ],
                            [
                                109.273526,
                                40.056245
                            ],
                            [
                                109.270983,
                                40.058541
                            ],
                            [
                                109.264743,
                                40.058526
                            ],
                            [
                                109.257231,
                                40.056305
                            ],
                            [
                                109.253816,
                                40.05692
                            ],
                            [
                                109.250048,
                                40.061677
                            ],
                            [
                                109.233258,
                                40.066299
                            ],
                            [
                                109.22365,
                                40.066014
                            ],
                            [
                                109.220141,
                                40.056815
                            ],
                            [
                                109.213053,
                                40.056635
                            ],
                            [
                                109.206601,
                                40.061452
                            ],
                            [
                                109.200337,
                                40.060897
                            ],
                            [
                                109.189551,
                                40.063118
                            ],
                            [
                                109.184418,
                                40.065368
                            ],
                            [
                                109.178295,
                                40.060747
                            ],
                            [
                                109.174833,
                                40.060477
                            ],
                            [
                                109.163883,
                                40.064498
                            ],
                            [
                                109.143396,
                                40.066479
                            ],
                            [
                                109.121354,
                                40.05647
                            ],
                            [
                                109.118881,
                                40.060687
                            ],
                            [
                                109.108214,
                                40.066359
                            ],
                            [
                                109.104893,
                                40.06984
                            ],
                            [
                                109.103528,
                                40.079006
                            ],
                            [
                                109.106283,
                                40.084737
                            ],
                            [
                                109.11217,
                                40.089476
                            ],
                            [
                                109.111134,
                                40.093211
                            ],
                            [
                                109.099948,
                                40.105869
                            ],
                            [
                                109.097193,
                                40.118569
                            ],
                            [
                                109.099854,
                                40.129108
                            ],
                            [
                                109.086102,
                                40.134834
                            ],
                            [
                                109.082569,
                                40.137712
                            ],
                            [
                                109.081863,
                                40.144771
                            ],
                            [
                                109.074986,
                                40.156281
                            ],
                            [
                                109.073456,
                                40.161075
                            ],
                            [
                                109.075198,
                                40.170095
                            ],
                            [
                                109.079437,
                                40.181315
                            ],
                            [
                                109.087255,
                                40.18798
                            ],
                            [
                                109.091094,
                                40.195693
                            ],
                            [
                                109.100184,
                                40.218333
                            ],
                            [
                                109.097499,
                                40.220085
                            ],
                            [
                                109.124863,
                                40.237852
                            ],
                            [
                                109.126747,
                                40.265684
                            ],
                            [
                                109.11867,
                                40.294148
                            ],
                            [
                                109.111228,
                                40.30013
                            ],
                            [
                                109.074045,
                                40.303942
                            ],
                            [
                                109.056406,
                                40.305408
                            ],
                            [
                                109.039828,
                                40.312046
                            ],
                            [
                                109.0342,
                                40.334931
                            ],
                            [
                                109.021225,
                                40.391071
                            ],
                            [
                                108.990329,
                                40.408794
                            ],
                            [
                                108.989787,
                                40.414362
                            ],
                            [
                                108.994308,
                                40.417332
                            ],
                            [
                                108.994285,
                                40.424706
                            ],
                            [
                                108.996804,
                                40.429541
                            ],
                            [
                                109.000831,
                                40.431735
                            ],
                            [
                                109.001043,
                                40.434884
                            ],
                            [
                                108.994803,
                                40.434585
                            ],
                            [
                                109.00182,
                                40.440062
                            ],
                            [
                                109.00938,
                                40.440927
                            ],
                            [
                                109.015573,
                                40.444792
                            ],
                            [
                                109.01894,
                                40.437734
                            ],
                            [
                                109.029514,
                                40.442211
                            ],
                            [
                                109.031468,
                                40.446523
                            ],
                            [
                                109.036696,
                                40.448761
                            ],
                            [
                                109.047623,
                                40.459994
                            ],
                            [
                                109.048188,
                                40.464977
                            ],
                            [
                                109.052639,
                                40.469123
                            ],
                            [
                                109.053322,
                                40.473896
                            ],
                            [
                                109.061022,
                                40.47409
                            ],
                            [
                                109.061893,
                                40.475641
                            ],
                            [
                                109.056783,
                                40.483321
                            ],
                            [
                                109.059703,
                                40.487675
                            ],
                            [
                                109.055912,
                                40.48939
                            ],
                            [
                                109.046375,
                                40.506848
                            ],
                            [
                                109.042418,
                                40.516507
                            ],
                            [
                                109.042042,
                                40.52308
                            ],
                            [
                                109.046281,
                                40.53597
                            ],
                            [
                                109.054899,
                                40.547353
                            ],
                            [
                                109.03712,
                                40.548619
                            ],
                            [
                                109.018776,
                                40.545565
                            ],
                            [
                                109.009121,
                                40.544701
                            ],
                            [
                                108.995509,
                                40.539636
                            ],
                            [
                                108.986113,
                                40.532856
                            ],
                            [
                                108.983758,
                                40.527417
                            ],
                            [
                                108.977989,
                                40.527506
                            ],
                            [
                                108.966662,
                                40.534897
                            ],
                            [
                                108.958467,
                                40.537877
                            ],
                            [
                                108.95298,
                                40.52849
                            ],
                            [
                                108.946292,
                                40.52846
                            ],
                            [
                                108.939228,
                                40.533154
                            ],
                            [
                                108.936261,
                                40.539487
                            ],
                            [
                                108.931362,
                                40.542854
                            ],
                            [
                                108.908379,
                                40.551942
                            ],
                            [
                                108.880403,
                                40.559449
                            ],
                            [
                                108.86041,
                                40.553476
                            ],
                            [
                                108.847599,
                                40.554325
                            ],
                            [
                                108.841194,
                                40.556708
                            ],
                            [
                                108.823273,
                                40.568162
                            ],
                            [
                                108.816586,
                                40.56776
                            ],
                            [
                                108.812394,
                                40.564677
                            ],
                            [
                                108.809568,
                                40.555144
                            ],
                            [
                                108.803916,
                                40.552701
                            ],
                            [
                                108.794638,
                                40.551152
                            ],
                            [
                                108.774457,
                                40.550035
                            ],
                            [
                                108.764189,
                                40.557706
                            ],
                            [
                                108.761175,
                                40.561743
                            ],
                            [
                                108.759715,
                                40.570456
                            ],
                            [
                                108.761599,
                                40.578527
                            ],
                            [
                                108.775917,
                                40.60217
                            ],
                            [
                                108.778201,
                                40.608928
                            ],
                            [
                                108.776129,
                                40.612574
                            ],
                            [
                                108.762353,
                                40.614048
                            ],
                            [
                                108.73652,
                                40.608035
                            ],
                            [
                                108.73141,
                                40.609404
                            ],
                            [
                                108.714831,
                                40.629063
                            ],
                            [
                                108.70487,
                                40.635892
                            ],
                            [
                                108.693072,
                                40.640356
                            ],
                            [
                                108.685772,
                                40.640296
                            ],
                            [
                                108.658408,
                                40.635372
                            ],
                            [
                                108.647034,
                                40.635372
                            ],
                            [
                                108.641123,
                                40.637648
                            ],
                            [
                                108.640111,
                                40.640356
                            ],
                            [
                                108.649271,
                                40.643525
                            ],
                            [
                                108.646705,
                                40.650353
                            ],
                            [
                                108.641971,
                                40.653268
                            ],
                            [
                                108.628478,
                                40.653357
                            ],
                            [
                                108.615549,
                                40.650873
                            ],
                            [
                                108.610157,
                                40.651706
                            ],
                            [
                                108.604576,
                                40.656109
                            ],
                            [
                                108.605117,
                                40.661538
                            ],
                            [
                                108.6123,
                                40.668364
                            ],
                            [
                                108.611805,
                                40.673583
                            ],
                            [
                                108.589175,
                                40.695275
                            ],
                            [
                                108.582934,
                                40.697742
                            ],
                            [
                                108.577777,
                                40.696761
                            ],
                            [
                                108.570501,
                                40.692153
                            ],
                            [
                                108.561175,
                                40.693461
                            ],
                            [
                                108.553169,
                                40.703435
                            ],
                            [
                                108.555853,
                                40.705427
                            ],
                            [
                                108.567934,
                                40.707626
                            ],
                            [
                                108.574692,
                                40.710673
                            ],
                            [
                                108.575893,
                                40.713526
                            ],
                            [
                                108.573279,
                                40.717242
                            ],
                            [
                                108.566874,
                                40.72167
                            ],
                            [
                                108.562023,
                                40.727999
                            ],
                            [
                                108.557078,
                                40.729946
                            ],
                            [
                                108.539722,
                                40.728564
                            ],
                            [
                                108.528537,
                                40.730258
                            ],
                            [
                                108.522956,
                                40.734923
                            ],
                            [
                                108.517139,
                                40.735755
                            ],
                            [
                                108.484995,
                                40.734492
                            ],
                            [
                                108.481086,
                                40.735859
                            ],
                            [
                                108.482593,
                                40.74235
                            ],
                            [
                                108.486455,
                                40.749094
                            ],
                            [
                                108.485725,
                                40.754262
                            ],
                            [
                                108.47866,
                                40.763203
                            ],
                            [
                                108.467074,
                                40.766737
                            ],
                            [
                                108.443266,
                                40.781762
                            ],
                            [
                                108.436484,
                                40.793979
                            ],
                            [
                                108.42909,
                                40.7972
                            ],
                            [
                                108.41456,
                                40.801712
                            ],
                            [
                                108.408061,
                                40.800703
                            ],
                            [
                                108.386231,
                                40.801964
                            ],
                            [
                                108.382911,
                                40.803211
                            ],
                            [
                                108.369253,
                                40.81253
                            ],
                            [
                                108.363201,
                                40.812085
                            ],
                            [
                                108.355312,
                                40.805882
                            ],
                            [
                                108.344432,
                                40.805333
                            ],
                            [
                                108.327336,
                                40.81256
                            ],
                            [
                                108.311205,
                                40.817234
                            ],
                            [
                                108.302303,
                                40.818421
                            ],
                            [
                                108.281062,
                                40.815572
                            ],
                            [
                                108.270089,
                                40.813406
                            ],
                            [
                                108.24621,
                                40.815721
                            ],
                            [
                                108.234671,
                                40.82035
                            ],
                            [
                                108.230691,
                                40.823925
                            ],
                            [
                                108.225181,
                                40.833702
                            ],
                            [
                                108.226829,
                                40.845642
                            ],
                            [
                                108.224804,
                                40.852182
                            ],
                            [
                                108.21854,
                                40.854852
                            ],
                            [
                                108.203964,
                                40.856705
                            ],
                            [
                                108.186797,
                                40.866803
                            ],
                            [
                                108.174951,
                                40.869264
                            ]
                        ]
                    ]
                ]
            }
        }
    ]
}