{
    "type": "FeatureCollection",
    "features": [
        {
            "type": "Feature",
            "properties": {
                "adcode": 150781,
                "name": "满洲里市",
                "center": [
                    117.455561,
                    49.590788
                ],
                "centroid": [
                    117.557139,
                    49.537083
                ],
                "childrenNum": 0,
                "level": "district",
                "acroutes": [
                    100000,
                    150000,
                    150700
                ],
                "parent": {
                    "adcode": 150700
                }
            },
            "geometry": {
                "type": "MultiPolygon",
                "coordinates": [
                    [
                        [
                            [
                                117.278112,
                                49.636393
                            ],
                            [
                                117.275747,
                                49.615511
                            ],
                            [
                                117.268299,
                                49.599733
                            ],
                            [
                                117.262388,
                                49.584109
                            ],
                            [
                                117.259254,
                                49.573931
                            ],
                            [
                                117.26077,
                                49.56279
                            ],
                            [
                                117.26081,
                                49.560079
                            ],
                            [
                                117.252567,
                                49.553288
                            ],
                            [
                                117.243003,
                                49.546211
                            ],
                            [
                                117.235859,
                                49.540303
                            ],
                            [
                                117.229604,
                                49.533544
                            ],
                            [
                                117.223794,
                                49.526781
                            ],
                            [
                                117.226301,
                                49.521794
                            ],
                            [
                                117.233614,
                                49.517982
                            ],
                            [
                                117.242666,
                                49.515332
                            ],
                            [
                                117.249042,
                                49.514672
                            ],
                            [
                                117.260703,
                                49.515326
                            ],
                            [
                                117.273596,
                                49.520012
                            ],
                            [
                                117.286713,
                                49.52583
                            ],
                            [
                                117.306198,
                                49.533861
                            ],
                            [
                                117.315432,
                                49.535804
                            ],
                            [
                                117.323857,
                                49.533028
                            ],
                            [
                                117.332727,
                                49.529967
                            ],
                            [
                                117.339818,
                                49.528027
                            ],
                            [
                                117.346882,
                                49.527228
                            ],
                            [
                                117.364527,
                                49.527381
                            ],
                            [
                                117.377549,
                                49.526202
                            ],
                            [
                                117.394345,
                                49.522189
                            ],
                            [
                                117.410003,
                                49.519579
                            ],
                            [
                                117.427325,
                                49.522829
                            ],
                            [
                                117.436323,
                                49.522169
                            ],
                            [
                                117.450746,
                                49.52681
                            ],
                            [
                                117.457358,
                                49.524123
                            ],
                            [
                                117.464011,
                                49.517994
                            ],
                            [
                                117.473063,
                                49.512454
                            ],
                            [
                                117.482014,
                                49.502539
                            ],
                            [
                                117.487891,
                                49.496663
                            ],
                            [
                                117.491477,
                                49.492922
                            ],
                            [
                                117.49234,
                                49.49319
                            ],
                            [
                                117.528399,
                                49.50407
                            ],
                            [
                                117.538866,
                                49.507156
                            ],
                            [
                                117.601832,
                                49.520271
                            ],
                            [
                                117.657546,
                                49.502181
                            ],
                            [
                                117.659265,
                                49.497987
                            ],
                            [
                                117.663626,
                                49.494168
                            ],
                            [
                                117.673621,
                                49.489289
                            ],
                            [
                                117.68028,
                                49.485588
                            ],
                            [
                                117.682936,
                                49.487201
                            ],
                            [
                                117.682222,
                                49.487633
                            ],
                            [
                                117.686933,
                                49.490735
                            ],
                            [
                                117.682141,
                                49.491393
                            ],
                            [
                                117.675077,
                                49.494543
                            ],
                            [
                                117.66587,
                                49.504535
                            ],
                            [
                                117.659831,
                                49.510799
                            ],
                            [
                                117.666982,
                                49.513466
                            ],
                            [
                                117.676331,
                                49.513556
                            ],
                            [
                                117.680213,
                                49.513671
                            ],
                            [
                                117.683671,
                                49.497286
                            ],
                            [
                                117.703635,
                                49.488819
                            ],
                            [
                                117.715167,
                                49.486119
                            ],
                            [
                                117.720074,
                                49.484555
                            ],
                            [
                                117.725877,
                                49.483473
                            ],
                            [
                                117.73106,
                                49.482622
                            ],
                            [
                                117.73716,
                                49.477756
                            ],
                            [
                                117.738393,
                                49.478605
                            ],
                            [
                                117.739452,
                                49.478983
                            ],
                            [
                                117.743078,
                                49.479903
                            ],
                            [
                                117.746266,
                                49.478004
                            ],
                            [
                                117.748558,
                                49.477479
                            ],
                            [
                                117.754947,
                                49.476564
                            ],
                            [
                                117.759719,
                                49.475719
                            ],
                            [
                                117.761701,
                                49.475612
                            ],
                            [
                                117.763076,
                                49.475122
                            ],
                            [
                                117.763514,
                                49.474642
                            ],
                            [
                                117.765334,
                                49.473046
                            ],
                            [
                                117.759672,
                                49.452179
                            ],
                            [
                                117.758081,
                                49.450169
                            ],
                            [
                                117.758526,
                                49.44958
                            ],
                            [
                                117.75856,
                                49.448157
                            ],
                            [
                                117.757185,
                                49.446643
                            ],
                            [
                                117.755048,
                                49.444596
                            ],
                            [
                                117.75153,
                                49.440842
                            ],
                            [
                                117.748558,
                                49.438456
                            ],
                            [
                                117.747499,
                                49.437258
                            ],
                            [
                                117.748362,
                                49.435415
                            ],
                            [
                                117.753175,
                                49.43047
                            ],
                            [
                                117.75554,
                                49.427905
                            ],
                            [
                                117.757906,
                                49.425143
                            ],
                            [
                                117.75887,
                                49.424352
                            ],
                            [
                                117.762739,
                                49.42363
                            ],
                            [
                                117.765657,
                                49.422774
                            ],
                            [
                                117.769189,
                                49.420902
                            ],
                            [
                                117.770348,
                                49.420339
                            ],
                            [
                                117.770045,
                                49.419706
                            ],
                            [
                                117.770584,
                                49.419302
                            ],
                            [
                                117.771433,
                                49.416875
                            ],
                            [
                                117.771353,
                                49.415075
                            ],
                            [
                                117.770827,
                                49.412283
                            ],
                            [
                                117.770274,
                                49.411919
                            ],
                            [
                                117.769701,
                                49.411162
                            ],
                            [
                                117.769688,
                                49.410509
                            ],
                            [
                                117.770092,
                                49.408954
                            ],
                            [
                                117.76985,
                                49.406833
                            ],
                            [
                                117.767726,
                                49.404287
                            ],
                            [
                                117.766304,
                                49.403394
                            ],
                            [
                                117.765684,
                                49.402755
                            ],
                            [
                                117.765017,
                                49.401755
                            ],
                            [
                                117.763399,
                                49.400194
                            ],
                            [
                                117.762604,
                                49.399544
                            ],
                            [
                                117.761209,
                                49.398619
                            ],
                            [
                                117.75982,
                                49.39785
                            ],
                            [
                                117.758378,
                                49.397472
                            ],
                            [
                                117.757198,
                                49.396596
                            ],
                            [
                                117.756922,
                                49.394439
                            ],
                            [
                                117.756046,
                                49.392023
                            ],
                            [
                                117.755042,
                                49.390965
                            ],
                            [
                                117.755075,
                                49.389571
                            ],
                            [
                                117.754873,
                                49.388863
                            ],
                            [
                                117.754489,
                                49.388302
                            ],
                            [
                                117.754138,
                                49.386799
                            ],
                            [
                                117.754199,
                                49.385316
                            ],
                            [
                                117.753747,
                                49.384257
                            ],
                            [
                                117.751645,
                                49.382716
                            ],
                            [
                                117.748234,
                                49.38042
                            ],
                            [
                                117.744338,
                                49.378639
                            ],
                            [
                                117.74148,
                                49.377786
                            ],
                            [
                                117.739,
                                49.376916
                            ],
                            [
                                117.735987,
                                49.376175
                            ],
                            [
                                117.734161,
                                49.375337
                            ],
                            [
                                117.730353,
                                49.374579
                            ],
                            [
                                117.730595,
                                49.372491
                            ],
                            [
                                117.73102,
                                49.371658
                            ],
                            [
                                117.732004,
                                49.370895
                            ],
                            [
                                117.741177,
                                49.364919
                            ],
                            [
                                117.743442,
                                49.363366
                            ],
                            [
                                117.744695,
                                49.361984
                            ],
                            [
                                117.745316,
                                49.360369
                            ],
                            [
                                117.747331,
                                49.355695
                            ],
                            [
                                117.748194,
                                49.354731
                            ],
                            [
                                117.750195,
                                49.353059
                            ],
                            [
                                117.752541,
                                49.351306
                            ],
                            [
                                117.753175,
                                49.350224
                            ],
                            [
                                117.754698,
                                49.347903
                            ],
                            [
                                117.758715,
                                49.350423
                            ],
                            [
                                117.762975,
                                49.353924
                            ],
                            [
                                117.773017,
                                49.362579
                            ],
                            [
                                117.777371,
                                49.366215
                            ],
                            [
                                117.783397,
                                49.371534
                            ],
                            [
                                117.787239,
                                49.374542
                            ],
                            [
                                117.790879,
                                49.377714
                            ],
                            [
                                117.80206,
                                49.387076
                            ],
                            [
                                117.808652,
                                49.393029
                            ],
                            [
                                117.813593,
                                49.397307
                            ],
                            [
                                117.816747,
                                49.400278
                            ],
                            [
                                117.824491,
                                49.407174
                            ],
                            [
                                117.828165,
                                49.410581
                            ],
                            [
                                117.84734,
                                49.399599
                            ],
                            [
                                117.854148,
                                49.395867
                            ],
                            [
                                117.854626,
                                49.402088
                            ],
                            [
                                117.855132,
                                49.410104
                            ],
                            [
                                117.855132,
                                49.411075
                            ],
                            [
                                117.856467,
                                49.413049
                            ],
                            [
                                117.857437,
                                49.415566
                            ],
                            [
                                117.85739,
                                49.416427
                            ],
                            [
                                117.857046,
                                49.417874
                            ],
                            [
                                117.856648,
                                49.418891
                            ],
                            [
                                117.855186,
                                49.421772
                            ],
                            [
                                117.853878,
                                49.42254
                            ],
                            [
                                117.851142,
                                49.423081
                            ],
                            [
                                117.84914,
                                49.424176
                            ],
                            [
                                117.846734,
                                49.424915
                            ],
                            [
                                117.840924,
                                49.428564
                            ],
                            [
                                117.837614,
                                49.430794
                            ],
                            [
                                117.835876,
                                49.431701
                            ],
                            [
                                117.832088,
                                49.442416
                            ],
                            [
                                117.837311,
                                49.443366
                            ],
                            [
                                117.883784,
                                49.450744
                            ],
                            [
                                117.885611,
                                49.451067
                            ],
                            [
                                117.886615,
                                49.451639
                            ],
                            [
                                117.888125,
                                49.451948
                            ],
                            [
                                117.888954,
                                49.451725
                            ],
                            [
                                117.889951,
                                49.450758
                            ],
                            [
                                117.892034,
                                49.450342
                            ],
                            [
                                117.892775,
                                49.449606
                            ],
                            [
                                117.893247,
                                49.449736
                            ],
                            [
                                117.897096,
                                49.452031
                            ],
                            [
                                117.897797,
                                49.453175
                            ],
                            [
                                117.897089,
                                49.454087
                            ],
                            [
                                117.894622,
                                49.454769
                            ],
                            [
                                117.892877,
                                49.454766
                            ],
                            [
                                117.890767,
                                49.455222
                            ],
                            [
                                117.887249,
                                49.455444
                            ],
                            [
                                117.884795,
                                49.455666
                            ],
                            [
                                117.877435,
                                49.457257
                            ],
                            [
                                117.874267,
                                49.45931
                            ],
                            [
                                117.871099,
                                49.461824
                            ],
                            [
                                117.866873,
                                49.465473
                            ],
                            [
                                117.861953,
                                49.468665
                            ],
                            [
                                117.86262,
                                49.475754
                            ],
                            [
                                117.86752,
                                49.476905
                            ],
                            [
                                117.871726,
                                49.477598
                            ],
                            [
                                117.874516,
                                49.479202
                            ],
                            [
                                117.874159,
                                49.481029
                            ],
                            [
                                117.873101,
                                49.481715
                            ],
                            [
                                117.867487,
                                49.483305
                            ],
                            [
                                117.864325,
                                49.483761
                            ],
                            [
                                117.862223,
                                49.484442
                            ],
                            [
                                117.860113,
                                49.485588
                            ],
                            [
                                117.858354,
                                49.487411
                            ],
                            [
                                117.85799,
                                49.48924
                            ],
                            [
                                117.859028,
                                49.49107
                            ],
                            [
                                117.861825,
                                49.492674
                            ],
                            [
                                117.862876,
                                49.494044
                            ],
                            [
                                117.863564,
                                49.496334
                            ],
                            [
                                117.862506,
                                49.498847
                            ],
                            [
                                117.859675,
                                49.502726
                            ],
                            [
                                117.857909,
                                49.50433
                            ],
                            [
                                117.856844,
                                49.506614
                            ],
                            [
                                117.859291,
                                49.508901
                            ],
                            [
                                117.862081,
                                49.510958
                            ],
                            [
                                117.857835,
                                49.51825
                            ],
                            [
                                117.859149,
                                49.5244
                            ],
                            [
                                117.854741,
                                49.527909
                            ],
                            [
                                117.84856,
                                49.531005
                            ],
                            [
                                117.841099,
                                49.536865
                            ],
                            [
                                117.839899,
                                49.541684
                            ],
                            [
                                117.84122,
                                49.546027
                            ],
                            [
                                117.839535,
                                49.544862
                            ],
                            [
                                117.839434,
                                49.544462
                            ],
                            [
                                117.839845,
                                49.544021
                            ],
                            [
                                117.839792,
                                49.543664
                            ],
                            [
                                117.839037,
                                49.543266
                            ],
                            [
                                117.836785,
                                49.542736
                            ],
                            [
                                117.834662,
                                49.542165
                            ],
                            [
                                117.833463,
                                49.541413
                            ],
                            [
                                117.832667,
                                49.54075
                            ],
                            [
                                117.830949,
                                49.540531
                            ],
                            [
                                117.827754,
                                49.540003
                            ],
                            [
                                117.826163,
                                49.53943
                            ],
                            [
                                117.825765,
                                49.538361
                            ],
                            [
                                117.825408,
                                49.53792
                            ],
                            [
                                117.823649,
                                49.537303
                            ],
                            [
                                117.822753,
                                49.536193
                            ],
                            [
                                117.821384,
                                49.534158
                            ],
                            [
                                117.817044,
                                49.53391
                            ],
                            [
                                117.815938,
                                49.533737
                            ],
                            [
                                117.815271,
                                49.533291
                            ],
                            [
                                117.814954,
                                49.532714
                            ],
                            [
                                117.814934,
                                49.530984
                            ],
                            [
                                117.815365,
                                49.530036
                            ],
                            [
                                117.815804,
                                49.529728
                            ],
                            [
                                117.816471,
                                49.52995
                            ],
                            [
                                117.817313,
                                49.53048
                            ],
                            [
                                117.818109,
                                49.530788
                            ],
                            [
                                117.81856,
                                49.530699
                            ],
                            [
                                117.818857,
                                49.530079
                            ],
                            [
                                117.818857,
                                49.529503
                            ],
                            [
                                117.818506,
                                49.529013
                            ],
                            [
                                117.817489,
                                49.528436
                            ],
                            [
                                117.815716,
                                49.527776
                            ],
                            [
                                117.815062,
                                49.527378
                            ],
                            [
                                117.814523,
                                49.526758
                            ],
                            [
                                117.814395,
                                49.525648
                            ],
                            [
                                117.814482,
                                49.524582
                            ],
                            [
                                117.81488,
                                49.524094
                            ],
                            [
                                117.8155,
                                49.523872
                            ],
                            [
                                117.817846,
                                49.524089
                            ],
                            [
                                117.818371,
                                49.52391
                            ],
                            [
                                117.818371,
                                49.523469
                            ],
                            [
                                117.817448,
                                49.522316
                            ],
                            [
                                117.817003,
                                49.52107
                            ],
                            [
                                117.815857,
                                49.520672
                            ],
                            [
                                117.813808,
                                49.520545
                            ],
                            [
                                117.812487,
                                49.520548
                            ],
                            [
                                117.811254,
                                49.52094
                            ],
                            [
                                117.810903,
                                49.520822
                            ],
                            [
                                117.809535,
                                49.521214
                            ],
                            [
                                117.686872,
                                49.561269
                            ],
                            [
                                117.638317,
                                49.574945
                            ],
                            [
                                117.624964,
                                49.579979
                            ],
                            [
                                117.573719,
                                49.59967
                            ],
                            [
                                117.52294,
                                49.618763
                            ],
                            [
                                117.485121,
                                49.633027
                            ],
                            [
                                117.47706,
                                49.63282
                            ],
                            [
                                117.464099,
                                49.633533
                            ],
                            [
                                117.401564,
                                49.634008
                            ],
                            [
                                117.340195,
                                49.635222
                            ],
                            [
                                117.326796,
                                49.635179
                            ],
                            [
                                117.278112,
                                49.636393
                            ]
                        ]
                    ]
                ]
            }
        }
    ]
}