{
    "type": "FeatureCollection",
    "features": [
        {
            "type": "Feature",
            "properties": {
                "adcode": 150825,
                "name": "乌拉特后旗",
                "center": [
                    107.074941,
                    41.084307
                ],
                "centroid": [
                    106.417226,
                    41.527753
                ],
                "childrenNum": 0,
                "level": "district",
                "acroutes": [
                    100000,
                    150000,
                    150800
                ],
                "parent": {
                    "adcode": 150800
                }
            },
            "geometry": {
                "type": "MultiPolygon",
                "coordinates": [
                    [
                        [
                            [
                                107.36812,
                                41.214804
                            ],
                            [
                                107.378297,
                                41.220749
                            ],
                            [
                                107.374168,
                                41.22347
                            ],
                            [
                                107.378734,
                                41.227098
                            ],
                            [
                                107.377981,
                                41.230389
                            ],
                            [
                                107.396197,
                                41.247432
                            ],
                            [
                                107.408753,
                                41.26734
                            ],
                            [
                                107.411862,
                                41.269152
                            ],
                            [
                                107.427284,
                                41.268531
                            ],
                            [
                                107.444553,
                                41.270931
                            ],
                            [
                                107.45881,
                                41.274405
                            ],
                            [
                                107.465173,
                                41.277241
                            ],
                            [
                                107.474864,
                                41.287342
                            ],
                            [
                                107.472289,
                                41.292426
                            ],
                            [
                                107.454681,
                                41.299354
                            ],
                            [
                                107.448803,
                                41.305812
                            ],
                            [
                                107.454729,
                                41.31284
                            ],
                            [
                                107.471245,
                                41.321544
                            ],
                            [
                                107.476685,
                                41.323322
                            ],
                            [
                                107.475665,
                                41.327815
                            ],
                            [
                                107.472046,
                                41.330767
                            ],
                            [
                                107.483291,
                                41.335595
                            ],
                            [
                                107.50413,
                                41.345721
                            ],
                            [
                                107.504713,
                                41.368599
                            ],
                            [
                                107.510663,
                                41.377513
                            ],
                            [
                                107.537962,
                                41.426838
                            ],
                            [
                                107.545054,
                                41.456849
                            ],
                            [
                                107.521884,
                                41.465986
                            ],
                            [
                                107.505344,
                                41.502953
                            ],
                            [
                                107.477559,
                                41.513103
                            ],
                            [
                                107.482611,
                                41.515344
                            ],
                            [
                                107.480911,
                                41.519423
                            ],
                            [
                                107.480085,
                                41.532629
                            ],
                            [
                                107.481688,
                                41.53624
                            ],
                            [
                                107.4796,
                                41.538613
                            ],
                            [
                                107.482587,
                                41.54737
                            ],
                            [
                                107.480765,
                                41.549141
                            ],
                            [
                                107.487906,
                                41.566769
                            ],
                            [
                                107.481251,
                                41.570695
                            ],
                            [
                                107.48062,
                                41.580015
                            ],
                            [
                                107.473309,
                                41.586396
                            ],
                            [
                                107.476904,
                                41.588082
                            ],
                            [
                                107.474062,
                                41.591556
                            ],
                            [
                                107.474329,
                                41.59695
                            ],
                            [
                                107.466193,
                                41.599137
                            ],
                            [
                                107.463618,
                                41.601792
                            ],
                            [
                                107.459344,
                                41.601224
                            ],
                            [
                                107.442707,
                                41.601809
                            ],
                            [
                                107.436368,
                                41.601158
                            ],
                            [
                                107.433065,
                                41.606434
                            ],
                            [
                                107.425851,
                                41.613612
                            ],
                            [
                                107.42199,
                                41.615399
                            ],
                            [
                                107.42505,
                                41.61862
                            ],
                            [
                                107.430903,
                                41.65802
                            ],
                            [
                                107.44278,
                                41.66918
                            ],
                            [
                                107.487177,
                                41.714065
                            ],
                            [
                                107.48929,
                                41.744094
                            ],
                            [
                                107.505903,
                                41.745327
                            ],
                            [
                                107.540634,
                                41.748809
                            ],
                            [
                                107.559432,
                                41.764666
                            ],
                            [
                                107.595839,
                                41.769712
                            ],
                            [
                                107.630327,
                                41.798966
                            ],
                            [
                                107.629137,
                                41.803826
                            ],
                            [
                                107.607813,
                                41.876822
                            ],
                            [
                                107.571115,
                                41.91897
                            ],
                            [
                                107.559627,
                                41.935882
                            ],
                            [
                                107.528855,
                                41.942642
                            ],
                            [
                                107.519722,
                                41.96926
                            ],
                            [
                                107.511926,
                                41.968463
                            ],
                            [
                                107.507822,
                                41.972331
                            ],
                            [
                                107.504446,
                                41.972381
                            ],
                            [
                                107.502211,
                                41.976448
                            ],
                            [
                                107.496334,
                                41.979253
                            ],
                            [
                                107.491039,
                                41.984947
                            ],
                            [
                                107.49099,
                                41.988415
                            ],
                            [
                                107.48606,
                                41.994174
                            ],
                            [
                                107.475786,
                                42.003102
                            ],
                            [
                                107.452009,
                                42.026543
                            ],
                            [
                                107.442416,
                                42.037655
                            ],
                            [
                                107.437339,
                                42.045963
                            ],
                            [
                                107.430442,
                                42.054287
                            ],
                            [
                                107.423787,
                                42.059625
                            ],
                            [
                                107.419585,
                                42.065858
                            ],
                            [
                                107.402171,
                                42.088945
                            ],
                            [
                                107.400131,
                                42.095838
                            ],
                            [
                                107.3867,
                                42.119096
                            ],
                            [
                                107.38313,
                                42.126681
                            ],
                            [
                                107.369626,
                                42.147875
                            ],
                            [
                                107.361781,
                                42.157774
                            ],
                            [
                                107.356389,
                                42.16744
                            ],
                            [
                                107.349443,
                                42.176657
                            ],
                            [
                                107.3407,
                                42.19001
                            ],
                            [
                                107.32943,
                                42.199026
                            ],
                            [
                                107.321464,
                                42.20412
                            ],
                            [
                                107.312041,
                                42.213366
                            ],
                            [
                                107.30847,
                                42.222312
                            ],
                            [
                                107.307985,
                                42.229868
                            ],
                            [
                                107.309345,
                                42.237192
                            ],
                            [
                                107.314834,
                                42.242135
                            ],
                            [
                                107.313255,
                                42.251226
                            ],
                            [
                                107.300504,
                                42.272031
                            ],
                            [
                                107.296132,
                                42.276112
                            ],
                            [
                                107.293582,
                                42.281812
                            ],
                            [
                                107.293558,
                                42.291558
                            ],
                            [
                                107.283527,
                                42.299733
                            ],
                            [
                                107.278548,
                                42.307594
                            ],
                            [
                                107.280273,
                                42.316312
                            ],
                            [
                                107.275245,
                                42.327143
                            ],
                            [
                                107.270388,
                                42.334043
                            ],
                            [
                                107.270169,
                                42.338994
                            ],
                            [
                                107.266963,
                                42.348616
                            ],
                            [
                                107.2708,
                                42.352411
                            ],
                            [
                                107.271772,
                                42.364093
                            ],
                            [
                                107.051291,
                                42.319235
                            ],
                            [
                                107.0288,
                                42.316164
                            ],
                            [
                                106.999048,
                                42.313258
                            ],
                            [
                                106.785902,
                                42.291459
                            ],
                            [
                                106.613024,
                                42.241755
                            ],
                            [
                                106.582907,
                                42.231356
                            ],
                            [
                                106.517671,
                                42.209727
                            ],
                            [
                                106.372481,
                                42.161266
                            ],
                            [
                                106.344866,
                                42.149563
                            ],
                            [
                                106.083047,
                                42.056674
                            ],
                            [
                                106.062039,
                                42.049744
                            ],
                            [
                                106.013221,
                                42.032083
                            ],
                            [
                                105.907789,
                                41.999866
                            ],
                            [
                                105.887606,
                                41.992963
                            ],
                            [
                                105.74176,
                                41.949252
                            ],
                            [
                                105.719319,
                                41.9403
                            ],
                            [
                                105.676184,
                                41.924868
                            ],
                            [
                                105.589502,
                                41.888425
                            ],
                            [
                                105.484605,
                                41.840634
                            ],
                            [
                                105.434135,
                                41.818189
                            ],
                            [
                                105.385172,
                                41.797235
                            ],
                            [
                                105.365402,
                                41.78315
                            ],
                            [
                                105.340167,
                                41.773093
                            ],
                            [
                                105.32166,
                                41.763184
                            ],
                            [
                                105.291592,
                                41.749942
                            ],
                            [
                                105.23391,
                                41.751074
                            ],
                            [
                                105.232744,
                                41.737163
                            ],
                            [
                                105.226259,
                                41.679737
                            ],
                            [
                                105.223806,
                                41.668946
                            ],
                            [
                                105.219264,
                                41.644155
                            ],
                            [
                                105.209938,
                                41.588166
                            ],
                            [
                                105.201607,
                                41.542774
                            ],
                            [
                                105.207096,
                                41.502017
                            ],
                            [
                                105.212901,
                                41.462355
                            ],
                            [
                                105.22281,
                                41.396711
                            ],
                            [
                                105.219847,
                                41.381735
                            ],
                            [
                                105.234347,
                                41.347263
                            ],
                            [
                                105.241414,
                                41.331907
                            ],
                            [
                                105.254408,
                                41.308848
                            ],
                            [
                                105.256448,
                                41.306584
                            ],
                            [
                                105.272624,
                                41.276721
                            ],
                            [
                                105.317216,
                                41.201298
                            ],
                            [
                                105.326469,
                                41.161805
                            ],
                            [
                                105.334144,
                                41.131607
                            ],
                            [
                                105.317871,
                                41.113323
                            ],
                            [
                                105.379149,
                                41.059569
                            ],
                            [
                                105.391171,
                                41.038553
                            ],
                            [
                                105.393235,
                                41.025179
                            ],
                            [
                                105.394328,
                                41.00914
                            ],
                            [
                                105.396903,
                                40.99748
                            ],
                            [
                                105.398603,
                                40.983962
                            ],
                            [
                                105.451477,
                                40.957342
                            ],
                            [
                                105.504642,
                                40.926948
                            ],
                            [
                                105.558706,
                                40.890379
                            ],
                            [
                                105.636765,
                                40.8545
                            ],
                            [
                                105.664526,
                                40.834737
                            ],
                            [
                                105.675504,
                                40.824887
                            ],
                            [
                                105.687332,
                                40.823822
                            ],
                            [
                                105.698261,
                                40.819311
                            ],
                            [
                                105.704406,
                                40.810168
                            ],
                            [
                                105.731341,
                                40.800788
                            ],
                            [
                                105.781154,
                                40.785506
                            ],
                            [
                                105.835583,
                                40.781956
                            ],
                            [
                                105.857465,
                                40.767279
                            ],
                            [
                                105.94439,
                                40.739555
                            ],
                            [
                                105.979971,
                                40.734953
                            ],
                            [
                                105.998236,
                                40.734057
                            ],
                            [
                                106.023009,
                                40.733481
                            ],
                            [
                                106.035881,
                                40.731028
                            ],
                            [
                                106.052518,
                                40.725326
                            ],
                            [
                                106.08023,
                                40.721806
                            ],
                            [
                                106.115301,
                                40.717964
                            ],
                            [
                                106.135702,
                                40.71111
                            ],
                            [
                                106.155618,
                                40.692658
                            ],
                            [
                                106.168806,
                                40.703425
                            ],
                            [
                                106.185297,
                                40.713327
                            ],
                            [
                                106.192389,
                                40.722804
                            ],
                            [
                                106.201959,
                                40.739149
                            ],
                            [
                                106.207715,
                                40.754357
                            ],
                            [
                                106.212232,
                                40.761579
                            ],
                            [
                                106.216968,
                                40.774093
                            ],
                            [
                                106.222287,
                                40.775176
                            ],
                            [
                                106.234261,
                                40.774381
                            ],
                            [
                                106.238365,
                                40.777577
                            ],
                            [
                                106.234552,
                                40.786538
                            ],
                            [
                                106.237807,
                                40.79499
                            ],
                            [
                                106.242324,
                                40.797238
                            ],
                            [
                                106.250509,
                                40.805554
                            ],
                            [
                                106.252574,
                                40.816134
                            ],
                            [
                                106.260127,
                                40.826306
                            ],
                            [
                                106.239556,
                                40.838842
                            ],
                            [
                                106.235572,
                                40.842677
                            ],
                            [
                                106.238827,
                                40.844011
                            ],
                            [
                                106.250582,
                                40.837457
                            ],
                            [
                                106.24791,
                                40.842947
                            ],
                            [
                                106.249781,
                                40.845396
                            ],
                            [
                                106.265883,
                                40.849197
                            ],
                            [
                                106.276011,
                                40.83548
                            ],
                            [
                                106.282884,
                                40.840599
                            ],
                            [
                                106.284536,
                                40.844822
                            ],
                            [
                                106.288713,
                                40.847356
                            ],
                            [
                                106.286722,
                                40.853233
                            ],
                            [
                                106.277128,
                                40.854534
                            ],
                            [
                                106.266296,
                                40.879423
                            ],
                            [
                                106.279678,
                                40.883154
                            ],
                            [
                                106.294955,
                                40.906413
                            ],
                            [
                                106.313657,
                                40.903578
                            ],
                            [
                                106.31985,
                                40.908843
                            ],
                            [
                                106.331362,
                                40.920874
                            ],
                            [
                                106.325825,
                                40.926324
                            ],
                            [
                                106.328763,
                                40.927926
                            ],
                            [
                                106.333961,
                                40.936597
                            ],
                            [
                                106.335855,
                                40.93351
                            ],
                            [
                                106.347878,
                                40.932852
                            ],
                            [
                                106.354047,
                                40.935096
                            ],
                            [
                                106.354727,
                                40.938554
                            ],
                            [
                                106.358321,
                                40.939869
                            ],
                            [
                                106.354289,
                                40.943917
                            ],
                            [
                                106.349311,
                                40.944693
                            ],
                            [
                                106.351351,
                                40.947847
                            ],
                            [
                                106.359414,
                                40.949483
                            ],
                            [
                                106.375662,
                                40.947797
                            ],
                            [
                                106.381394,
                                40.945722
                            ],
                            [
                                106.39638,
                                40.945452
                            ],
                            [
                                106.402476,
                                40.946397
                            ],
                            [
                                106.409398,
                                40.945031
                            ],
                            [
                                106.420036,
                                40.949837
                            ],
                            [
                                106.423242,
                                40.954981
                            ],
                            [
                                106.442234,
                                40.954492
                            ],
                            [
                                106.446849,
                                40.937592
                            ],
                            [
                                106.449132,
                                40.919879
                            ],
                            [
                                106.460717,
                                40.910227
                            ],
                            [
                                106.436162,
                                40.906177
                            ],
                            [
                                106.431402,
                                40.899764
                            ],
                            [
                                106.434365,
                                40.893316
                            ],
                            [
                                106.434219,
                                40.88832
                            ],
                            [
                                106.440291,
                                40.884539
                            ],
                            [
                                106.441093,
                                40.881551
                            ],
                            [
                                106.446582,
                                40.883779
                            ],
                            [
                                106.463073,
                                40.883931
                            ],
                            [
                                106.48022,
                                40.879255
                            ],
                            [
                                106.481167,
                                40.876199
                            ],
                            [
                                106.490469,
                                40.869833
                            ],
                            [
                                106.493554,
                                40.865578
                            ],
                            [
                                106.487288,
                                40.859296
                            ],
                            [
                                106.488648,
                                40.851071
                            ],
                            [
                                106.500087,
                                40.843825
                            ],
                            [
                                106.492534,
                                40.839585
                            ],
                            [
                                106.492096,
                                40.829179
                            ],
                            [
                                106.503512,
                                40.824701
                            ],
                            [
                                106.509122,
                                40.813498
                            ],
                            [
                                106.500233,
                                40.799098
                            ],
                            [
                                106.501811,
                                40.79024
                            ],
                            [
                                106.508758,
                                40.778101
                            ],
                            [
                                106.515121,
                                40.775226
                            ],
                            [
                                106.523233,
                                40.767076
                            ],
                            [
                                106.5431,
                                40.76393
                            ],
                            [
                                106.551746,
                                40.756624
                            ],
                            [
                                106.594201,
                                40.762729
                            ],
                            [
                                106.597067,
                                40.769105
                            ],
                            [
                                106.598305,
                                40.777137
                            ],
                            [
                                106.594662,
                                40.784188
                            ],
                            [
                                106.595294,
                                40.788921
                            ],
                            [
                                106.593569,
                                40.796207
                            ],
                            [
                                106.593545,
                                40.804253
                            ],
                            [
                                106.600443,
                                40.823755
                            ],
                            [
                                106.608652,
                                40.835717
                            ],
                            [
                                106.612659,
                                40.839687
                            ],
                            [
                                106.621403,
                                40.84369
                            ],
                            [
                                106.628932,
                                40.845531
                            ],
                            [
                                106.639157,
                                40.845041
                            ],
                            [
                                106.685424,
                                40.849855
                            ],
                            [
                                106.697495,
                                40.850717
                            ],
                            [
                                106.708352,
                                40.858874
                            ],
                            [
                                106.72188,
                                40.866608
                            ],
                            [
                                106.763071,
                                40.887375
                            ],
                            [
                                106.772374,
                                40.881432
                            ],
                            [
                                106.787189,
                                40.891493
                            ],
                            [
                                106.801591,
                                40.904641
                            ],
                            [
                                106.841957,
                                40.916926
                            ],
                            [
                                106.867532,
                                40.919794
                            ],
                            [
                                106.879505,
                                40.92489
                            ],
                            [
                                106.883974,
                                40.928939
                            ],
                            [
                                106.88922,
                                40.941337
                            ],
                            [
                                106.896701,
                                40.953935
                            ],
                            [
                                106.883391,
                                40.953497
                            ],
                            [
                                106.879044,
                                40.9624
                            ],
                            [
                                106.877902,
                                40.967711
                            ],
                            [
                                106.88038,
                                40.969734
                            ],
                            [
                                106.892839,
                                40.972162
                            ],
                            [
                                106.899494,
                                40.972348
                            ],
                            [
                                106.911371,
                                40.97845
                            ],
                            [
                                106.929125,
                                40.992103
                            ],
                            [
                                106.937965,
                                41.004321
                            ],
                            [
                                106.940831,
                                41.013066
                            ],
                            [
                                106.977602,
                                41.01711
                            ],
                            [
                                106.991009,
                                41.0209
                            ],
                            [
                                107.001088,
                                41.022753
                            ],
                            [
                                107.012528,
                                41.02651
                            ],
                            [
                                107.018794,
                                41.030098
                            ],
                            [
                                107.024404,
                                41.030788
                            ],
                            [
                                107.034678,
                                41.029525
                            ],
                            [
                                107.042984,
                                41.029727
                            ],
                            [
                                107.04075,
                                41.022838
                            ],
                            [
                                107.057775,
                                41.026948
                            ],
                            [
                                107.100983,
                                41.038317
                            ],
                            [
                                107.129302,
                                41.051335
                            ],
                            [
                                107.136029,
                                41.069384
                            ],
                            [
                                107.145987,
                                41.081133
                            ],
                            [
                                107.164033,
                                41.089884
                            ],
                            [
                                107.154658,
                                41.101075
                            ],
                            [
                                107.151331,
                                41.107653
                            ],
                            [
                                107.150529,
                                41.114635
                            ],
                            [
                                107.131803,
                                41.125266
                            ],
                            [
                                107.135592,
                                41.134079
                            ],
                            [
                                107.142514,
                                41.142285
                            ],
                            [
                                107.159685,
                                41.151079
                            ],
                            [
                                107.16634,
                                41.153399
                            ],
                            [
                                107.180913,
                                41.153013
                            ],
                            [
                                107.195242,
                                41.146001
                            ],
                            [
                                107.203743,
                                41.145127
                            ],
                            [
                                107.205176,
                                41.151768
                            ],
                            [
                                107.209353,
                                41.158191
                            ],
                            [
                                107.22242,
                                41.158729
                            ],
                            [
                                107.220161,
                                41.172664
                            ],
                            [
                                107.222493,
                                41.179538
                            ],
                            [
                                107.226112,
                                41.184361
                            ],
                            [
                                107.235171,
                                41.188528
                            ],
                            [
                                107.254285,
                                41.192074
                            ],
                            [
                                107.260308,
                                41.198525
                            ],
                            [
                                107.281803,
                                41.213762
                            ],
                            [
                                107.297614,
                                41.215929
                            ],
                            [
                                107.309199,
                                41.216483
                            ],
                            [
                                107.312478,
                                41.214736
                            ],
                            [
                                107.316704,
                                41.208336
                            ],
                            [
                                107.322363,
                                41.206069
                            ],
                            [
                                107.330232,
                                41.20543
                            ],
                            [
                                107.335964,
                                41.20832
                            ],
                            [
                                107.345484,
                                41.219624
                            ],
                            [
                                107.348715,
                                41.220951
                            ],
                            [
                                107.358138,
                                41.216987
                            ],
                            [
                                107.36812,
                                41.214804
                            ]
                        ]
                    ]
                ]
            }
        }
    ]
}