{
    "type": "FeatureCollection",
    "features": [
        {
            "type": "Feature",
            "properties": {
                "adcode": 150924,
                "name": "兴和县",
                "center": [
                    113.834009,
                    40.872437
                ],
                "centroid": [
                    113.768588,
                    40.94481
                ],
                "childrenNum": 0,
                "level": "district",
                "acroutes": [
                    100000,
                    150000,
                    150900
                ],
                "parent": {
                    "adcode": 150900
                }
            },
            "geometry": {
                "type": "MultiPolygon",
                "coordinates": [
                    [
                        [
                            [
                                113.901141,
                                41.313674
                            ],
                            [
                                113.894338,
                                41.3146
                            ],
                            [
                                113.886362,
                                41.311781
                            ],
                            [
                                113.884164,
                                41.309533
                            ],
                            [
                                113.875807,
                                41.302632
                            ],
                            [
                                113.872437,
                                41.297998
                            ],
                            [
                                113.870278,
                                41.297959
                            ],
                            [
                                113.866612,
                                41.299842
                            ],
                            [
                                113.862791,
                                41.297712
                            ],
                            [
                                113.857518,
                                41.296983
                            ],
                            [
                                113.853254,
                                41.297495
                            ],
                            [
                                113.848788,
                                41.298767
                            ],
                            [
                                113.845612,
                                41.300779
                            ],
                            [
                                113.841814,
                                41.305472
                            ],
                            [
                                113.838521,
                                41.307394
                            ],
                            [
                                113.837628,
                                41.30905
                            ],
                            [
                                113.834359,
                                41.309741
                            ],
                            [
                                113.833442,
                                41.311377
                            ],
                            [
                                113.834755,
                                41.312885
                            ],
                            [
                                113.835803,
                                41.317952
                            ],
                            [
                                113.832992,
                                41.319785
                            ],
                            [
                                113.827781,
                                41.317006
                            ],
                            [
                                113.821878,
                                41.320308
                            ],
                            [
                                113.82097,
                                41.32218
                            ],
                            [
                                113.818174,
                                41.324566
                            ],
                            [
                                113.810842,
                                41.326113
                            ],
                            [
                                113.794766,
                                41.331524
                            ],
                            [
                                113.774659,
                                41.334096
                            ],
                            [
                                113.754172,
                                41.337249
                            ],
                            [
                                113.735626,
                                41.350019
                            ],
                            [
                                113.730189,
                                41.350442
                            ],
                            [
                                113.689028,
                                41.342787
                            ],
                            [
                                113.677324,
                                41.331415
                            ],
                            [
                                113.664984,
                                41.30422
                            ],
                            [
                                113.659283,
                                41.302228
                            ],
                            [
                                113.656837,
                                41.310736
                            ],
                            [
                                113.652977,
                                41.319273
                            ],
                            [
                                113.650523,
                                41.327779
                            ],
                            [
                                113.643735,
                                41.333209
                            ],
                            [
                                113.635378,
                                41.334441
                            ],
                            [
                                113.631418,
                                41.338678
                            ],
                            [
                                113.626455,
                                41.339437
                            ],
                            [
                                113.622525,
                                41.348354
                            ],
                            [
                                113.62675,
                                41.357309
                            ],
                            [
                                113.622145,
                                41.359259
                            ],
                            [
                                113.622867,
                                41.366154
                            ],
                            [
                                113.619481,
                                41.366795
                            ],
                            [
                                113.630758,
                                41.372537
                            ],
                            [
                                113.633639,
                                41.371109
                            ],
                            [
                                113.635091,
                                41.376151
                            ],
                            [
                                113.636008,
                                41.377254
                            ],
                            [
                                113.63965,
                                41.389543
                            ],
                            [
                                113.650981,
                                41.386412
                            ],
                            [
                                113.668789,
                                41.396041
                            ],
                            [
                                113.684795,
                                41.409429
                            ],
                            [
                                113.683918,
                                41.422126
                            ],
                            [
                                113.655221,
                                41.431809
                            ],
                            [
                                113.643914,
                                41.435961
                            ],
                            [
                                113.62936,
                                41.444098
                            ],
                            [
                                113.611272,
                                41.447285
                            ],
                            [
                                113.585053,
                                41.447639
                            ],
                            [
                                113.569839,
                                41.444826
                            ],
                            [
                                113.567012,
                                41.43667
                            ],
                            [
                                113.569839,
                                41.420345
                            ],
                            [
                                113.569481,
                                41.396573
                            ],
                            [
                                113.562049,
                                41.389849
                            ],
                            [
                                113.549328,
                                41.392005
                            ],
                            [
                                113.532382,
                                41.405522
                            ],
                            [
                                113.519311,
                                41.420817
                            ],
                            [
                                113.513316,
                                41.420837
                            ],
                            [
                                113.502342,
                                41.411703
                            ],
                            [
                                113.495189,
                                41.405423
                            ],
                            [
                                113.489326,
                                41.401643
                            ],
                            [
                                113.488961,
                                41.399359
                            ],
                            [
                                113.483664,
                                41.394417
                            ],
                            [
                                113.476635,
                                41.392487
                            ],
                            [
                                113.469638,
                                41.391463
                            ],
                            [
                                113.463479,
                                41.388145
                            ],
                            [
                                113.459154,
                                41.38524
                            ],
                            [
                                113.448304,
                                41.377175
                            ],
                            [
                                113.437843,
                                41.371857
                            ],
                            [
                                113.433191,
                                41.368272
                            ],
                            [
                                113.427529,
                                41.361032
                            ],
                            [
                                113.421603,
                                41.355408
                            ],
                            [
                                113.415693,
                                41.347585
                            ],
                            [
                                113.407042,
                                41.343545
                            ],
                            [
                                113.394336,
                                41.334303
                            ],
                            [
                                113.392853,
                                41.326527
                            ],
                            [
                                113.392736,
                                41.321944
                            ],
                            [
                                113.388977,
                                41.31811
                            ],
                            [
                                113.383417,
                                41.314748
                            ],
                            [
                                113.372132,
                                41.302534
                            ],
                            [
                                113.363768,
                                41.285031
                            ],
                            [
                                113.358122,
                                41.27869
                            ],
                            [
                                113.361826,
                                41.26926
                            ],
                            [
                                113.369406,
                                41.2678
                            ],
                            [
                                113.377382,
                                41.270444
                            ],
                            [
                                113.383269,
                                41.274488
                            ],
                            [
                                113.388185,
                                41.276027
                            ],
                            [
                                113.397792,
                                41.271775
                            ],
                            [
                                113.405752,
                                41.262512
                            ],
                            [
                                113.41334,
                                41.250515
                            ],
                            [
                                113.416851,
                                41.24566
                            ],
                            [
                                113.42033,
                                41.239887
                            ],
                            [
                                113.422862,
                                41.232752
                            ],
                            [
                                113.421153,
                                41.225457
                            ],
                            [
                                113.414707,
                                41.210906
                            ],
                            [
                                113.414591,
                                41.206571
                            ],
                            [
                                113.416633,
                                41.20356
                            ],
                            [
                                113.421736,
                                41.201654
                            ],
                            [
                                113.440002,
                                41.204814
                            ],
                            [
                                113.446681,
                                41.205387
                            ],
                            [
                                113.454222,
                                41.204804
                            ],
                            [
                                113.466889,
                                41.20276
                            ],
                            [
                                113.476208,
                                41.201002
                            ],
                            [
                                113.481901,
                                41.199067
                            ],
                            [
                                113.495554,
                                41.196322
                            ],
                            [
                                113.504866,
                                41.196559
                            ],
                            [
                                113.514178,
                                41.19726
                            ],
                            [
                                113.523264,
                                41.201012
                            ],
                            [
                                113.530068,
                                41.202118
                            ],
                            [
                                113.533819,
                                41.200361
                            ],
                            [
                                113.540094,
                                41.199176
                            ],
                            [
                                113.547177,
                                41.201802
                            ],
                            [
                                113.556263,
                                41.204616
                            ],
                            [
                                113.560278,
                                41.203817
                            ],
                            [
                                113.570942,
                                41.188273
                            ],
                            [
                                113.57192,
                                41.185399
                            ],
                            [
                                113.571361,
                                41.179482
                            ],
                            [
                                113.573598,
                                41.176983
                            ],
                            [
                                113.576114,
                                41.176775
                            ],
                            [
                                113.582684,
                                41.17884
                            ],
                            [
                                113.593037,
                                41.18127
                            ],
                            [
                                113.601106,
                                41.180272
                            ],
                            [
                                113.605346,
                                41.176815
                            ],
                            [
                                113.610557,
                                41.168951
                            ],
                            [
                                113.607218,
                                41.163428
                            ],
                            [
                                113.592493,
                                41.153953
                            ],
                            [
                                113.58284,
                                41.146738
                            ],
                            [
                                113.577457,
                                41.138357
                            ],
                            [
                                113.581162,
                                41.131082
                            ],
                            [
                                113.589705,
                                41.12951
                            ],
                            [
                                113.597013,
                                41.130242
                            ],
                            [
                                113.616436,
                                41.130321
                            ],
                            [
                                113.621958,
                                41.128206
                            ],
                            [
                                113.627698,
                                41.122076
                            ],
                            [
                                113.634726,
                                41.119367
                            ],
                            [
                                113.650864,
                                41.117587
                            ],
                            [
                                113.660899,
                                41.111813
                            ],
                            [
                                113.6659,
                                41.107403
                            ],
                            [
                                113.669356,
                                41.101272
                            ],
                            [
                                113.666762,
                                41.095555
                            ],
                            [
                                113.662436,
                                41.092321
                            ],
                            [
                                113.656347,
                                41.090244
                            ],
                            [
                                113.644721,
                                41.089512
                            ],
                            [
                                113.637188,
                                41.092222
                            ],
                            [
                                113.62616,
                                41.097998
                            ],
                            [
                                113.621865,
                                41.097632
                            ],
                            [
                                113.618293,
                                41.094596
                            ],
                            [
                                113.61465,
                                41.084101
                            ],
                            [
                                113.615085,
                                41.077601
                            ],
                            [
                                113.620793,
                                41.066243
                            ],
                            [
                                113.628187,
                                41.060177
                            ],
                            [
                                113.631658,
                                41.054407
                            ],
                            [
                                113.634198,
                                41.048647
                            ],
                            [
                                113.635759,
                                41.039927
                            ],
                            [
                                113.635503,
                                41.030997
                            ],
                            [
                                113.632528,
                                41.022809
                            ],
                            [
                                113.622005,
                                41.015185
                            ],
                            [
                                113.611272,
                                41.01055
                            ],
                            [
                                113.594458,
                                41.004182
                            ],
                            [
                                113.586746,
                                40.999051
                            ],
                            [
                                113.576906,
                                40.982508
                            ],
                            [
                                113.56761,
                                40.97036
                            ],
                            [
                                113.567159,
                                40.962343
                            ],
                            [
                                113.568285,
                                40.95375
                            ],
                            [
                                113.567385,
                                40.943837
                            ],
                            [
                                113.562492,
                                40.934895
                            ],
                            [
                                113.561645,
                                40.928767
                            ],
                            [
                                113.566336,
                                40.923224
                            ],
                            [
                                113.577061,
                                40.919694
                            ],
                            [
                                113.582265,
                                40.914319
                            ],
                            [
                                113.588431,
                                40.907217
                            ],
                            [
                                113.590132,
                                40.903765
                            ],
                            [
                                113.588587,
                                40.90073
                            ],
                            [
                                113.578483,
                                40.896792
                            ],
                            [
                                113.56914,
                                40.892288
                            ],
                            [
                                113.557343,
                                40.891047
                            ],
                            [
                                113.556046,
                                40.888577
                            ],
                            [
                                113.558492,
                                40.883785
                            ],
                            [
                                113.555611,
                                40.875598
                            ],
                            [
                                113.555339,
                                40.873693
                            ],
                            [
                                113.558974,
                                40.865465
                            ],
                            [
                                113.559416,
                                40.861247
                            ],
                            [
                                113.558632,
                                40.858974
                            ],
                            [
                                113.55332,
                                40.855202
                            ],
                            [
                                113.546501,
                                40.85144
                            ],
                            [
                                113.540971,
                                40.849583
                            ],
                            [
                                113.534254,
                                40.851737
                            ],
                            [
                                113.528483,
                                40.851787
                            ],
                            [
                                113.52446,
                                40.849345
                            ],
                            [
                                113.522915,
                                40.846684
                            ],
                            [
                                113.517346,
                                40.84178
                            ],
                            [
                                113.512516,
                                40.8361
                            ],
                            [
                                113.511227,
                                40.833052
                            ],
                            [
                                113.514178,
                                40.829219
                            ],
                            [
                                113.51963,
                                40.826111
                            ],
                            [
                                113.530541,
                                40.819149
                            ],
                            [
                                113.534984,
                                40.814709
                            ],
                            [
                                113.535931,
                                40.811461
                            ],
                            [
                                113.536824,
                                40.803623
                            ],
                            [
                                113.538983,
                                40.797493
                            ],
                            [
                                113.537453,
                                40.794463
                            ],
                            [
                                113.533935,
                                40.793151
                            ],
                            [
                                113.525913,
                                40.791889
                            ],
                            [
                                113.514675,
                                40.792376
                            ],
                            [
                                113.511397,
                                40.790687
                            ],
                            [
                                113.510326,
                                40.784785
                            ],
                            [
                                113.508035,
                                40.782131
                            ],
                            [
                                113.503484,
                                40.778544
                            ],
                            [
                                113.503693,
                                40.774916
                            ],
                            [
                                113.506388,
                                40.771845
                            ],
                            [
                                113.508081,
                                40.766856
                            ],
                            [
                                113.508042,
                                40.763993
                            ],
                            [
                                113.504975,
                                40.759649
                            ],
                            [
                                113.49922,
                                40.756915
                            ],
                            [
                                113.494816,
                                40.749677
                            ],
                            [
                                113.492883,
                                40.744676
                            ],
                            [
                                113.490576,
                                40.737168
                            ],
                            [
                                113.488728,
                                40.724618
                            ],
                            [
                                113.489955,
                                40.71476
                            ],
                            [
                                113.495741,
                                40.706881
                            ],
                            [
                                113.5028,
                                40.701946
                            ],
                            [
                                113.50541,
                                40.698693
                            ],
                            [
                                113.505565,
                                40.693658
                            ],
                            [
                                113.512081,
                                40.690563
                            ],
                            [
                                113.515498,
                                40.684094
                            ],
                            [
                                113.516577,
                                40.679725
                            ],
                            [
                                113.517043,
                                40.674918
                            ],
                            [
                                113.521998,
                                40.67002
                            ],
                            [
                                113.534471,
                                40.665451
                            ],
                            [
                                113.539232,
                                40.664446
                            ],
                            [
                                113.546936,
                                40.66133
                            ],
                            [
                                113.552916,
                                40.660314
                            ],
                            [
                                113.569388,
                                40.65911
                            ],
                            [
                                113.582808,
                                40.655904
                            ],
                            [
                                113.594038,
                                40.649541
                            ],
                            [
                                113.605036,
                                40.645239
                            ],
                            [
                                113.609167,
                                40.642431
                            ],
                            [
                                113.611924,
                                40.643766
                            ],
                            [
                                113.617974,
                                40.64504
                            ],
                            [
                                113.624591,
                                40.644931
                            ],
                            [
                                113.64862,
                                40.64274
                            ],
                            [
                                113.662095,
                                40.639802
                            ],
                            [
                                113.671888,
                                40.634623
                            ],
                            [
                                113.678287,
                                40.626984
                            ],
                            [
                                113.683164,
                                40.619124
                            ],
                            [
                                113.692414,
                                40.616245
                            ],
                            [
                                113.701493,
                                40.617481
                            ],
                            [
                                113.715674,
                                40.618407
                            ],
                            [
                                113.731269,
                                40.616554
                            ],
                            [
                                113.739229,
                                40.611393
                            ],
                            [
                                113.743866,
                                40.605824
                            ],
                            [
                                113.750304,
                                40.600224
                            ],
                            [
                                113.758754,
                                40.591614
                            ],
                            [
                                113.766637,
                                40.584617
                            ],
                            [
                                113.770287,
                                40.576543
                            ],
                            [
                                113.769658,
                                40.566495
                            ],
                            [
                                113.771817,
                                40.558678
                            ],
                            [
                                113.779101,
                                40.551907
                            ],
                            [
                                113.785594,
                                40.548586
                            ],
                            [
                                113.789656,
                                40.544388
                            ],
                            [
                                113.791815,
                                40.537027
                            ],
                            [
                                113.794393,
                                40.52394
                            ],
                            [
                                113.794805,
                                40.517984
                            ],
                            [
                                113.800296,
                                40.511938
                            ],
                            [
                                113.810167,
                                40.502139
                            ],
                            [
                                113.81572,
                                40.498137
                            ],
                            [
                                113.821606,
                                40.494823
                            ],
                            [
                                113.83272,
                                40.487048
                            ],
                            [
                                113.837628,
                                40.481688
                            ],
                            [
                                113.846148,
                                40.467791
                            ],
                            [
                                113.850994,
                                40.460602
                            ],
                            [
                                113.855669,
                                40.457077
                            ],
                            [
                                113.863428,
                                40.456467
                            ],
                            [
                                113.874301,
                                40.459453
                            ],
                            [
                                113.882184,
                                40.462499
                            ],
                            [
                                113.890105,
                                40.466463
                            ],
                            [
                                113.900256,
                                40.47427
                            ],
                            [
                                113.913777,
                                40.483854
                            ],
                            [
                                113.920215,
                                40.487857
                            ],
                            [
                                113.930901,
                                40.493376
                            ],
                            [
                                113.935553,
                                40.497408
                            ],
                            [
                                113.943436,
                                40.505691
                            ],
                            [
                                113.943677,
                                40.509393
                            ],
                            [
                                113.946954,
                                40.511938
                            ],
                            [
                                113.948376,
                                40.514961
                            ],
                            [
                                113.947793,
                                40.516767
                            ],
                            [
                                113.951614,
                                40.517156
                            ],
                            [
                                113.952647,
                                40.516018
                            ],
                            [
                                113.96098,
                                40.51961
                            ],
                            [
                                113.970098,
                                40.522204
                            ],
                            [
                                113.978563,
                                40.523431
                            ],
                            [
                                113.986687,
                                40.523072
                            ],
                            [
                                114.001971,
                                40.520758
                            ],
                            [
                                114.006514,
                                40.516408
                            ],
                            [
                                114.011415,
                                40.515859
                            ],
                            [
                                114.018249,
                                40.517705
                            ],
                            [
                                114.024439,
                                40.520209
                            ],
                            [
                                114.039575,
                                40.524399
                            ],
                            [
                                114.049765,
                                40.525436
                            ],
                            [
                                114.055985,
                                40.527481
                            ],
                            [
                                114.061927,
                                40.528828
                            ],
                            [
                                114.067953,
                                40.534524
                            ],
                            [
                                114.072869,
                                40.538125
                            ],
                            [
                                114.076861,
                                40.542373
                            ],
                            [
                                114.080177,
                                40.547749
                            ],
                            [
                                114.081645,
                                40.554211
                            ],
                            [
                                114.081956,
                                40.565438
                            ],
                            [
                                114.076877,
                                40.575806
                            ],
                            [
                                114.066835,
                                40.58372
                            ],
                            [
                                114.059426,
                                40.5869
                            ],
                            [
                                114.054758,
                                40.58972
                            ],
                            [
                                114.048095,
                                40.595909
                            ],
                            [
                                114.042464,
                                40.605336
                            ],
                            [
                                114.041796,
                                40.608683
                            ],
                            [
                                114.044414,
                                40.611264
                            ],
                            [
                                114.051597,
                                40.619941
                            ],
                            [
                                114.052405,
                                40.622481
                            ],
                            [
                                114.056684,
                                40.628319
                            ],
                            [
                                114.059216,
                                40.63297
                            ],
                            [
                                114.061274,
                                40.641734
                            ],
                            [
                                114.06821,
                                40.656571
                            ],
                            [
                                114.07047,
                                40.660294
                            ],
                            [
                                114.070563,
                                40.6658
                            ],
                            [
                                114.071223,
                                40.671762
                            ],
                            [
                                114.07273,
                                40.679138
                            ],
                            [
                                114.068575,
                                40.69324
                            ],
                            [
                                114.066563,
                                40.698006
                            ],
                            [
                                114.064101,
                                40.70711
                            ],
                            [
                                114.064288,
                                40.709866
                            ],
                            [
                                114.067068,
                                40.715665
                            ],
                            [
                                114.072264,
                                40.721524
                            ],
                            [
                                114.076978,
                                40.72416
                            ],
                            [
                                114.081373,
                                40.727482
                            ],
                            [
                                114.084907,
                                40.729401
                            ],
                            [
                                114.09324,
                                40.731898
                            ],
                            [
                                114.099811,
                                40.733191
                            ],
                            [
                                114.106412,
                                40.733807
                            ],
                            [
                                114.110047,
                                40.733201
                            ],
                            [
                                114.121401,
                                40.73507
                            ],
                            [
                                114.127707,
                                40.735209
                            ],
                            [
                                114.129478,
                                40.736164
                            ],
                            [
                                114.133943,
                                40.73695
                            ],
                            [
                                114.13444,
                                40.737795
                            ],
                            [
                                114.130037,
                                40.743194
                            ],
                            [
                                114.127816,
                                40.746585
                            ],
                            [
                                114.125331,
                                40.749041
                            ],
                            [
                                114.115421,
                                40.756627
                            ],
                            [
                                114.110396,
                                40.762701
                            ],
                            [
                                114.104191,
                                40.768058
                            ],
                            [
                                114.103484,
                                40.770792
                            ],
                            [
                                114.105488,
                                40.773813
                            ],
                            [
                                114.107103,
                                40.77911
                            ],
                            [
                                114.105845,
                                40.78068
                            ],
                            [
                                114.105604,
                                40.788501
                            ],
                            [
                                114.104136,
                                40.792486
                            ],
                            [
                                114.105185,
                                40.794532
                            ],
                            [
                                114.104424,
                                40.797592
                            ],
                            [
                                114.101209,
                                40.797424
                            ],
                            [
                                114.095593,
                                40.79341
                            ],
                            [
                                114.091338,
                                40.795993
                            ],
                            [
                                114.086305,
                                40.794115
                            ],
                            [
                                114.08114,
                                40.790508
                            ],
                            [
                                114.076271,
                                40.792813
                            ],
                            [
                                114.072667,
                                40.796758
                            ],
                            [
                                114.072427,
                                40.799162
                            ],
                            [
                                114.070858,
                                40.801497
                            ],
                            [
                                114.067262,
                                40.804358
                            ],
                            [
                                114.064994,
                                40.808153
                            ],
                            [
                                114.060971,
                                40.810149
                            ],
                            [
                                114.055116,
                                40.821681
                            ],
                            [
                                114.054828,
                                40.825683
                            ],
                            [
                                114.05103,
                                40.827243
                            ],
                            [
                                114.044763,
                                40.831086
                            ],
                            [
                                114.046006,
                                40.83333
                            ],
                            [
                                114.049089,
                                40.835743
                            ],
                            [
                                114.051326,
                                40.838513
                            ],
                            [
                                114.057119,
                                40.842892
                            ],
                            [
                                114.062222,
                                40.844242
                            ],
                            [
                                114.069693,
                                40.846933
                            ],
                            [
                                114.072248,
                                40.851569
                            ],
                            [
                                114.073553,
                                40.857326
                            ],
                            [
                                114.071953,
                                40.859808
                            ],
                            [
                                114.06946,
                                40.861803
                            ],
                            [
                                114.060832,
                                40.86618
                            ],
                            [
                                114.055333,
                                40.867877
                            ],
                            [
                                114.052832,
                                40.870309
                            ],
                            [
                                114.052918,
                                40.87276
                            ],
                            [
                                114.051357,
                                40.8753
                            ],
                            [
                                114.055418,
                                40.87796
                            ],
                            [
                                114.052017,
                                40.88186
                            ],
                            [
                                114.050883,
                                40.888061
                            ],
                            [
                                114.051046,
                                40.890899
                            ],
                            [
                                114.052226,
                                40.893379
                            ],
                            [
                                114.042177,
                                40.904301
                            ],
                            [
                                114.041338,
                                40.914537
                            ],
                            [
                                114.041385,
                                40.917373
                            ],
                            [
                                114.038519,
                                40.919287
                            ],
                            [
                                114.039334,
                                40.920398
                            ],
                            [
                                114.042154,
                                40.92009
                            ],
                            [
                                114.046767,
                                40.923591
                            ],
                            [
                                114.053492,
                                40.924969
                            ],
                            [
                                114.057469,
                                40.925098
                            ],
                            [
                                114.055356,
                                40.929243
                            ],
                            [
                                114.047839,
                                40.934568
                            ],
                            [
                                114.041198,
                                40.931593
                            ],
                            [
                                114.033083,
                                40.933308
                            ],
                            [
                                114.024136,
                                40.934726
                            ],
                            [
                                114.021969,
                                40.93545
                            ],
                            [
                                114.014319,
                                40.934449
                            ],
                            [
                                114.011764,
                                40.935331
                            ],
                            [
                                114.007322,
                                40.940011
                            ],
                            [
                                114.005838,
                                40.940873
                            ],
                            [
                                114.003773,
                                40.94467
                            ],
                            [
                                114.000775,
                                40.947515
                            ],
                            [
                                113.997917,
                                40.946702
                            ],
                            [
                                113.995362,
                                40.942202
                            ],
                            [
                                113.99509,
                                40.93888
                            ],
                            [
                                113.991114,
                                40.940199
                            ],
                            [
                                113.988007,
                                40.945205
                            ],
                            [
                                113.982143,
                                40.951024
                            ],
                            [
                                113.97899,
                                40.956109
                            ],
                            [
                                113.976443,
                                40.961193
                            ],
                            [
                                113.975752,
                                40.967377
                            ],
                            [
                                113.975472,
                                40.976533
                            ],
                            [
                                113.972964,
                                40.982993
                            ],
                            [
                                113.968871,
                                40.986946
                            ],
                            [
                                113.963613,
                                40.992989
                            ],
                            [
                                113.95615,
                                40.996318
                            ],
                            [
                                113.94822,
                                41.00331
                            ],
                            [
                                113.930234,
                                41.017363
                            ],
                            [
                                113.922599,
                                41.024364
                            ],
                            [
                                113.91189,
                                41.029829
                            ],
                            [
                                113.905692,
                                41.034056
                            ],
                            [
                                113.894229,
                                41.043886
                            ],
                            [
                                113.888661,
                                41.049033
                            ],
                            [
                                113.883418,
                                41.054853
                            ],
                            [
                                113.876965,
                                41.060701
                            ],
                            [
                                113.868476,
                                41.068875
                            ],
                            [
                                113.860516,
                                41.074524
                            ],
                            [
                                113.849852,
                                41.080915
                            ],
                            [
                                113.833807,
                                41.088562
                            ],
                            [
                                113.828728,
                                41.090263
                            ],
                            [
                                113.823385,
                                41.093112
                            ],
                            [
                                113.8193,
                                41.097543
                            ],
                            [
                                113.820341,
                                41.101647
                            ],
                            [
                                113.828285,
                                41.104693
                            ],
                            [
                                113.84395,
                                41.10324
                            ],
                            [
                                113.850606,
                                41.103556
                            ],
                            [
                                113.857285,
                                41.104337
                            ],
                            [
                                113.863381,
                                41.106048
                            ],
                            [
                                113.872017,
                                41.111151
                            ],
                            [
                                113.877912,
                                41.1156
                            ],
                            [
                                113.883667,
                                41.124874
                            ],
                            [
                                113.890299,
                                41.133217
                            ],
                            [
                                113.897219,
                                41.140858
                            ],
                            [
                                113.907323,
                                41.152806
                            ],
                            [
                                113.909645,
                                41.158933
                            ],
                            [
                                113.911097,
                                41.16577
                            ],
                            [
                                113.914577,
                                41.170058
                            ],
                            [
                                113.920409,
                                41.172004
                            ],
                            [
                                113.931593,
                                41.17066
                            ],
                            [
                                113.939771,
                                41.170295
                            ],
                            [
                                113.950403,
                                41.170344
                            ],
                            [
                                113.961074,
                                41.171303
                            ],
                            [
                                113.96658,
                                41.17236
                            ],
                            [
                                113.973639,
                                41.174296
                            ],
                            [
                                113.984489,
                                41.179838
                            ],
                            [
                                113.993607,
                                41.188154
                            ],
                            [
                                113.996806,
                                41.19245
                            ],
                            [
                                113.998204,
                                41.197694
                            ],
                            [
                                114.000208,
                                41.202691
                            ],
                            [
                                114.001023,
                                41.208398
                            ],
                            [
                                114.00013,
                                41.21757
                            ],
                            [
                                114.000612,
                                41.223987
                            ],
                            [
                                114.006685,
                                41.229386
                            ],
                            [
                                114.010692,
                                41.224381
                            ],
                            [
                                114.014529,
                                41.228132
                            ],
                            [
                                114.016237,
                                41.232061
                            ],
                            [
                                114.014894,
                                41.236157
                            ],
                            [
                                114.010848,
                                41.239048
                            ],
                            [
                                114.006763,
                                41.243509
                            ],
                            [
                                114.007058,
                                41.250771
                            ],
                            [
                                114.001217,
                                41.254837
                            ],
                            [
                                113.997932,
                                41.258497
                            ],
                            [
                                113.99488,
                                41.259582
                            ],
                            [
                                113.994461,
                                41.265827
                            ],
                            [
                                113.992154,
                                41.27
                            ],
                            [
                                113.991432,
                                41.269171
                            ],
                            [
                                113.985848,
                                41.270355
                            ],
                            [
                                113.976831,
                                41.266656
                            ],
                            [
                                113.976746,
                                41.264554
                            ],
                            [
                                113.980318,
                                41.263607
                            ],
                            [
                                113.980171,
                                41.261772
                            ],
                            [
                                113.978377,
                                41.261703
                            ],
                            [
                                113.977779,
                                41.258497
                            ],
                            [
                                113.978082,
                                41.254708
                            ],
                            [
                                113.974525,
                                41.254176
                            ],
                            [
                                113.973624,
                                41.250998
                            ],
                            [
                                113.971884,
                                41.249656
                            ],
                            [
                                113.972288,
                                41.242522
                            ],
                            [
                                113.971527,
                                41.239818
                            ],
                            [
                                113.969849,
                                41.239295
                            ],
                            [
                                113.966347,
                                41.240311
                            ],
                            [
                                113.961741,
                                41.245147
                            ],
                            [
                                113.962137,
                                41.253949
                            ],
                            [
                                113.959645,
                                41.254363
                            ],
                            [
                                113.952981,
                                41.254274
                            ],
                            [
                                113.953765,
                                41.258704
                            ],
                            [
                                113.952189,
                                41.260352
                            ],
                            [
                                113.951785,
                                41.264485
                            ],
                            [
                                113.953913,
                                41.26563
                            ],
                            [
                                113.948399,
                                41.265827
                            ],
                            [
                                113.948391,
                                41.266399
                            ],
                            [
                                113.954511,
                                41.266823
                            ],
                            [
                                113.953905,
                                41.269585
                            ],
                            [
                                113.950162,
                                41.269092
                            ],
                            [
                                113.950441,
                                41.270207
                            ],
                            [
                                113.953556,
                                41.2707
                            ],
                            [
                                113.953688,
                                41.276934
                            ],
                            [
                                113.95121,
                                41.282891
                            ],
                            [
                                113.955862,
                                41.283019
                            ],
                            [
                                113.956352,
                                41.286343
                            ],
                            [
                                113.946209,
                                41.29081
                            ],
                            [
                                113.943118,
                                41.291678
                            ],
                            [
                                113.936268,
                                41.294774
                            ],
                            [
                                113.92256,
                                41.291135
                            ],
                            [
                                113.918693,
                                41.296105
                            ],
                            [
                                113.914584,
                                41.29438
                            ],
                            [
                                113.913435,
                                41.296125
                            ],
                            [
                                113.910266,
                                41.298383
                            ],
                            [
                                113.910173,
                                41.300591
                            ],
                            [
                                113.905917,
                                41.306931
                            ],
                            [
                                113.903129,
                                41.308607
                            ],
                            [
                                113.901413,
                                41.311012
                            ],
                            [
                                113.901141,
                                41.313674
                            ]
                        ]
                    ]
                ]
            }
        }
    ]
}