{
    "type": "FeatureCollection",
    "features": [
        {
            "type": "Feature",
            "properties": {
                "adcode": 152524,
                "name": "苏尼特右旗",
                "center": [
                    112.65539,
                    42.746662
                ],
                "centroid": [
                    112.914218,
                    42.883354
                ],
                "childrenNum": 0,
                "level": "district",
                "acroutes": [
                    100000,
                    150000,
                    152500
                ],
                "parent": {
                    "adcode": 152500
                }
            },
            "geometry": {
                "type": "MultiPolygon",
                "coordinates": [
                    [
                        [
                            [
                                113.002093,
                                41.98857
                            ],
                            [
                                113.04238,
                                41.985948
                            ],
                            [
                                113.058732,
                                41.972169
                            ],
                            [
                                113.059856,
                                41.959567
                            ],
                            [
                                113.078892,
                                41.934391
                            ],
                            [
                                113.086381,
                                41.932858
                            ],
                            [
                                113.115746,
                                41.945977
                            ],
                            [
                                113.127199,
                                41.954057
                            ],
                            [
                                113.14146,
                                41.942948
                            ],
                            [
                                113.163679,
                                41.94411
                            ],
                            [
                                113.172042,
                                41.950255
                            ],
                            [
                                113.170295,
                                41.964232
                            ],
                            [
                                113.151508,
                                41.966661
                            ],
                            [
                                113.154504,
                                41.972645
                            ],
                            [
                                113.149449,
                                41.976076
                            ],
                            [
                                113.165738,
                                41.983854
                            ],
                            [
                                113.180062,
                                41.993478
                            ],
                            [
                                113.194667,
                                42.001043
                            ],
                            [
                                113.208304,
                                42.00727
                            ],
                            [
                                113.223501,
                                42.015273
                            ],
                            [
                                113.250931,
                                42.031152
                            ],
                            [
                                113.260949,
                                42.0388
                            ],
                            [
                                113.272901,
                                42.049383
                            ],
                            [
                                113.279641,
                                42.060052
                            ],
                            [
                                113.282793,
                                42.075568
                            ],
                            [
                                113.291343,
                                42.084371
                            ],
                            [
                                113.300424,
                                42.090203
                            ],
                            [
                                113.3135,
                                42.10436
                            ],
                            [
                                113.330632,
                                42.118479
                            ],
                            [
                                113.35232,
                                42.131927
                            ],
                            [
                                113.372448,
                                42.143688
                            ],
                            [
                                113.377254,
                                42.143337
                            ],
                            [
                                113.388769,
                                42.165431
                            ],
                            [
                                113.38699,
                                42.178466
                            ],
                            [
                                113.401064,
                                42.194848
                            ],
                            [
                                113.422846,
                                42.198548
                            ],
                            [
                                113.428932,
                                42.246475
                            ],
                            [
                                113.457829,
                                42.254097
                            ],
                            [
                                113.494465,
                                42.253256
                            ],
                            [
                                113.511566,
                                42.257075
                            ],
                            [
                                113.520647,
                                42.260737
                            ],
                            [
                                113.531226,
                                42.268147
                            ],
                            [
                                113.543021,
                                42.27955
                            ],
                            [
                                113.552883,
                                42.29545
                            ],
                            [
                                113.552196,
                                42.305553
                            ],
                            [
                                113.540931,
                                42.316441
                            ],
                            [
                                113.540556,
                                42.326015
                            ],
                            [
                                113.54299,
                                42.334922
                            ],
                            [
                                113.54867,
                                42.338929
                            ],
                            [
                                113.562026,
                                42.344038
                            ],
                            [
                                113.553007,
                                42.358541
                            ],
                            [
                                113.575133,
                                42.377219
                            ],
                            [
                                113.58955,
                                42.376555
                            ],
                            [
                                113.609522,
                                42.39049
                            ],
                            [
                                113.643505,
                                42.404423
                            ],
                            [
                                113.67415,
                                42.435685
                            ],
                            [
                                113.702766,
                                42.467072
                            ],
                            [
                                113.736906,
                                42.470424
                            ],
                            [
                                113.747391,
                                42.47032
                            ],
                            [
                                113.757783,
                                42.461222
                            ],
                            [
                                113.767737,
                                42.459615
                            ],
                            [
                                113.773667,
                                42.460157
                            ],
                            [
                                113.798195,
                                42.477862
                            ],
                            [
                                113.812674,
                                42.495441
                            ],
                            [
                                113.822255,
                                42.505075
                            ],
                            [
                                113.830743,
                                42.509716
                            ],
                            [
                                113.837296,
                                42.511409
                            ],
                            [
                                113.841415,
                                42.514532
                            ],
                            [
                                113.848093,
                                42.529048
                            ],
                            [
                                113.855801,
                                42.538711
                            ],
                            [
                                113.872091,
                                42.5535
                            ],
                            [
                                113.8793,
                                42.565252
                            ],
                            [
                                113.889941,
                                42.577403
                            ],
                            [
                                113.90105,
                                42.585647
                            ],
                            [
                                113.909226,
                                42.588923
                            ],
                            [
                                113.924736,
                                42.597793
                            ],
                            [
                                113.939715,
                                42.609432
                            ],
                            [
                                113.950013,
                                42.619536
                            ],
                            [
                                113.960186,
                                42.625999
                            ],
                            [
                                113.970609,
                                42.629726
                            ],
                            [
                                113.982062,
                                42.637301
                            ],
                            [
                                114.007588,
                                42.64559
                            ],
                            [
                                114.015515,
                                42.648654
                            ],
                            [
                                114.052775,
                                42.661032
                            ],
                            [
                                114.058361,
                                42.66246
                            ],
                            [
                                114.073465,
                                42.671754
                            ],
                            [
                                114.089099,
                                42.685363
                            ],
                            [
                                114.099865,
                                42.692776
                            ],
                            [
                                114.106668,
                                42.696255
                            ],
                            [
                                114.117777,
                                42.699074
                            ],
                            [
                                114.126453,
                                42.700048
                            ],
                            [
                                114.141026,
                                42.699248
                            ],
                            [
                                114.163276,
                                42.701648
                            ],
                            [
                                114.178068,
                                42.707667
                            ],
                            [
                                114.183872,
                                42.713877
                            ],
                            [
                                114.19985,
                                42.723998
                            ],
                            [
                                114.217668,
                                42.736448
                            ],
                            [
                                114.224159,
                                42.738309
                            ],
                            [
                                114.231555,
                                42.742238
                            ],
                            [
                                114.244974,
                                42.745854
                            ],
                            [
                                114.271562,
                                42.758873
                            ],
                            [
                                114.209929,
                                42.75086
                            ],
                            [
                                114.204811,
                                42.767232
                            ],
                            [
                                114.221382,
                                42.79107
                            ],
                            [
                                114.199382,
                                42.816426
                            ],
                            [
                                114.159001,
                                42.834447
                            ],
                            [
                                114.130665,
                                42.846754
                            ],
                            [
                                114.105513,
                                42.891549
                            ],
                            [
                                114.069033,
                                42.894445
                            ],
                            [
                                114.099709,
                                42.917506
                            ],
                            [
                                114.069813,
                                42.932187
                            ],
                            [
                                114.084636,
                                42.958595
                            ],
                            [
                                114.075337,
                                42.979969
                            ],
                            [
                                114.099896,
                                42.999899
                            ],
                            [
                                114.098336,
                                43.013314
                            ],
                            [
                                114.007651,
                                43.036573
                            ],
                            [
                                114.002689,
                                43.060168
                            ],
                            [
                                113.947298,
                                43.097843
                            ],
                            [
                                113.925329,
                                43.111479
                            ],
                            [
                                113.920648,
                                43.111946
                            ],
                            [
                                113.908945,
                                43.128758
                            ],
                            [
                                113.900769,
                                43.121916
                            ],
                            [
                                113.852712,
                                43.137516
                            ],
                            [
                                113.846533,
                                43.172502
                            ],
                            [
                                113.83714,
                                43.195752
                            ],
                            [
                                113.822192,
                                43.213421
                            ],
                            [
                                113.775227,
                                43.256587
                            ],
                            [
                                113.78462,
                                43.273497
                            ],
                            [
                                113.77919,
                                43.276892
                            ],
                            [
                                113.701643,
                                43.322649
                            ],
                            [
                                113.708133,
                                43.326851
                            ],
                            [
                                113.714094,
                                43.332998
                            ],
                            [
                                113.679486,
                                43.34319
                            ],
                            [
                                113.670842,
                                43.35536
                            ],
                            [
                                113.655863,
                                43.373878
                            ],
                            [
                                113.641415,
                                43.396569
                            ],
                            [
                                113.631616,
                                43.414764
                            ],
                            [
                                113.617136,
                                43.437457
                            ],
                            [
                                113.596696,
                                43.458028
                            ],
                            [
                                113.574415,
                                43.472872
                            ],
                            [
                                113.550729,
                                43.485325
                            ],
                            [
                                113.510505,
                                43.504078
                            ],
                            [
                                113.497086,
                                43.505674
                            ],
                            [
                                113.481389,
                                43.504799
                            ],
                            [
                                113.468158,
                                43.502773
                            ],
                            [
                                113.421005,
                                43.500901
                            ],
                            [
                                113.350354,
                                43.495338
                            ],
                            [
                                113.337154,
                                43.489533
                            ],
                            [
                                113.322893,
                                43.492092
                            ],
                            [
                                113.318774,
                                43.495114
                            ],
                            [
                                113.303139,
                                43.500541
                            ],
                            [
                                113.284634,
                                43.503494
                            ],
                            [
                                113.269499,
                                43.503666
                            ],
                            [
                                113.255394,
                                43.505674
                            ],
                            [
                                113.233612,
                                43.515082
                            ],
                            [
                                113.231115,
                                43.516696
                            ],
                            [
                                113.247062,
                                43.570333
                            ],
                            [
                                113.086319,
                                43.581051
                            ],
                            [
                                113.034048,
                                43.565822
                            ],
                            [
                                112.847622,
                                43.57781
                            ],
                            [
                                112.785085,
                                43.60058
                            ],
                            [
                                112.682386,
                                43.597665
                            ],
                            [
                                112.648745,
                                43.59638
                            ],
                            [
                                112.624841,
                                43.59914
                            ],
                            [
                                112.547325,
                                43.60747
                            ],
                            [
                                112.513841,
                                43.634871
                            ],
                            [
                                112.507818,
                                43.636722
                            ],
                            [
                                112.41033,
                                43.669486
                            ],
                            [
                                112.413606,
                                43.623614
                            ],
                            [
                                112.429927,
                                43.591408
                            ],
                            [
                                112.432642,
                                43.506121
                            ],
                            [
                                112.39223,
                                43.398134
                            ],
                            [
                                112.373163,
                                43.332774
                            ],
                            [
                                112.369949,
                                43.305546
                            ],
                            [
                                112.37179,
                                43.286939
                            ],
                            [
                                112.380871,
                                43.240414
                            ],
                            [
                                112.353847,
                                43.227842
                            ],
                            [
                                112.405743,
                                43.161435
                            ],
                            [
                                112.345827,
                                43.095371
                            ],
                            [
                                112.300359,
                                43.080763
                            ],
                            [
                                112.262194,
                                43.057591
                            ],
                            [
                                112.15756,
                                43.001422
                            ],
                            [
                                112.075019,
                                42.991017
                            ],
                            [
                                112.040474,
                                42.983225
                            ],
                            [
                                111.990357,
                                42.964485
                            ],
                            [
                                111.96898,
                                43.142352
                            ],
                            [
                                111.981744,
                                43.218165
                            ],
                            [
                                111.935808,
                                43.264827
                            ],
                            [
                                111.839256,
                                43.32933
                            ],
                            [
                                111.764081,
                                43.307182
                            ],
                            [
                                111.690902,
                                43.324354
                            ],
                            [
                                111.637695,
                                43.33107
                            ],
                            [
                                111.612231,
                                43.334685
                            ],
                            [
                                111.573691,
                                43.346496
                            ],
                            [
                                111.57753,
                                43.353226
                            ],
                            [
                                111.577686,
                                43.356376
                            ],
                            [
                                111.572506,
                                43.360369
                            ],
                            [
                                111.533404,
                                43.378798
                            ],
                            [
                                111.521203,
                                43.378833
                            ],
                            [
                                111.507628,
                                43.368887
                            ],
                            [
                                111.492275,
                                43.369851
                            ],
                            [
                                111.442625,
                                43.385904
                            ],
                            [
                                111.39644,
                                43.403741
                            ],
                            [
                                111.343109,
                                43.433847
                            ],
                            [
                                111.296518,
                                43.424427
                            ],
                            [
                                111.266435,
                                43.417618
                            ],
                            [
                                111.210046,
                                43.402795
                            ],
                            [
                                111.183645,
                                43.396087
                            ],
                            [
                                111.165577,
                                43.38685
                            ],
                            [
                                111.150972,
                                43.380244
                            ],
                            [
                                111.152189,
                                43.373413
                            ],
                            [
                                111.174845,
                                43.33608
                            ],
                            [
                                111.215694,
                                43.276806
                            ],
                            [
                                111.247524,
                                43.257984
                            ],
                            [
                                111.275298,
                                43.242225
                            ],
                            [
                                111.307721,
                                43.223133
                            ],
                            [
                                111.326726,
                                43.212575
                            ],
                            [
                                111.355685,
                                43.195873
                            ],
                            [
                                111.379745,
                                43.18248
                            ],
                            [
                                111.503415,
                                43.1787
                            ],
                            [
                                111.544888,
                                43.133111
                            ],
                            [
                                111.557339,
                                43.120067
                            ],
                            [
                                111.599249,
                                43.075144
                            ],
                            [
                                111.619003,
                                43.054287
                            ],
                            [
                                111.65851,
                                43.023906
                            ],
                            [
                                111.697081,
                                43.008849
                            ],
                            [
                                111.752628,
                                42.987675
                            ],
                            [
                                111.785301,
                                42.941338
                            ],
                            [
                                111.811483,
                                42.90504
                            ],
                            [
                                111.85592,
                                42.839933
                            ],
                            [
                                111.858448,
                                42.818354
                            ],
                            [
                                111.875331,
                                42.794127
                            ],
                            [
                                111.886659,
                                42.776754
                            ],
                            [
                                111.908409,
                                42.744897
                            ],
                            [
                                111.935028,
                                42.707528
                            ],
                            [
                                111.971695,
                                42.665297
                            ],
                            [
                                111.975846,
                                42.660893
                            ],
                            [
                                112.004337,
                                42.627566
                            ],
                            [
                                112.007707,
                                42.624501
                            ],
                            [
                                112.026462,
                                42.602777
                            ],
                            [
                                112.029052,
                                42.584653
                            ],
                            [
                                112.058386,
                                42.575694
                            ],
                            [
                                112.137307,
                                42.54942
                            ],
                            [
                                112.152161,
                                42.544711
                            ],
                            [
                                112.180652,
                                42.534839
                            ],
                            [
                                112.17853,
                                42.511025
                            ],
                            [
                                112.25458,
                                42.482873
                            ],
                            [
                                112.299673,
                                42.451581
                            ],
                            [
                                112.322734,
                                42.436576
                            ],
                            [
                                112.359901,
                                42.411659
                            ],
                            [
                                112.397629,
                                42.387658
                            ],
                            [
                                112.441255,
                                42.379335
                            ],
                            [
                                112.476612,
                                42.371781
                            ],
                            [
                                112.512873,
                                42.364488
                            ],
                            [
                                112.536153,
                                42.35938
                            ],
                            [
                                112.589609,
                                42.34703
                            ],
                            [
                                112.610518,
                                42.341291
                            ],
                            [
                                112.625372,
                                42.334799
                            ],
                            [
                                112.654737,
                                42.316003
                            ],
                            [
                                112.651741,
                                42.310734
                            ],
                            [
                                112.636949,
                                42.280443
                            ],
                            [
                                112.69,
                                42.254535
                            ],
                            [
                                112.714403,
                                42.199092
                            ],
                            [
                                112.737964,
                                42.144601
                            ],
                            [
                                112.788611,
                                42.139001
                            ],
                            [
                                112.827713,
                                42.120603
                            ],
                            [
                                112.856142,
                                42.117162
                            ],
                            [
                                112.878329,
                                42.092557
                            ],
                            [
                                112.89181,
                                42.078274
                            ],
                            [
                                112.898863,
                                42.069805
                            ],
                            [
                                112.91793,
                                42.042826
                            ],
                            [
                                112.939806,
                                42.01821
                            ],
                            [
                                112.952226,
                                42.006742
                            ],
                            [
                                112.964739,
                                41.998211
                            ],
                            [
                                113.002093,
                                41.98857
                            ]
                        ]
                    ]
                ]
            }
        }
    ]
}