{
    "type": "FeatureCollection",
    "features": [
        {
            "type": "Feature",
            "properties": {
                "adcode": 152502,
                "name": "锡林浩特市",
                "center": [
                    116.091903,
                    43.944301
                ],
                "centroid": [
                    116.142157,
                    44.079114
                ],
                "childrenNum": 0,
                "level": "district",
                "acroutes": [
                    100000,
                    150000,
                    152500
                ],
                "parent": {
                    "adcode": 152500
                }
            },
            "geometry": {
                "type": "MultiPolygon",
                "coordinates": [
                    [
                        [
                            [
                                116.437014,
                                44.867034
                            ],
                            [
                                116.388752,
                                44.868002
                            ],
                            [
                                116.332475,
                                44.876886
                            ],
                            [
                                116.257416,
                                44.888307
                            ],
                            [
                                116.244762,
                                44.890537
                            ],
                            [
                                116.233649,
                                44.874656
                            ],
                            [
                                116.200309,
                                44.873632
                            ],
                            [
                                116.187533,
                                44.866558
                            ],
                            [
                                116.142301,
                                44.842369
                            ],
                            [
                                116.175554,
                                44.829292
                            ],
                            [
                                116.098782,
                                44.772523
                            ],
                            [
                                116.107714,
                                44.742926
                            ],
                            [
                                116.037883,
                                44.712765
                            ],
                            [
                                116.033054,
                                44.710859
                            ],
                            [
                                115.9747,
                                44.702739
                            ],
                            [
                                115.961301,
                                44.70118
                            ],
                            [
                                115.925763,
                                44.717366
                            ],
                            [
                                115.905959,
                                44.726987
                            ],
                            [
                                115.877535,
                                44.745711
                            ],
                            [
                                115.861939,
                                44.757324
                            ],
                            [
                                115.853751,
                                44.76485
                            ],
                            [
                                115.821103,
                                44.796613
                            ],
                            [
                                115.786932,
                                44.831468
                            ],
                            [
                                115.738531,
                                44.877013
                            ],
                            [
                                115.731382,
                                44.87535
                            ],
                            [
                                115.725739,
                                44.871512
                            ],
                            [
                                115.718088,
                                44.868405
                            ],
                            [
                                115.70623,
                                44.865937
                            ],
                            [
                                115.698717,
                                44.86994
                            ],
                            [
                                115.670362,
                                44.857564
                            ],
                            [
                                115.660841,
                                44.851914
                            ],
                            [
                                115.646803,
                                44.835858
                            ],
                            [
                                115.635585,
                                44.830499
                            ],
                            [
                                115.613739,
                                44.811198
                            ],
                            [
                                115.532934,
                                44.798041
                            ],
                            [
                                115.511105,
                                44.758697
                            ],
                            [
                                115.475549,
                                44.695424
                            ],
                            [
                                115.433121,
                                44.677123
                            ],
                            [
                                115.411569,
                                44.64023
                            ],
                            [
                                115.414166,
                                44.629511
                            ],
                            [
                                115.406549,
                                44.625693
                            ],
                            [
                                115.406082,
                                44.62338
                            ],
                            [
                                115.400334,
                                44.619837
                            ],
                            [
                                115.39888,
                                44.609538
                            ],
                            [
                                115.40255,
                                44.599971
                            ],
                            [
                                115.396595,
                                44.590788
                            ],
                            [
                                115.384738,
                                44.589979
                            ],
                            [
                                115.37539,
                                44.592643
                            ],
                            [
                                115.362909,
                                44.589539
                            ],
                            [
                                115.348282,
                                44.57589
                            ],
                            [
                                115.351951,
                                44.574714
                            ],
                            [
                                115.377606,
                                44.546395
                            ],
                            [
                                115.367289,
                                44.512453
                            ],
                            [
                                115.376636,
                                44.501491
                            ],
                            [
                                115.380427,
                                44.492347
                            ],
                            [
                                115.379648,
                                44.490029
                            ],
                            [
                                115.386053,
                                44.474646
                            ],
                            [
                                115.396526,
                                44.457877
                            ],
                            [
                                115.405026,
                                44.442669
                            ],
                            [
                                115.41401,
                                44.422447
                            ],
                            [
                                115.435077,
                                44.401941
                            ],
                            [
                                115.442278,
                                44.386479
                            ],
                            [
                                115.442642,
                                44.374792
                            ],
                            [
                                115.456525,
                                44.35226
                            ],
                            [
                                115.549708,
                                44.29146
                            ],
                            [
                                115.558415,
                                44.276467
                            ],
                            [
                                115.54898,
                                44.17228
                            ],
                            [
                                115.537209,
                                44.16895
                            ],
                            [
                                115.517666,
                                44.162272
                            ],
                            [
                                115.513199,
                                44.163881
                            ],
                            [
                                115.50721,
                                44.159533
                            ],
                            [
                                115.49492,
                                44.147931
                            ],
                            [
                                115.478803,
                                44.136955
                            ],
                            [
                                115.468781,
                                44.123534
                            ],
                            [
                                115.459433,
                                44.10898
                            ],
                            [
                                115.455867,
                                44.10159
                            ],
                            [
                                115.450691,
                                44.095107
                            ],
                            [
                                115.444286,
                                44.093292
                            ],
                            [
                                115.410219,
                                44.087383
                            ],
                            [
                                115.404714,
                                44.082621
                            ],
                            [
                                115.369729,
                                44.047057
                            ],
                            [
                                115.335731,
                                44.006017
                            ],
                            [
                                115.325397,
                                43.992863
                            ],
                            [
                                115.359464,
                                43.954014
                            ],
                            [
                                115.335229,
                                43.915344
                            ],
                            [
                                115.323268,
                                43.897171
                            ],
                            [
                                115.367964,
                                43.900368
                            ],
                            [
                                115.368119,
                                43.876538
                            ],
                            [
                                115.420103,
                                43.866925
                            ],
                            [
                                115.531618,
                                43.859803
                            ],
                            [
                                115.520712,
                                43.842468
                            ],
                            [
                                115.53527,
                                43.835827
                            ],
                            [
                                115.596152,
                                43.806983
                            ],
                            [
                                115.606504,
                                43.794846
                            ],
                            [
                                115.643444,
                                43.753595
                            ],
                            [
                                115.647149,
                                43.766914
                            ],
                            [
                                115.69368,
                                43.770304
                            ],
                            [
                                115.753263,
                                43.747
                            ],
                            [
                                115.765294,
                                43.742733
                            ],
                            [
                                115.778277,
                                43.72693
                            ],
                            [
                                115.869901,
                                43.669217
                            ],
                            [
                                115.8842,
                                43.659683
                            ],
                            [
                                115.942156,
                                43.622633
                            ],
                            [
                                115.958289,
                                43.612121
                            ],
                            [
                                115.965092,
                                43.599626
                            ],
                            [
                                115.974717,
                                43.571566
                            ],
                            [
                                116.007313,
                                43.557942
                            ],
                            [
                                116.048443,
                                43.54138
                            ],
                            [
                                116.082233,
                                43.491909
                            ],
                            [
                                116.11334,
                                43.482403
                            ],
                            [
                                116.109359,
                                43.455205
                            ],
                            [
                                116.105775,
                                43.437884
                            ],
                            [
                                116.103144,
                                43.429063
                            ],
                            [
                                116.09783,
                                43.416118
                            ],
                            [
                                116.095857,
                                43.405233
                            ],
                            [
                                116.097605,
                                43.38741
                            ],
                            [
                                116.104771,
                                43.366639
                            ],
                            [
                                116.106624,
                                43.35837
                            ],
                            [
                                116.106901,
                                43.342203
                            ],
                            [
                                116.108822,
                                43.324887
                            ],
                            [
                                116.116802,
                                43.30477
                            ],
                            [
                                116.121597,
                                43.285303
                            ],
                            [
                                116.125769,
                                43.276009
                            ],
                            [
                                116.133247,
                                43.264535
                            ],
                            [
                                116.138527,
                                43.250221
                            ],
                            [
                                116.142612,
                                43.241354
                            ],
                            [
                                116.155942,
                                43.239606
                            ],
                            [
                                116.176628,
                                43.230681
                            ],
                            [
                                116.183119,
                                43.225005
                            ],
                            [
                                116.175745,
                                43.203408
                            ],
                            [
                                116.157707,
                                43.159474
                            ],
                            [
                                116.128418,
                                43.137251
                            ],
                            [
                                116.168076,
                                43.118672
                            ],
                            [
                                116.187568,
                                43.104702
                            ],
                            [
                                116.262575,
                                43.100446
                            ],
                            [
                                116.297992,
                                43.089522
                            ],
                            [
                                116.337807,
                                43.071645
                            ],
                            [
                                116.323041,
                                43.065408
                            ],
                            [
                                116.3224,
                                43.056985
                            ],
                            [
                                116.353628,
                                43.067123
                            ],
                            [
                                116.351569,
                                43.056608
                            ],
                            [
                                116.37222,
                                43.055948
                            ],
                            [
                                116.379421,
                                43.047787
                            ],
                            [
                                116.400332,
                                43.044225
                            ],
                            [
                                116.409299,
                                43.043961
                            ],
                            [
                                116.412831,
                                43.039795
                            ],
                            [
                                116.445565,
                                43.03431
                            ],
                            [
                                116.483198,
                                43.041153
                            ],
                            [
                                116.494329,
                                43.053894
                            ],
                            [
                                116.452022,
                                43.074358
                            ],
                            [
                                116.436183,
                                43.078163
                            ],
                            [
                                116.419288,
                                43.104325
                            ],
                            [
                                116.398515,
                                43.107055
                            ],
                            [
                                116.393633,
                                43.125073
                            ],
                            [
                                116.370939,
                                43.151478
                            ],
                            [
                                116.356502,
                                43.156991
                            ],
                            [
                                116.358856,
                                43.187519
                            ],
                            [
                                116.369745,
                                43.239907
                            ],
                            [
                                116.37016,
                                43.243552
                            ],
                            [
                                116.39919,
                                43.245788
                            ],
                            [
                                116.414181,
                                43.25689
                            ],
                            [
                                116.419443,
                                43.292719
                            ],
                            [
                                116.436615,
                                43.32864
                            ],
                            [
                                116.49168,
                                43.353137
                            ],
                            [
                                116.536047,
                                43.375207
                            ],
                            [
                                116.595527,
                                43.409973
                            ],
                            [
                                116.605826,
                                43.419847
                            ],
                            [
                                116.602589,
                                43.444345
                            ],
                            [
                                116.612006,
                                43.48332
                            ],
                            [
                                116.6226,
                                43.498607
                            ],
                            [
                                116.622046,
                                43.505267
                            ],
                            [
                                116.681162,
                                43.516958
                            ],
                            [
                                116.734825,
                                43.50899
                            ],
                            [
                                116.790271,
                                43.484068
                            ],
                            [
                                116.822468,
                                43.502685
                            ],
                            [
                                116.830916,
                                43.506988
                            ],
                            [
                                116.804673,
                                43.565249
                            ],
                            [
                                116.811113,
                                43.574126
                            ],
                            [
                                116.806958,
                                43.582048
                            ],
                            [
                                116.80431,
                                43.593257
                            ],
                            [
                                116.805556,
                                43.606611
                            ],
                            [
                                116.813709,
                                43.612849
                            ],
                            [
                                116.825602,
                                43.611149
                            ],
                            [
                                116.830172,
                                43.614567
                            ],
                            [
                                116.838792,
                                43.615575
                            ],
                            [
                                116.844539,
                                43.625303
                            ],
                            [
                                116.842081,
                                43.627898
                            ],
                            [
                                116.842029,
                                43.632528
                            ],
                            [
                                116.84653,
                                43.634544
                            ],
                            [
                                116.843639,
                                43.63669
                            ],
                            [
                                116.848019,
                                43.642663
                            ],
                            [
                                116.857488,
                                43.645519
                            ],
                            [
                                116.86249,
                                43.64858
                            ],
                            [
                                116.858648,
                                43.657444
                            ],
                            [
                                116.909939,
                                43.667948
                            ],
                            [
                                116.920498,
                                43.664571
                            ],
                            [
                                116.932858,
                                43.673004
                            ],
                            [
                                116.972257,
                                43.673638
                            ],
                            [
                                117.007449,
                                43.708158
                            ],
                            [
                                117.054309,
                                43.75339
                            ],
                            [
                                117.001114,
                                43.782651
                            ],
                            [
                                116.986902,
                                43.835883
                            ],
                            [
                                116.986296,
                                43.840422
                            ],
                            [
                                117.013491,
                                43.850653
                            ],
                            [
                                116.997634,
                                43.876352
                            ],
                            [
                                117.010548,
                                43.900014
                            ],
                            [
                                116.999833,
                                43.912427
                            ],
                            [
                                117.016364,
                                43.934571
                            ],
                            [
                                117.031857,
                                43.942854
                            ],
                            [
                                117.032861,
                                43.954813
                            ],
                            [
                                117.021921,
                                43.969999
                            ],
                            [
                                116.97127,
                                43.988336
                            ],
                            [
                                116.947728,
                                43.977405
                            ],
                            [
                                116.90208,
                                43.968625
                            ],
                            [
                                116.879472,
                                43.964634
                            ],
                            [
                                116.824875,
                                44.012491
                            ],
                            [
                                116.814055,
                                44.022433
                            ],
                            [
                                116.798562,
                                44.043498
                            ],
                            [
                                116.757363,
                                44.097404
                            ],
                            [
                                116.744553,
                                44.113498
                            ],
                            [
                                116.739499,
                                44.121386
                            ],
                            [
                                116.722119,
                                44.125404
                            ],
                            [
                                116.671797,
                                44.121016
                            ],
                            [
                                116.652911,
                                44.10885
                            ],
                            [
                                116.634787,
                                44.112017
                            ],
                            [
                                116.602918,
                                44.120553
                            ],
                            [
                                116.596358,
                                44.155943
                            ],
                            [
                                116.601153,
                                44.204552
                            ],
                            [
                                116.585331,
                                44.2449
                            ],
                            [
                                116.507312,
                                44.321582
                            ],
                            [
                                116.462997,
                                44.366293
                            ],
                            [
                                116.453891,
                                44.373797
                            ],
                            [
                                116.392214,
                                44.426518
                            ],
                            [
                                116.403483,
                                44.446425
                            ],
                            [
                                116.43433,
                                44.498971
                            ],
                            [
                                116.451226,
                                44.527239
                            ],
                            [
                                116.479961,
                                44.576294
                            ],
                            [
                                116.497774,
                                44.597528
                            ],
                            [
                                116.500907,
                                44.60704
                            ],
                            [
                                116.532031,
                                44.639973
                            ],
                            [
                                116.530958,
                                44.641992
                            ],
                            [
                                116.53674,
                                44.644157
                            ],
                            [
                                116.542314,
                                44.651148
                            ],
                            [
                                116.546191,
                                44.652286
                            ],
                            [
                                116.550779,
                                44.658138
                            ],
                            [
                                116.56165,
                                44.663146
                            ],
                            [
                                116.563606,
                                44.66654
                            ],
                            [
                                116.563294,
                                44.673143
                            ],
                            [
                                116.569232,
                                44.680021
                            ],
                            [
                                116.567657,
                                44.683028
                            ],
                            [
                                116.572555,
                                44.70085
                            ],
                            [
                                116.566531,
                                44.713425
                            ],
                            [
                                116.566497,
                                44.716632
                            ],
                            [
                                116.576433,
                                44.720884
                            ],
                            [
                                116.570547,
                                44.723963
                            ],
                            [
                                116.572053,
                                44.7299
                            ],
                            [
                                116.569301,
                                44.739153
                            ],
                            [
                                116.574667,
                                44.744465
                            ],
                            [
                                116.569041,
                                44.752964
                            ],
                            [
                                116.562308,
                                44.756792
                            ],
                            [
                                116.55457,
                                44.757085
                            ],
                            [
                                116.552441,
                                44.755052
                            ],
                            [
                                116.532724,
                                44.762067
                            ],
                            [
                                116.525523,
                                44.770399
                            ],
                            [
                                116.521835,
                                44.771278
                            ],
                            [
                                116.52026,
                                44.77558
                            ],
                            [
                                116.516227,
                                44.778729
                            ],
                            [
                                116.517785,
                                44.78294
                            ],
                            [
                                116.507329,
                                44.788889
                            ],
                            [
                                116.508247,
                                44.791379
                            ],
                            [
                                116.505962,
                                44.797089
                            ],
                            [
                                116.502032,
                                44.79773
                            ],
                            [
                                116.499868,
                                44.806459
                            ],
                            [
                                116.501755,
                                44.810411
                            ],
                            [
                                116.497202,
                                44.81182
                            ],
                            [
                                116.498241,
                                44.815205
                            ],
                            [
                                116.491732,
                                44.816029
                            ],
                            [
                                116.493152,
                                44.817785
                            ],
                            [
                                116.489395,
                                44.821133
                            ],
                            [
                                116.485622,
                                44.819633
                            ],
                            [
                                116.481329,
                                44.822523
                            ],
                            [
                                116.478836,
                                44.827664
                            ],
                            [
                                116.469454,
                                44.83584
                            ],
                            [
                                116.460452,
                                44.834779
                            ],
                            [
                                116.449564,
                                44.838492
                            ],
                            [
                                116.447919,
                                44.844563
                            ],
                            [
                                116.445132,
                                44.843978
                            ],
                            [
                                116.440026,
                                44.848934
                            ],
                            [
                                116.436598,
                                44.859429
                            ],
                            [
                                116.433846,
                                44.861202
                            ],
                            [
                                116.437014,
                                44.867034
                            ]
                        ]
                    ]
                ]
            }
        }
    ]
}