{
    "type": "FeatureCollection",
    "features": [
        {
            "type": "Feature",
            "properties": {
                "adcode": 210303,
                "name": "铁西区",
                "center": [
                    122.971834,
                    41.11069
                ],
                "centroid": [
                    122.928418,
                    41.132878
                ],
                "childrenNum": 0,
                "level": "district",
                "acroutes": [
                    100000,
                    210000,
                    210300
                ],
                "parent": {
                    "adcode": 210300
                }
            },
            "geometry": {
                "type": "MultiPolygon",
                "coordinates": [
                    [
                        [
                            [
                                122.832905,
                                41.082452
                            ],
                            [
                                122.834906,
                                41.083969
                            ],
                            [
                                122.83636,
                                41.084762
                            ],
                            [
                                122.837176,
                                41.084998
                            ],
                            [
                                122.838373,
                                41.08511
                            ],
                            [
                                122.838822,
                                41.085031
                            ],
                            [
                                122.839081,
                                41.084833
                            ],
                            [
                                122.839481,
                                41.083391
                            ],
                            [
                                122.839836,
                                41.082587
                            ],
                            [
                                122.84104,
                                41.081441
                            ],
                            [
                                122.841449,
                                41.081211
                            ],
                            [
                                122.842254,
                                41.081328
                            ],
                            [
                                122.843813,
                                41.081858
                            ],
                            [
                                122.844664,
                                41.081931
                            ],
                            [
                                122.845521,
                                41.082351
                            ],
                            [
                                122.84637,
                                41.082346
                            ],
                            [
                                122.847791,
                                41.082728
                            ],
                            [
                                122.848736,
                                41.082801
                            ],
                            [
                                122.850495,
                                41.083181
                            ],
                            [
                                122.852611,
                                41.082754
                            ],
                            [
                                122.853312,
                                41.082493
                            ],
                            [
                                122.855982,
                                41.080039
                            ],
                            [
                                122.857084,
                                41.07939
                            ],
                            [
                                122.857593,
                                41.079428
                            ],
                            [
                                122.858096,
                                41.079852
                            ],
                            [
                                122.859145,
                                41.081528
                            ],
                            [
                                122.860003,
                                41.083389
                            ],
                            [
                                122.860662,
                                41.084076
                            ],
                            [
                                122.861711,
                                41.084313
                            ],
                            [
                                122.864328,
                                41.083619
                            ],
                            [
                                122.864935,
                                41.083156
                            ],
                            [
                                122.865431,
                                41.082626
                            ],
                            [
                                122.86609,
                                41.082354
                            ],
                            [
                                122.866349,
                                41.082398
                            ],
                            [
                                122.867346,
                                41.082884
                            ],
                            [
                                122.867659,
                                41.083309
                            ],
                            [
                                122.8681,
                                41.084265
                            ],
                            [
                                122.869669,
                                41.085752
                            ],
                            [
                                122.870624,
                                41.086355
                            ],
                            [
                                122.87294,
                                41.087156
                            ],
                            [
                                122.87445,
                                41.087454
                            ],
                            [
                                122.875056,
                                41.08776
                            ],
                            [
                                122.8753,
                                41.087995
                            ],
                            [
                                122.875802,
                                41.088103
                            ],
                            [
                                122.876451,
                                41.087911
                            ],
                            [
                                122.877215,
                                41.087302
                            ],
                            [
                                122.877424,
                                41.086958
                            ],
                            [
                                122.877718,
                                41.08585
                            ],
                            [
                                122.878066,
                                41.085355
                            ],
                            [
                                122.879531,
                                41.084589
                            ],
                            [
                                122.880207,
                                41.084679
                            ],
                            [
                                122.882656,
                                41.085698
                            ],
                            [
                                122.88512,
                                41.085839
                            ],
                            [
                                122.887186,
                                41.086145
                            ],
                            [
                                122.88859,
                                41.086492
                            ],
                            [
                                122.888999,
                                41.086452
                            ],
                            [
                                122.88951,
                                41.086257
                            ],
                            [
                                122.889848,
                                41.085961
                            ],
                            [
                                122.890058,
                                41.085609
                            ],
                            [
                                122.890013,
                                41.083857
                            ],
                            [
                                122.890109,
                                41.083059
                            ],
                            [
                                122.890309,
                                41.082329
                            ],
                            [
                                122.890159,
                                41.0813
                            ],
                            [
                                122.890255,
                                41.080839
                            ],
                            [
                                122.891212,
                                41.079887
                            ],
                            [
                                122.891965,
                                41.079426
                            ],
                            [
                                122.892685,
                                41.078764
                            ],
                            [
                                122.893947,
                                41.078191
                            ],
                            [
                                122.894406,
                                41.078262
                            ],
                            [
                                122.894796,
                                41.078485
                            ],
                            [
                                122.895212,
                                41.078357
                            ],
                            [
                                122.894892,
                                41.076566
                            ],
                            [
                                122.894648,
                                41.075841
                            ],
                            [
                                122.8943,
                                41.075841
                            ],
                            [
                                122.894041,
                                41.075116
                            ],
                            [
                                122.894724,
                                41.074973
                            ],
                            [
                                122.895562,
                                41.074868
                            ],
                            [
                                122.895944,
                                41.075035
                            ],
                            [
                                122.900469,
                                41.074256
                            ],
                            [
                                122.903931,
                                41.074054
                            ],
                            [
                                122.906467,
                                41.074141
                            ],
                            [
                                122.910369,
                                41.074111
                            ],
                            [
                                122.914888,
                                41.073516
                            ],
                            [
                                122.919614,
                                41.072381
                            ],
                            [
                                122.922872,
                                41.071668
                            ],
                            [
                                122.927375,
                                41.07203
                            ],
                            [
                                122.929607,
                                41.068634
                            ],
                            [
                                122.933878,
                                41.064863
                            ],
                            [
                                122.936409,
                                41.06475
                            ],
                            [
                                122.937998,
                                41.068583
                            ],
                            [
                                122.939261,
                                41.068876
                            ],
                            [
                                122.940003,
                                41.071161
                            ],
                            [
                                122.940277,
                                41.07111
                            ],
                            [
                                122.94423,
                                41.070918
                            ],
                            [
                                122.944163,
                                41.070688
                            ],
                            [
                                122.946596,
                                41.070507
                            ],
                            [
                                122.94761,
                                41.070497
                            ],
                            [
                                122.947715,
                                41.07042
                            ],
                            [
                                122.950932,
                                41.070268
                            ],
                            [
                                122.951816,
                                41.070158
                            ],
                            [
                                122.952119,
                                41.070051
                            ],
                            [
                                122.953323,
                                41.069402
                            ],
                            [
                                122.95552,
                                41.071777
                            ],
                            [
                                122.958096,
                                41.074884
                            ],
                            [
                                122.961501,
                                41.078506
                            ],
                            [
                                122.964368,
                                41.083387
                            ],
                            [
                                122.965065,
                                41.08309
                            ],
                            [
                                122.96544,
                                41.083229
                            ],
                            [
                                122.970357,
                                41.089352
                            ],
                            [
                                122.971847,
                                41.090906
                            ],
                            [
                                122.974044,
                                41.093992
                            ],
                            [
                                122.974872,
                                41.095338
                            ],
                            [
                                122.980952,
                                41.105828
                            ],
                            [
                                122.981709,
                                41.106921
                            ],
                            [
                                122.983228,
                                41.109307
                            ],
                            [
                                122.986368,
                                41.114634
                            ],
                            [
                                122.987457,
                                41.116679
                            ],
                            [
                                122.991811,
                                41.124266
                            ],
                            [
                                122.993094,
                                41.126226
                            ],
                            [
                                122.994714,
                                41.128246
                            ],
                            [
                                122.99599,
                                41.129402
                            ],
                            [
                                123.00042,
                                41.13295
                            ],
                            [
                                123.004521,
                                41.136199
                            ],
                            [
                                123.005548,
                                41.137115
                            ],
                            [
                                123.006362,
                                41.138133
                            ],
                            [
                                123.006998,
                                41.138817
                            ],
                            [
                                123.013662,
                                41.147529
                            ],
                            [
                                123.015642,
                                41.149259
                            ],
                            [
                                123.01948,
                                41.152932
                            ],
                            [
                                123.021513,
                                41.154628
                            ],
                            [
                                123.022088,
                                41.155163
                            ],
                            [
                                123.022524,
                                41.155809
                            ],
                            [
                                123.022673,
                                41.157352
                            ],
                            [
                                123.022543,
                                41.158467
                            ],
                            [
                                123.02256,
                                41.160004
                            ],
                            [
                                123.019238,
                                41.159885
                            ],
                            [
                                123.017292,
                                41.160084
                            ],
                            [
                                123.015669,
                                41.160774
                            ],
                            [
                                123.014214,
                                41.161617
                            ],
                            [
                                123.014598,
                                41.162053
                            ],
                            [
                                123.014746,
                                41.16258
                            ],
                            [
                                123.014945,
                                41.162935
                            ],
                            [
                                123.015374,
                                41.163001
                            ],
                            [
                                123.015566,
                                41.164379
                            ],
                            [
                                123.014388,
                                41.164918
                            ],
                            [
                                123.014659,
                                41.165241
                            ],
                            [
                                123.01459,
                                41.165416
                            ],
                            [
                                123.009741,
                                41.168023
                            ],
                            [
                                123.009278,
                                41.168852
                            ],
                            [
                                123.008878,
                                41.169206
                            ],
                            [
                                123.006366,
                                41.170454
                            ],
                            [
                                123.001515,
                                41.172903
                            ],
                            [
                                123.000897,
                                41.173286
                            ],
                            [
                                122.994029,
                                41.174866
                            ],
                            [
                                122.993182,
                                41.175238
                            ],
                            [
                                122.991663,
                                41.175735
                            ],
                            [
                                122.988878,
                                41.176603
                            ],
                            [
                                122.98617,
                                41.177979
                            ],
                            [
                                122.985821,
                                41.178929
                            ],
                            [
                                122.986053,
                                41.180266
                            ],
                            [
                                122.987128,
                                41.18142
                            ],
                            [
                                122.987038,
                                41.181992
                            ],
                            [
                                122.986608,
                                41.18269
                            ],
                            [
                                122.986671,
                                41.184089
                            ],
                            [
                                122.988336,
                                41.18901
                            ],
                            [
                                122.986573,
                                41.191331
                            ],
                            [
                                122.985158,
                                41.196751
                            ],
                            [
                                122.987313,
                                41.199419
                            ],
                            [
                                122.987612,
                                41.200476
                            ],
                            [
                                122.983203,
                                41.201081
                            ],
                            [
                                122.976556,
                                41.202259
                            ],
                            [
                                122.974476,
                                41.202704
                            ],
                            [
                                122.972323,
                                41.201588
                            ],
                            [
                                122.969446,
                                41.198584
                            ],
                            [
                                122.965486,
                                41.193732
                            ],
                            [
                                122.965306,
                                41.193669
                            ],
                            [
                                122.964009,
                                41.193646
                            ],
                            [
                                122.962463,
                                41.191348
                            ],
                            [
                                122.959842,
                                41.192047
                            ],
                            [
                                122.958881,
                                41.190058
                            ],
                            [
                                122.958019,
                                41.188887
                            ],
                            [
                                122.957531,
                                41.188646
                            ],
                            [
                                122.957184,
                                41.188076
                            ],
                            [
                                122.955382,
                                41.188639
                            ],
                            [
                                122.956358,
                                41.189859
                            ],
                            [
                                122.957514,
                                41.190146
                            ],
                            [
                                122.958384,
                                41.192477
                            ],
                            [
                                122.947009,
                                41.195699
                            ],
                            [
                                122.946146,
                                41.196581
                            ],
                            [
                                122.939062,
                                41.191788
                            ],
                            [
                                122.938697,
                                41.192164
                            ],
                            [
                                122.939713,
                                41.192835
                            ],
                            [
                                122.939102,
                                41.1934
                            ],
                            [
                                122.93896,
                                41.193352
                            ],
                            [
                                122.938618,
                                41.19363
                            ],
                            [
                                122.938313,
                                41.193333
                            ],
                            [
                                122.937395,
                                41.193523
                            ],
                            [
                                122.937875,
                                41.194206
                            ],
                            [
                                122.935574,
                                41.196053
                            ],
                            [
                                122.932751,
                                41.194259
                            ],
                            [
                                122.931643,
                                41.195046
                            ],
                            [
                                122.929887,
                                41.193814
                            ],
                            [
                                122.929332,
                                41.194004
                            ],
                            [
                                122.92905,
                                41.193905
                            ],
                            [
                                122.926367,
                                41.195633
                            ],
                            [
                                122.926265,
                                41.195612
                            ],
                            [
                                122.923964,
                                41.193608
                            ],
                            [
                                122.923615,
                                41.193822
                            ],
                            [
                                122.923361,
                                41.193723
                            ],
                            [
                                122.922979,
                                41.193018
                            ],
                            [
                                122.922868,
                                41.193018
                            ],
                            [
                                122.921854,
                                41.19144
                            ],
                            [
                                122.917969,
                                41.194093
                            ],
                            [
                                122.917705,
                                41.194067
                            ],
                            [
                                122.917377,
                                41.193713
                            ],
                            [
                                122.917435,
                                41.192814
                            ],
                            [
                                122.917162,
                                41.191888
                            ],
                            [
                                122.916196,
                                41.19211
                            ],
                            [
                                122.915814,
                                41.1921
                            ],
                            [
                                122.915184,
                                41.189573
                            ],
                            [
                                122.914224,
                                41.189606
                            ],
                            [
                                122.913087,
                                41.189497
                            ],
                            [
                                122.911587,
                                41.189601
                            ],
                            [
                                122.912324,
                                41.193284
                            ],
                            [
                                122.90962,
                                41.194211
                            ],
                            [
                                122.908593,
                                41.192511
                            ],
                            [
                                122.906947,
                                41.192835
                            ],
                            [
                                122.906284,
                                41.190977
                            ],
                            [
                                122.905913,
                                41.19083
                            ],
                            [
                                122.904917,
                                41.190761
                            ],
                            [
                                122.904744,
                                41.190678
                            ],
                            [
                                122.904229,
                                41.18967
                            ],
                            [
                                122.901755,
                                41.185513
                            ],
                            [
                                122.901243,
                                41.185472
                            ],
                            [
                                122.898961,
                                41.181289
                            ],
                            [
                                122.898456,
                                41.176783
                            ],
                            [
                                122.897801,
                                41.17571
                            ],
                            [
                                122.896979,
                                41.174717
                            ],
                            [
                                122.896889,
                                41.174447
                            ],
                            [
                                122.896601,
                                41.174437
                            ],
                            [
                                122.896781,
                                41.174284
                            ],
                            [
                                122.896664,
                                41.174028
                            ],
                            [
                                122.896739,
                                41.173682
                            ],
                            [
                                122.896205,
                                41.172782
                            ],
                            [
                                122.896217,
                                41.172345
                            ],
                            [
                                122.895902,
                                41.171516
                            ],
                            [
                                122.895629,
                                41.171458
                            ],
                            [
                                122.893303,
                                41.171912
                            ],
                            [
                                122.892454,
                                41.171854
                            ],
                            [
                                122.891809,
                                41.17191
                            ],
                            [
                                122.890449,
                                41.171625
                            ],
                            [
                                122.890229,
                                41.171334
                            ],
                            [
                                122.888894,
                                41.170486
                            ],
                            [
                                122.887163,
                                41.168927
                            ],
                            [
                                122.885489,
                                41.16684
                            ],
                            [
                                122.881208,
                                41.168513
                            ],
                            [
                                122.879447,
                                41.168816
                            ],
                            [
                                122.875592,
                                41.170624
                            ],
                            [
                                122.873443,
                                41.168834
                            ],
                            [
                                122.871309,
                                41.166795
                            ],
                            [
                                122.866752,
                                41.163172
                            ],
                            [
                                122.86965,
                                41.161514
                            ],
                            [
                                122.870019,
                                41.16192
                            ],
                            [
                                122.870144,
                                41.16192
                            ],
                            [
                                122.874816,
                                41.159793
                            ],
                            [
                                122.874816,
                                41.159699
                            ],
                            [
                                122.873704,
                                41.158811
                            ],
                            [
                                122.873841,
                                41.158513
                            ],
                            [
                                122.874386,
                                41.158272
                            ],
                            [
                                122.875959,
                                41.15772
                            ],
                            [
                                122.874392,
                                41.155421
                            ],
                            [
                                122.872022,
                                41.152249
                            ],
                            [
                                122.87014,
                                41.153406
                            ],
                            [
                                122.868842,
                                41.151656
                            ],
                            [
                                122.868655,
                                41.151609
                            ],
                            [
                                122.868162,
                                41.150906
                            ],
                            [
                                122.868162,
                                41.150718
                            ],
                            [
                                122.86569,
                                41.147455
                            ],
                            [
                                122.866971,
                                41.14716
                            ],
                            [
                                122.867386,
                                41.146738
                            ],
                            [
                                122.866725,
                                41.145595
                            ],
                            [
                                122.865323,
                                41.144885
                            ],
                            [
                                122.860076,
                                41.14426
                            ],
                            [
                                122.858169,
                                41.14495
                            ],
                            [
                                122.850892,
                                41.138747
                            ],
                            [
                                122.85075,
                                41.138377
                            ],
                            [
                                122.855363,
                                41.137941
                            ],
                            [
                                122.854486,
                                41.136462
                            ],
                            [
                                122.855229,
                                41.136104
                            ],
                            [
                                122.85331,
                                41.133782
                            ],
                            [
                                122.853654,
                                41.133553
                            ],
                            [
                                122.848734,
                                41.129789
                            ],
                            [
                                122.85042,
                                41.12849
                            ],
                            [
                                122.84983,
                                41.128062
                            ],
                            [
                                122.852834,
                                41.12505
                            ],
                            [
                                122.853065,
                                41.125323
                            ],
                            [
                                122.853616,
                                41.125096
                            ],
                            [
                                122.853168,
                                41.124581
                            ],
                            [
                                122.853635,
                                41.124324
                            ],
                            [
                                122.852529,
                                41.123063
                            ],
                            [
                                122.852953,
                                41.122936
                            ],
                            [
                                122.853658,
                                41.122567
                            ],
                            [
                                122.855129,
                                41.121352
                            ],
                            [
                                122.855463,
                                41.121148
                            ],
                            [
                                122.856337,
                                41.120879
                            ],
                            [
                                122.853287,
                                41.117926
                            ],
                            [
                                122.85447,
                                41.116749
                            ],
                            [
                                122.856754,
                                41.11498
                            ],
                            [
                                122.852932,
                                41.111115
                            ],
                            [
                                122.851705,
                                41.112075
                            ],
                            [
                                122.851184,
                                41.111868
                            ],
                            [
                                122.850627,
                                41.111473
                            ],
                            [
                                122.850024,
                                41.111651
                            ],
                            [
                                122.849112,
                                41.110876
                            ],
                            [
                                122.848649,
                                41.110782
                            ],
                            [
                                122.848021,
                                41.111144
                            ],
                            [
                                122.847856,
                                41.111051
                            ],
                            [
                                122.846957,
                                41.109799
                            ],
                            [
                                122.846794,
                                41.109747
                            ],
                            [
                                122.846014,
                                41.110132
                            ],
                            [
                                122.84398,
                                41.108588
                            ],
                            [
                                122.843593,
                                41.107449
                            ],
                            [
                                122.841997,
                                41.106502
                            ],
                            [
                                122.841576,
                                41.10609
                            ],
                            [
                                122.841442,
                                41.104868
                            ],
                            [
                                122.841649,
                                41.103447
                            ],
                            [
                                122.842239,
                                41.102824
                            ],
                            [
                                122.842361,
                                41.102297
                            ],
                            [
                                122.840508,
                                41.100741
                            ],
                            [
                                122.840197,
                                41.100194
                            ],
                            [
                                122.839652,
                                41.09951
                            ],
                            [
                                122.839243,
                                41.099262
                            ],
                            [
                                122.838778,
                                41.099273
                            ],
                            [
                                122.837236,
                                41.100413
                            ],
                            [
                                122.835044,
                                41.098209
                            ],
                            [
                                122.832342,
                                41.093778
                            ],
                            [
                                122.83166,
                                41.092349
                            ],
                            [
                                122.83103,
                                41.091587
                            ],
                            [
                                122.831411,
                                41.090799
                            ],
                            [
                                122.831439,
                                41.090561
                            ],
                            [
                                122.830623,
                                41.089409
                            ],
                            [
                                122.830954,
                                41.087825
                            ],
                            [
                                122.831872,
                                41.086435
                            ],
                            [
                                122.831764,
                                41.085957
                            ],
                            [
                                122.831428,
                                41.085362
                            ],
                            [
                                122.831393,
                                41.085081
                            ],
                            [
                                122.831804,
                                41.0846
                            ],
                            [
                                122.831656,
                                41.083748
                            ],
                            [
                                122.832204,
                                41.082946
                            ],
                            [
                                122.832905,
                                41.082452
                            ]
                        ]
                    ]
                ]
            }
        }
    ]
}