{
    "type": "FeatureCollection",
    "features": [
        {
            "type": "Feature",
            "properties": {
                "adcode": 210311,
                "name": "千山区",
                "center": [
                    122.949298,
                    41.068909
                ],
                "centroid": [
                    122.946713,
                    40.985217
                ],
                "childrenNum": 0,
                "level": "district",
                "acroutes": [
                    100000,
                    210000,
                    210300
                ],
                "parent": {
                    "adcode": 210300
                }
            },
            "geometry": {
                "type": "MultiPolygon",
                "coordinates": [
                    [
                        [
                            [
                                122.953324,
                                41.069401
                            ],
                            [
                                122.95212,
                                41.070051
                            ],
                            [
                                122.951817,
                                41.070158
                            ],
                            [
                                122.950934,
                                41.070267
                            ],
                            [
                                122.947713,
                                41.07042
                            ],
                            [
                                122.947609,
                                41.070497
                            ],
                            [
                                122.946597,
                                41.070507
                            ],
                            [
                                122.944163,
                                41.070688
                            ],
                            [
                                122.94423,
                                41.070918
                            ],
                            [
                                122.940278,
                                41.07111
                            ],
                            [
                                122.940002,
                                41.071162
                            ],
                            [
                                122.939264,
                                41.068877
                            ],
                            [
                                122.937999,
                                41.068585
                            ],
                            [
                                122.936411,
                                41.064749
                            ],
                            [
                                122.933879,
                                41.064863
                            ],
                            [
                                122.929607,
                                41.068635
                            ],
                            [
                                122.927374,
                                41.072031
                            ],
                            [
                                122.92287,
                                41.071668
                            ],
                            [
                                122.919612,
                                41.072381
                            ],
                            [
                                122.914888,
                                41.073515
                            ],
                            [
                                122.91037,
                                41.074112
                            ],
                            [
                                122.906466,
                                41.074142
                            ],
                            [
                                122.90393,
                                41.074053
                            ],
                            [
                                122.900467,
                                41.074255
                            ],
                            [
                                122.895942,
                                41.075035
                            ],
                            [
                                122.895561,
                                41.074868
                            ],
                            [
                                122.894725,
                                41.074972
                            ],
                            [
                                122.894431,
                                41.073838
                            ],
                            [
                                122.894944,
                                41.073881
                            ],
                            [
                                122.894361,
                                41.071767
                            ],
                            [
                                122.893953,
                                41.07089
                            ],
                            [
                                122.892452,
                                41.070043
                            ],
                            [
                                122.887755,
                                41.065782
                            ],
                            [
                                122.886828,
                                41.065312
                            ],
                            [
                                122.884602,
                                41.064637
                            ],
                            [
                                122.884434,
                                41.064515
                            ],
                            [
                                122.884899,
                                41.063886
                            ],
                            [
                                122.885075,
                                41.063094
                            ],
                            [
                                122.889812,
                                41.059664
                            ],
                            [
                                122.888821,
                                41.059285
                            ],
                            [
                                122.885941,
                                41.057562
                            ],
                            [
                                122.885941,
                                41.057282
                            ],
                            [
                                122.886727,
                                41.056777
                            ],
                            [
                                122.886905,
                                41.056573
                            ],
                            [
                                122.886939,
                                41.056202
                            ],
                            [
                                122.886531,
                                41.056212
                            ],
                            [
                                122.88529,
                                41.057048
                            ],
                            [
                                122.884673,
                                41.057043
                            ],
                            [
                                122.884316,
                                41.05654
                            ],
                            [
                                122.883891,
                                41.056293
                            ],
                            [
                                122.883648,
                                41.056257
                            ],
                            [
                                122.882991,
                                41.055793
                            ],
                            [
                                122.88062,
                                41.056117
                            ],
                            [
                                122.880516,
                                41.056364
                            ],
                            [
                                122.879545,
                                41.056575
                            ],
                            [
                                122.879147,
                                41.056993
                            ],
                            [
                                122.878931,
                                41.0568
                            ],
                            [
                                122.878992,
                                41.056354
                            ],
                            [
                                122.878425,
                                41.05538
                            ],
                            [
                                122.87796,
                                41.055429
                            ],
                            [
                                122.877673,
                                41.055227
                            ],
                            [
                                122.876935,
                                41.054471
                            ],
                            [
                                122.875805,
                                41.053026
                            ],
                            [
                                122.877852,
                                41.052086
                            ],
                            [
                                122.877812,
                                41.051823
                            ],
                            [
                                122.876284,
                                41.049571
                            ],
                            [
                                122.87655,
                                41.049429
                            ],
                            [
                                122.877619,
                                41.049163
                            ],
                            [
                                122.87795,
                                41.049669
                            ],
                            [
                                122.878965,
                                41.049746
                            ],
                            [
                                122.878958,
                                41.049629
                            ],
                            [
                                122.879582,
                                41.049213
                            ],
                            [
                                122.879181,
                                41.048734
                            ],
                            [
                                122.879069,
                                41.048269
                            ],
                            [
                                122.878661,
                                41.048035
                            ],
                            [
                                122.878816,
                                41.047601
                            ],
                            [
                                122.878773,
                                41.047165
                            ],
                            [
                                122.878479,
                                41.046894
                            ],
                            [
                                122.877339,
                                41.046729
                            ],
                            [
                                122.876864,
                                41.046139
                            ],
                            [
                                122.876058,
                                41.046149
                            ],
                            [
                                122.875745,
                                41.045788
                            ],
                            [
                                122.874409,
                                41.04609
                            ],
                            [
                                122.874298,
                                41.04602
                            ],
                            [
                                122.874224,
                                41.045079
                            ],
                            [
                                122.869463,
                                41.040608
                            ],
                            [
                                122.867902,
                                41.039953
                            ],
                            [
                                122.867153,
                                41.039062
                            ],
                            [
                                122.866772,
                                41.037626
                            ],
                            [
                                122.866061,
                                41.037145
                            ],
                            [
                                122.864854,
                                41.037071
                            ],
                            [
                                122.864139,
                                41.036933
                            ],
                            [
                                122.863346,
                                41.03594
                            ],
                            [
                                122.862193,
                                41.033341
                            ],
                            [
                                122.861552,
                                41.032689
                            ],
                            [
                                122.858757,
                                41.032422
                            ],
                            [
                                122.857429,
                                41.029738
                            ],
                            [
                                122.857172,
                                41.028747
                            ],
                            [
                                122.856643,
                                41.028267
                            ],
                            [
                                122.855837,
                                41.028058
                            ],
                            [
                                122.855163,
                                41.02816
                            ],
                            [
                                122.852273,
                                41.02982
                            ],
                            [
                                122.851332,
                                41.029883
                            ],
                            [
                                122.850355,
                                41.026124
                            ],
                            [
                                122.850095,
                                41.025442
                            ],
                            [
                                122.849474,
                                41.025029
                            ],
                            [
                                122.849211,
                                41.024518
                            ],
                            [
                                122.849222,
                                41.023799
                            ],
                            [
                                122.850095,
                                41.022199
                            ],
                            [
                                122.850516,
                                41.021006
                            ],
                            [
                                122.850479,
                                41.020459
                            ],
                            [
                                122.84875,
                                41.019087
                            ],
                            [
                                122.846666,
                                41.017509
                            ],
                            [
                                122.845486,
                                41.015697
                            ],
                            [
                                122.845374,
                                41.010711
                            ],
                            [
                                122.845024,
                                41.010233
                            ],
                            [
                                122.84444,
                                41.010231
                            ],
                            [
                                122.843452,
                                41.010465
                            ],
                            [
                                122.842458,
                                41.011042
                            ],
                            [
                                122.840333,
                                41.012365
                            ],
                            [
                                122.839467,
                                41.01342
                            ],
                            [
                                122.83888,
                                41.013794
                            ],
                            [
                                122.836378,
                                41.013614
                            ],
                            [
                                122.835792,
                                41.013883
                            ],
                            [
                                122.83541,
                                41.015247
                            ],
                            [
                                122.834416,
                                41.01613
                            ],
                            [
                                122.830896,
                                41.018062
                            ],
                            [
                                122.829321,
                                41.018398
                            ],
                            [
                                122.828158,
                                41.018393
                            ],
                            [
                                122.825575,
                                41.017258
                            ],
                            [
                                122.824523,
                                41.017321
                            ],
                            [
                                122.82342,
                                41.020832
                            ],
                            [
                                122.82283,
                                41.021273
                            ],
                            [
                                122.821802,
                                41.02127
                            ],
                            [
                                122.810934,
                                41.016756
                            ],
                            [
                                122.809997,
                                41.017878
                            ],
                            [
                                122.810189,
                                41.018767
                            ],
                            [
                                122.810263,
                                41.019807
                            ],
                            [
                                122.809805,
                                41.020575
                            ],
                            [
                                122.806146,
                                41.022846
                            ],
                            [
                                122.805246,
                                41.02308
                            ],
                            [
                                122.80471,
                                41.022908
                            ],
                            [
                                122.803897,
                                41.020038
                            ],
                            [
                                122.802916,
                                41.01959
                            ],
                            [
                                122.802201,
                                41.019588
                            ],
                            [
                                122.801743,
                                41.020267
                            ],
                            [
                                122.801598,
                                41.021121
                            ],
                            [
                                122.79948,
                                41.021897
                            ],
                            [
                                122.799231,
                                41.02367
                            ],
                            [
                                122.798468,
                                41.023837
                            ],
                            [
                                122.797841,
                                41.02363
                            ],
                            [
                                122.797467,
                                41.021683
                            ],
                            [
                                122.796982,
                                41.021151
                            ],
                            [
                                122.794871,
                                41.021347
                            ],
                            [
                                122.793981,
                                41.021208
                            ],
                            [
                                122.79332,
                                41.020282
                            ],
                            [
                                122.793242,
                                41.019359
                            ],
                            [
                                122.794058,
                                41.018716
                            ],
                            [
                                122.794422,
                                41.018171
                            ],
                            [
                                122.794402,
                                41.016445
                            ],
                            [
                                122.795002,
                                41.015409
                            ],
                            [
                                122.792197,
                                41.010822
                            ],
                            [
                                122.791482,
                                41.010546
                            ],
                            [
                                122.790902,
                                41.010579
                            ],
                            [
                                122.789907,
                                41.010915
                            ],
                            [
                                122.789371,
                                41.010912
                            ],
                            [
                                122.788616,
                                41.010499
                            ],
                            [
                                122.785925,
                                41.007347
                            ],
                            [
                                122.785207,
                                41.007342
                            ],
                            [
                                122.784398,
                                41.007407
                            ],
                            [
                                122.783953,
                                41.007133
                            ],
                            [
                                122.78314,
                                41.006001
                            ],
                            [
                                122.781663,
                                41.005876
                            ],
                            [
                                122.780567,
                                41.005582
                            ],
                            [
                                122.780314,
                                41.004555
                            ],
                            [
                                122.780008,
                                41.003973
                            ],
                            [
                                122.77938,
                                41.003972
                            ],
                            [
                                122.77843,
                                41.004512
                            ],
                            [
                                122.777566,
                                41.005207
                            ],
                            [
                                122.77614,
                                41.004704
                            ],
                            [
                                122.774511,
                                41.003963
                            ],
                            [
                                122.772873,
                                41.004177
                            ],
                            [
                                122.770307,
                                41.004779
                            ],
                            [
                                122.768965,
                                41.004567
                            ],
                            [
                                122.767845,
                                41.004288
                            ],
                            [
                                122.766409,
                                41.004281
                            ],
                            [
                                122.764581,
                                41.003655
                            ],
                            [
                                122.764039,
                                41.003687
                            ],
                            [
                                122.763293,
                                41.003513
                            ],
                            [
                                122.76361,
                                41.002303
                            ],
                            [
                                122.762764,
                                41.000199
                            ],
                            [
                                122.763155,
                                40.999552
                            ],
                            [
                                122.763543,
                                40.999163
                            ],
                            [
                                122.763354,
                                40.998156
                            ],
                            [
                                122.762339,
                                40.996938
                            ],
                            [
                                122.759935,
                                40.995559
                            ],
                            [
                                122.762838,
                                40.994061
                            ],
                            [
                                122.764551,
                                40.993728
                            ],
                            [
                                122.769073,
                                40.991361
                            ],
                            [
                                122.769723,
                                40.98959
                            ],
                            [
                                122.770182,
                                40.988774
                            ],
                            [
                                122.770209,
                                40.987
                            ],
                            [
                                122.770485,
                                40.986456
                            ],
                            [
                                122.774903,
                                40.984959
                            ],
                            [
                                122.775274,
                                40.984314
                            ],
                            [
                                122.775425,
                                40.982914
                            ],
                            [
                                122.775624,
                                40.981515
                            ],
                            [
                                122.775813,
                                40.98097
                            ],
                            [
                                122.776538,
                                40.980393
                            ],
                            [
                                122.783551,
                                40.979232
                            ],
                            [
                                122.784404,
                                40.979033
                            ],
                            [
                                122.785588,
                                40.977842
                            ],
                            [
                                122.785827,
                                40.976685
                            ],
                            [
                                122.786107,
                                40.9759
                            ],
                            [
                                122.786741,
                                40.975492
                            ],
                            [
                                122.787429,
                                40.97454
                            ],
                            [
                                122.787985,
                                40.96997
                            ],
                            [
                                122.788087,
                                40.969048
                            ],
                            [
                                122.788761,
                                40.968881
                            ],
                            [
                                122.790555,
                                40.968719
                            ],
                            [
                                122.792133,
                                40.968178
                            ],
                            [
                                122.791961,
                                40.961488
                            ],
                            [
                                122.792241,
                                40.960636
                            ],
                            [
                                122.793633,
                                40.960405
                            ],
                            [
                                122.797261,
                                40.960591
                            ],
                            [
                                122.797609,
                                40.961275
                            ],
                            [
                                122.797733,
                                40.962062
                            ],
                            [
                                122.798243,
                                40.962303
                            ],
                            [
                                122.801904,
                                40.961839
                            ],
                            [
                                122.802619,
                                40.961945
                            ],
                            [
                                122.803597,
                                40.962426
                            ],
                            [
                                122.804669,
                                40.962636
                            ],
                            [
                                122.805657,
                                40.962639
                            ],
                            [
                                122.80651,
                                40.962267
                            ],
                            [
                                122.811973,
                                40.959594
                            ],
                            [
                                122.812296,
                                40.958844
                            ],
                            [
                                122.812303,
                                40.958232
                            ],
                            [
                                122.812492,
                                40.957583
                            ],
                            [
                                122.815237,
                                40.956741
                            ],
                            [
                                122.816805,
                                40.956642
                            ],
                            [
                                122.818821,
                                40.956652
                            ],
                            [
                                122.819937,
                                40.957066
                            ],
                            [
                                122.824054,
                                40.958789
                            ],
                            [
                                122.824641,
                                40.958448
                            ],
                            [
                                122.823336,
                                40.957454
                            ],
                            [
                                122.823117,
                                40.956975
                            ],
                            [
                                122.823666,
                                40.956226
                            ],
                            [
                                122.824206,
                                40.95599
                            ],
                            [
                                122.825797,
                                40.954425
                            ],
                            [
                                122.826118,
                                40.953746
                            ],
                            [
                                122.826374,
                                40.953011
                            ],
                            [
                                122.826768,
                                40.952057
                            ],
                            [
                                122.827119,
                                40.950966
                            ],
                            [
                                122.827601,
                                40.950133
                            ],
                            [
                                122.828903,
                                40.949949
                            ],
                            [
                                122.829705,
                                40.950345
                            ],
                            [
                                122.830147,
                                40.950791
                            ],
                            [
                                122.830896,
                                40.951647
                            ],
                            [
                                122.831742,
                                40.951855
                            ],
                            [
                                122.83358,
                                40.951895
                            ],
                            [
                                122.834895,
                                40.950809
                            ],
                            [
                                122.835616,
                                40.950469
                            ],
                            [
                                122.836334,
                                40.950371
                            ],
                            [
                                122.837454,
                                40.950376
                            ],
                            [
                                122.837943,
                                40.950581
                            ],
                            [
                                122.838718,
                                40.951249
                            ],
                            [
                                122.839406,
                                40.951508
                            ],
                            [
                                122.840485,
                                40.951514
                            ],
                            [
                                122.841015,
                                40.951788
                            ],
                            [
                                122.841412,
                                40.952337
                            ],
                            [
                                122.841854,
                                40.952817
                            ],
                            [
                                122.842522,
                                40.953056
                            ],
                            [
                                122.843041,
                                40.952819
                            ],
                            [
                                122.843007,
                                40.952069
                            ],
                            [
                                122.842721,
                                40.95159
                            ],
                            [
                                122.842795,
                                40.949661
                            ],
                            [
                                122.842623,
                                40.948995
                            ],
                            [
                                122.842117,
                                40.948481
                            ],
                            [
                                122.841857,
                                40.947763
                            ],
                            [
                                122.842201,
                                40.947049
                            ],
                            [
                                122.842704,
                                40.94654
                            ],
                            [
                                122.844663,
                                40.944226
                            ],
                            [
                                122.84503,
                                40.943509
                            ],
                            [
                                122.845307,
                                40.942743
                            ],
                            [
                                122.845941,
                                40.942421
                            ],
                            [
                                122.852435,
                                40.942447
                            ],
                            [
                                122.853608,
                                40.942008
                            ],
                            [
                                122.854236,
                                40.941874
                            ],
                            [
                                122.855581,
                                40.941846
                            ],
                            [
                                122.856525,
                                40.941474
                            ],
                            [
                                122.856805,
                                40.940724
                            ],
                            [
                                122.856869,
                                40.939427
                            ],
                            [
                                122.857112,
                                40.938132
                            ],
                            [
                                122.858113,
                                40.936838
                            ],
                            [
                                122.858835,
                                40.936569
                            ],
                            [
                                122.859826,
                                40.936401
                            ],
                            [
                                122.860946,
                                40.936338
                            ],
                            [
                                122.862692,
                                40.936346
                            ],
                            [
                                122.863478,
                                40.936314
                            ],
                            [
                                122.864354,
                                40.936113
                            ],
                            [
                                122.86512,
                                40.935879
                            ],
                            [
                                122.865885,
                                40.935539
                            ],
                            [
                                122.866469,
                                40.93537
                            ],
                            [
                                122.867008,
                                40.93534
                            ],
                            [
                                122.869159,
                                40.935348
                            ],
                            [
                                122.87041,
                                40.935628
                            ],
                            [
                                122.871156,
                                40.935427
                            ],
                            [
                                122.871786,
                                40.933586
                            ],
                            [
                                122.871978,
                                40.932682
                            ],
                            [
                                122.872208,
                                40.932188
                            ],
                            [
                                122.872666,
                                40.931473
                            ],
                            [
                                122.873128,
                                40.930451
                            ],
                            [
                                122.873718,
                                40.929806
                            ],
                            [
                                122.874197,
                                40.92916
                            ],
                            [
                                122.874251,
                                40.927079
                            ],
                            [
                                122.875138,
                                40.926058
                            ],
                            [
                                122.87564,
                                40.925395
                            ],
                            [
                                122.874834,
                                40.923939
                            ],
                            [
                                122.875242,
                                40.923601
                            ],
                            [
                                122.87681,
                                40.923574
                            ],
                            [
                                122.878247,
                                40.923512
                            ],
                            [
                                122.879207,
                                40.923519
                            ],
                            [
                                122.880054,
                                40.92417
                            ],
                            [
                                122.880863,
                                40.925538
                            ],
                            [
                                122.881082,
                                40.926085
                            ],
                            [
                                122.881477,
                                40.926701
                            ],
                            [
                                122.882165,
                                40.926994
                            ],
                            [
                                122.883763,
                                40.924988
                            ],
                            [
                                122.884511,
                                40.924294
                            ],
                            [
                                122.885101,
                                40.923971
                            ],
                            [
                                122.885627,
                                40.923139
                            ],
                            [
                                122.886201,
                                40.922424
                            ],
                            [
                                122.886656,
                                40.92195
                            ],
                            [
                                122.88756,
                                40.921269
                            ],
                            [
                                122.890179,
                                40.920018
                            ],
                            [
                                122.891447,
                                40.919343
                            ],
                            [
                                122.892169,
                                40.91904
                            ],
                            [
                                122.892668,
                                40.918496
                            ],
                            [
                                122.893083,
                                40.917883
                            ],
                            [
                                122.893271,
                                40.917202
                            ],
                            [
                                122.894003,
                                40.916251
                            ],
                            [
                                122.894998,
                                40.915642
                            ],
                            [
                                122.895767,
                                40.915236
                            ],
                            [
                                122.897793,
                                40.914768
                            ],
                            [
                                122.898508,
                                40.915081
                            ],
                            [
                                122.899169,
                                40.915903
                            ],
                            [
                                122.899907,
                                40.917749
                            ],
                            [
                                122.900481,
                                40.918367
                            ],
                            [
                                122.901317,
                                40.919534
                            ],
                            [
                                122.901762,
                                40.919807
                            ],
                            [
                                122.902254,
                                40.919946
                            ],
                            [
                                122.904965,
                                40.918684
                            ],
                            [
                                122.907389,
                                40.91868
                            ],
                            [
                                122.908954,
                                40.919337
                            ],
                            [
                                122.911018,
                                40.919486
                            ],
                            [
                                122.914663,
                                40.919027
                            ],
                            [
                                122.920162,
                                40.917595
                            ],
                            [
                                122.920708,
                                40.917326
                            ],
                            [
                                122.921251,
                                40.916904
                            ],
                            [
                                122.921673,
                                40.915796
                            ],
                            [
                                122.921689,
                                40.914398
                            ],
                            [
                                122.921882,
                                40.913681
                            ],
                            [
                                122.922229,
                                40.91302
                            ],
                            [
                                122.92289,
                                40.912459
                            ],
                            [
                                122.924245,
                                40.911784
                            ],
                            [
                                122.925924,
                                40.911613
                            ],
                            [
                                122.926511,
                                40.911514
                            ],
                            [
                                122.927681,
                                40.911181
                            ],
                            [
                                122.928315,
                                40.910845
                            ],
                            [
                                122.928952,
                                40.9103
                            ],
                            [
                                122.929364,
                                40.909862
                            ],
                            [
                                122.929907,
                                40.909694
                            ],
                            [
                                122.930625,
                                40.909699
                            ],
                            [
                                122.931451,
                                40.910079
                            ],
                            [
                                122.933046,
                                40.910243
                            ],
                            [
                                122.933724,
                                40.909992
                            ],
                            [
                                122.934266,
                                40.909895
                            ],
                            [
                                122.942227,
                                40.90995
                            ],
                            [
                                122.943488,
                                40.909977
                            ],
                            [
                                122.944294,
                                40.910203
                            ],
                            [
                                122.945589,
                                40.910796
                            ],
                            [
                                122.946172,
                                40.911141
                            ],
                            [
                                122.947245,
                                40.911695
                            ],
                            [
                                122.947939,
                                40.91199
                            ],
                            [
                                122.949355,
                                40.91212
                            ],
                            [
                                122.951739,
                                40.912208
                            ],
                            [
                                122.952461,
                                40.911973
                            ],
                            [
                                122.953092,
                                40.911909
                            ],
                            [
                                122.953766,
                                40.911914
                            ],
                            [
                                122.954309,
                                40.911988
                            ],
                            [
                                122.956369,
                                40.912789
                            ],
                            [
                                122.958507,
                                40.912696
                            ],
                            [
                                122.960041,
                                40.912708
                            ],
                            [
                                122.960843,
                                40.913125
                            ],
                            [
                                122.961744,
                                40.9132
                            ],
                            [
                                122.962384,
                                40.912455
                            ],
                            [
                                122.963032,
                                40.911367
                            ],
                            [
                                122.963949,
                                40.910076
                            ],
                            [
                                122.964684,
                                40.909195
                            ],
                            [
                                122.965503,
                                40.908519
                            ],
                            [
                                122.96668,
                                40.90812
                            ],
                            [
                                122.968218,
                                40.907859
                            ],
                            [
                                122.969297,
                                40.9078
                            ],
                            [
                                122.974705,
                                40.907844
                            ],
                            [
                                122.975781,
                                40.908263
                            ],
                            [
                                122.977487,
                                40.908755
                            ],
                            [
                                122.978293,
                                40.909103
                            ],
                            [
                                122.979554,
                                40.909182
                            ],
                            [
                                122.980815,
                                40.909125
                            ],
                            [
                                122.982804,
                                40.908731
                            ],
                            [
                                122.983978,
                                40.908606
                            ],
                            [
                                122.985603,
                                40.908482
                            ],
                            [
                                122.990617,
                                40.910846
                            ],
                            [
                                122.995358,
                                40.91355
                            ],
                            [
                                122.99644,
                                40.913696
                            ],
                            [
                                122.997883,
                                40.913641
                            ],
                            [
                                122.999599,
                                40.913517
                            ],
                            [
                                123.003022,
                                40.913753
                            ],
                            [
                                123.009668,
                                40.915586
                            ],
                            [
                                123.012264,
                                40.916837
                            ],
                            [
                                123.013347,
                                40.916845
                            ],
                            [
                                123.014972,
                                40.916792
                            ],
                            [
                                123.0186,
                                40.915322
                            ],
                            [
                                123.029073,
                                40.914183
                            ],
                            [
                                123.032313,
                                40.914414
                            ],
                            [
                                123.036353,
                                40.915814
                            ],
                            [
                                123.039232,
                                40.915908
                            ],
                            [
                                123.042911,
                                40.91703
                            ],
                            [
                                123.05918,
                                40.9231
                            ],
                            [
                                123.060384,
                                40.923453
                            ],
                            [
                                123.067158,
                                40.925343
                            ],
                            [
                                123.077209,
                                40.926214
                            ],
                            [
                                123.083943,
                                40.927406
                            ],
                            [
                                123.089759,
                                40.928388
                            ],
                            [
                                123.096412,
                                40.934173
                            ],
                            [
                                123.097117,
                                40.941958
                            ],
                            [
                                123.095744,
                                40.944749
                            ],
                            [
                                123.092079,
                                40.950135
                            ],
                            [
                                123.086941,
                                40.956247
                            ],
                            [
                                123.083872,
                                40.961615
                            ],
                            [
                                123.083063,
                                40.969446
                            ],
                            [
                                123.084402,
                                40.971932
                            ],
                            [
                                123.087915,
                                40.975502
                            ],
                            [
                                123.093489,
                                40.977647
                            ],
                            [
                                123.095175,
                                40.978983
                            ],
                            [
                                123.094409,
                                40.979246
                            ],
                            [
                                123.091118,
                                40.981134
                            ],
                            [
                                123.087558,
                                40.984101
                            ],
                            [
                                123.084233,
                                40.98815
                            ],
                            [
                                123.072934,
                                40.992154
                            ],
                            [
                                123.053967,
                                41.006404
                            ],
                            [
                                123.053795,
                                41.009775
                            ],
                            [
                                123.055683,
                                41.011718
                            ],
                            [
                                123.061948,
                                41.014503
                            ],
                            [
                                123.071133,
                                41.022728
                            ],
                            [
                                123.073194,
                                41.025447
                            ],
                            [
                                123.072506,
                                41.026355
                            ],
                            [
                                123.071433,
                                41.029076
                            ],
                            [
                                123.078214,
                                41.028299
                            ],
                            [
                                123.082935,
                                41.029011
                            ],
                            [
                                123.075554,
                                41.032701
                            ],
                            [
                                123.06034,
                                41.04086
                            ],
                            [
                                123.0612,
                                41.042787
                            ],
                            [
                                123.058152,
                                41.043806
                            ],
                            [
                                123.054267,
                                41.045602
                            ],
                            [
                                123.054524,
                                41.046298
                            ],
                            [
                                123.051007,
                                41.046912
                            ],
                            [
                                123.050235,
                                41.045424
                            ],
                            [
                                123.049503,
                                41.043644
                            ],
                            [
                                123.048731,
                                41.043158
                            ],
                            [
                                123.047058,
                                41.04332
                            ],
                            [
                                123.046273,
                                41.043094
                            ],
                            [
                                123.045254,
                                41.042673
                            ],
                            [
                                123.044266,
                                41.042574
                            ],
                            [
                                123.043754,
                                41.042324
                            ],
                            [
                                123.043036,
                                41.042324
                            ],
                            [
                                123.041522,
                                41.041799
                            ],
                            [
                                123.040439,
                                41.042486
                            ],
                            [
                                123.039495,
                                41.043012
                            ],
                            [
                                123.038558,
                                41.0448
                            ],
                            [
                                123.039303,
                                41.046067
                            ],
                            [
                                123.039323,
                                41.046602
                            ],
                            [
                                123.03819,
                                41.047507
                            ],
                            [
                                123.037523,
                                41.048866
                            ],
                            [
                                123.037246,
                                41.049205
                            ],
                            [
                                123.037263,
                                41.04974
                            ],
                            [
                                123.037094,
                                41.050483
                            ],
                            [
                                123.036707,
                                41.050986
                            ],
                            [
                                123.036258,
                                41.052199
                            ],
                            [
                                123.038318,
                                41.053915
                            ],
                            [
                                123.037846,
                                41.057215
                            ],
                            [
                                123.034498,
                                41.059804
                            ],
                            [
                                123.033554,
                                41.060676
                            ],
                            [
                                123.03141,
                                41.060872
                            ],
                            [
                                123.029778,
                                41.060838
                            ],
                            [
                                123.030034,
                                41.058089
                            ],
                            [
                                123.027373,
                                41.057926
                            ],
                            [
                                123.027029,
                                41.059255
                            ],
                            [
                                123.024261,
                                41.059012
                            ],
                            [
                                123.016243,
                                41.060778
                            ],
                            [
                                123.012123,
                                41.060843
                            ],
                            [
                                123.008602,
                                41.060132
                            ],
                            [
                                123.006202,
                                41.05929
                            ],
                            [
                                123.003453,
                                41.056378
                            ],
                            [
                                123.001825,
                                41.055472
                            ],
                            [
                                122.999849,
                                41.055795
                            ],
                            [
                                122.997961,
                                41.058125
                            ],
                            [
                                122.997017,
                                41.059032
                            ],
                            [
                                122.994441,
                                41.059098
                            ],
                            [
                                122.992212,
                                41.058645
                            ],
                            [
                                122.991008,
                                41.057089
                            ],
                            [
                                122.991008,
                                41.055085
                            ],
                            [
                                122.990492,
                                41.054112
                            ],
                            [
                                122.99058,
                                41.052624
                            ],
                            [
                                122.99058,
                                41.050684
                            ],
                            [
                                122.986287,
                                41.048483
                            ],
                            [
                                122.985343,
                                41.047511
                            ],
                            [
                                122.984743,
                                41.046668
                            ],
                            [
                                122.983367,
                                41.045763
                            ],
                            [
                                122.982423,
                                41.043499
                            ],
                            [
                                122.976759,
                                41.040715
                            ],
                            [
                                122.967918,
                                41.038514
                            ],
                            [
                                122.957364,
                                41.039809
                            ],
                            [
                                122.95387,
                                41.04261
                            ],
                            [
                                122.950266,
                                41.043816
                            ],
                            [
                                122.949264,
                                41.047589
                            ],
                            [
                                122.948813,
                                41.051693
                            ],
                            [
                                122.947622,
                                41.050891
                            ],
                            [
                                122.945394,
                                41.053674
                            ],
                            [
                                122.945394,
                                41.054386
                            ],
                            [
                                122.94565,
                                41.054837
                            ],
                            [
                                122.948094,
                                41.056844
                            ],
                            [
                                122.94861,
                                41.057494
                            ],
                            [
                                122.943934,
                                41.057751
                            ],
                            [
                                122.942214,
                                41.057743
                            ],
                            [
                                122.940882,
                                41.058003
                            ],
                            [
                                122.937986,
                                41.059106
                            ],
                            [
                                122.938913,
                                41.059529
                            ],
                            [
                                122.944406,
                                41.06133
                            ],
                            [
                                122.953324,
                                41.069401
                            ]
                        ]
                    ]
                ]
            }
        }
    ]
}