{
    "type": "FeatureCollection",
    "features": [
        {
            "type": "Feature",
            "properties": {
                "adcode": 210321,
                "name": "台安县",
                "center": [
                    122.429736,
                    41.38686
                ],
                "centroid": [
                    122.437855,
                    41.341289
                ],
                "childrenNum": 0,
                "level": "district",
                "acroutes": [
                    100000,
                    210000,
                    210300
                ],
                "parent": {
                    "adcode": 210300
                }
            },
            "geometry": {
                "type": "MultiPolygon",
                "coordinates": [
                    [
                        [
                            [
                                122.424038,
                                41.012776
                            ],
                            [
                                122.427333,
                                41.013756
                            ],
                            [
                                122.434296,
                                41.01342
                            ],
                            [
                                122.439696,
                                41.014664
                            ],
                            [
                                122.443388,
                                41.016002
                            ],
                            [
                                122.443874,
                                41.016484
                            ],
                            [
                                122.44456,
                                41.020583
                            ],
                            [
                                122.446067,
                                41.02321
                            ],
                            [
                                122.446263,
                                41.026743
                            ],
                            [
                                122.445866,
                                41.028182
                            ],
                            [
                                122.444135,
                                41.03083
                            ],
                            [
                                122.443304,
                                41.032997
                            ],
                            [
                                122.44217,
                                41.034375
                            ],
                            [
                                122.439631,
                                41.035242
                            ],
                            [
                                122.438623,
                                41.034873
                            ],
                            [
                                122.438562,
                                41.033378
                            ],
                            [
                                122.439024,
                                41.032365
                            ],
                            [
                                122.441881,
                                41.029666
                            ],
                            [
                                122.442151,
                                41.026502
                            ],
                            [
                                122.442609,
                                41.024341
                            ],
                            [
                                122.441111,
                                41.021894
                            ],
                            [
                                122.440028,
                                41.022683
                            ],
                            [
                                122.439169,
                                41.024604
                            ],
                            [
                                122.439542,
                                41.028087
                            ],
                            [
                                122.43944,
                                41.029246
                            ],
                            [
                                122.438427,
                                41.031306
                            ],
                            [
                                122.437447,
                                41.032348
                            ],
                            [
                                122.434506,
                                41.034072
                            ],
                            [
                                122.430684,
                                41.035175
                            ],
                            [
                                122.428775,
                                41.036077
                            ],
                            [
                                122.427436,
                                41.037566
                            ],
                            [
                                122.426773,
                                41.039212
                            ],
                            [
                                122.426628,
                                41.041697
                            ],
                            [
                                122.426862,
                                41.043925
                            ],
                            [
                                122.426484,
                                41.047307
                            ],
                            [
                                122.424887,
                                41.05052
                            ],
                            [
                                122.426241,
                                41.052495
                            ],
                            [
                                122.428145,
                                41.053413
                            ],
                            [
                                122.430955,
                                41.054096
                            ],
                            [
                                122.435379,
                                41.054348
                            ],
                            [
                                122.440205,
                                41.054091
                            ],
                            [
                                122.444023,
                                41.054516
                            ],
                            [
                                122.444989,
                                41.055154
                            ],
                            [
                                122.446371,
                                41.057857
                            ],
                            [
                                122.448891,
                                41.058389
                            ],
                            [
                                122.450468,
                                41.058165
                            ],
                            [
                                122.452116,
                                41.05746
                            ],
                            [
                                122.453563,
                                41.057359
                            ],
                            [
                                122.453936,
                                41.059033
                            ],
                            [
                                122.453138,
                                41.061557
                            ],
                            [
                                122.453717,
                                41.064428
                            ],
                            [
                                122.454384,
                                41.065888
                            ],
                            [
                                122.455509,
                                41.067013
                            ],
                            [
                                122.455243,
                                41.068339
                            ],
                            [
                                122.45423,
                                41.069106
                            ],
                            [
                                122.45191,
                                41.068944
                            ],
                            [
                                122.44982,
                                41.067724
                            ],
                            [
                                122.44834,
                                41.06403
                            ],
                            [
                                122.447099,
                                41.062284
                            ],
                            [
                                122.446338,
                                41.062021
                            ],
                            [
                                122.444686,
                                41.062407
                            ],
                            [
                                122.443295,
                                41.064316
                            ],
                            [
                                122.441087,
                                41.065032
                            ],
                            [
                                122.440084,
                                41.067181
                            ],
                            [
                                122.441405,
                                41.071143
                            ],
                            [
                                122.444079,
                                41.074584
                            ],
                            [
                                122.451444,
                                41.080448
                            ],
                            [
                                122.458855,
                                41.085159
                            ],
                            [
                                122.473716,
                                41.083346
                            ],
                            [
                                122.480184,
                                41.079329
                            ],
                            [
                                122.491829,
                                41.083408
                            ],
                            [
                                122.502559,
                                41.087704
                            ],
                            [
                                122.513326,
                                41.091083
                            ],
                            [
                                122.514684,
                                41.092012
                            ],
                            [
                                122.515464,
                                41.096548
                            ],
                            [
                                122.51819,
                                41.099412
                            ],
                            [
                                122.521545,
                                41.100284
                            ],
                            [
                                122.528476,
                                41.099115
                            ],
                            [
                                122.535113,
                                41.097432
                            ],
                            [
                                122.538772,
                                41.09836
                            ],
                            [
                                122.539472,
                                41.100704
                            ],
                            [
                                122.539169,
                                41.104787
                            ],
                            [
                                122.540107,
                                41.113517
                            ],
                            [
                                122.542907,
                                41.116665
                            ],
                            [
                                122.548685,
                                41.119617
                            ],
                            [
                                122.555812,
                                41.123856
                            ],
                            [
                                122.561128,
                                41.128071
                            ],
                            [
                                122.570462,
                                41.129827
                            ],
                            [
                                122.577248,
                                41.129284
                            ],
                            [
                                122.58227,
                                41.130028
                            ],
                            [
                                122.589869,
                                41.139095
                            ],
                            [
                                122.59546,
                                41.144925
                            ],
                            [
                                122.594004,
                                41.1527
                            ],
                            [
                                122.591567,
                                41.162742
                            ],
                            [
                                122.589677,
                                41.173492
                            ],
                            [
                                122.589953,
                                41.176012
                            ],
                            [
                                122.591245,
                                41.177403
                            ],
                            [
                                122.59805,
                                41.178906
                            ],
                            [
                                122.601569,
                                41.181744
                            ],
                            [
                                122.602465,
                                41.183794
                            ],
                            [
                                122.601882,
                                41.185659
                            ],
                            [
                                122.598382,
                                41.188084
                            ],
                            [
                                122.596949,
                                41.190592
                            ],
                            [
                                122.59406,
                                41.193172
                            ],
                            [
                                122.593626,
                                41.194876
                            ],
                            [
                                122.595077,
                                41.195836
                            ],
                            [
                                122.599618,
                                41.196775
                            ],
                            [
                                122.601635,
                                41.198322
                            ],
                            [
                                122.60331,
                                41.199092
                            ],
                            [
                                122.607212,
                                41.199997
                            ],
                            [
                                122.613167,
                                41.202141
                            ],
                            [
                                122.61537,
                                41.202097
                            ],
                            [
                                122.61874,
                                41.200092
                            ],
                            [
                                122.621237,
                                41.199606
                            ],
                            [
                                122.62253,
                                41.199852
                            ],
                            [
                                122.620103,
                                41.201566
                            ],
                            [
                                122.619636,
                                41.2028
                            ],
                            [
                                122.616817,
                                41.205352
                            ],
                            [
                                122.6153,
                                41.207893
                            ],
                            [
                                122.615006,
                                41.212455
                            ],
                            [
                                122.613037,
                                41.215811
                            ],
                            [
                                122.614684,
                                41.217078
                            ],
                            [
                                122.615123,
                                41.218965
                            ],
                            [
                                122.613475,
                                41.219166
                            ],
                            [
                                122.612477,
                                41.22054
                            ],
                            [
                                122.614815,
                                41.225118
                            ],
                            [
                                122.611053,
                                41.225369
                            ],
                            [
                                122.608514,
                                41.225866
                            ],
                            [
                                122.608901,
                                41.227708
                            ],
                            [
                                122.609835,
                                41.22902
                            ],
                            [
                                122.606204,
                                41.229383
                            ],
                            [
                                122.606348,
                                41.231638
                            ],
                            [
                                122.604169,
                                41.231833
                            ],
                            [
                                122.603268,
                                41.233413
                            ],
                            [
                                122.601079,
                                41.238978
                            ],
                            [
                                122.599086,
                                41.242003
                            ],
                            [
                                122.596169,
                                41.245061
                            ],
                            [
                                122.589267,
                                41.24707
                            ],
                            [
                                122.578527,
                                41.244587
                            ],
                            [
                                122.571676,
                                41.244425
                            ],
                            [
                                122.569221,
                                41.244565
                            ],
                            [
                                122.564092,
                                41.244246
                            ],
                            [
                                122.559989,
                                41.244146
                            ],
                            [
                                122.553786,
                                41.24798
                            ],
                            [
                                122.552344,
                                41.249626
                            ],
                            [
                                122.552769,
                                41.252595
                            ],
                            [
                                122.554076,
                                41.254855
                            ],
                            [
                                122.557539,
                                41.257745
                            ],
                            [
                                122.563172,
                                41.261506
                            ],
                            [
                                122.569543,
                                41.268452
                            ],
                            [
                                122.571858,
                                41.272753
                            ],
                            [
                                122.573207,
                                41.276162
                            ],
                            [
                                122.576418,
                                41.279977
                            ],
                            [
                                122.583008,
                                41.284634
                            ],
                            [
                                122.590564,
                                41.290641
                            ],
                            [
                                122.595199,
                                41.293507
                            ],
                            [
                                122.592109,
                                41.295454
                            ],
                            [
                                122.59104,
                                41.295247
                            ],
                            [
                                122.588468,
                                41.296831
                            ],
                            [
                                122.588776,
                                41.299335
                            ],
                            [
                                122.589514,
                                41.301404
                            ],
                            [
                                122.590769,
                                41.302658
                            ],
                            [
                                122.5921,
                                41.303171
                            ],
                            [
                                122.59468,
                                41.303467
                            ],
                            [
                                122.603618,
                                41.303394
                            ],
                            [
                                122.606717,
                                41.303467
                            ],
                            [
                                122.607903,
                                41.304281
                            ],
                            [
                                122.608197,
                                41.306645
                            ],
                            [
                                122.607679,
                                41.307899
                            ],
                            [
                                122.605168,
                                41.310704
                            ],
                            [
                                122.601994,
                                41.315136
                            ],
                            [
                                122.601919,
                                41.316245
                            ],
                            [
                                122.602955,
                                41.317427
                            ],
                            [
                                122.604356,
                                41.318091
                            ],
                            [
                                122.607165,
                                41.318241
                            ],
                            [
                                122.609826,
                                41.318018
                            ],
                            [
                                122.612113,
                                41.317355
                            ],
                            [
                                122.615146,
                                41.317059
                            ],
                            [
                                122.620317,
                                41.317511
                            ],
                            [
                                122.622684,
                                41.319724
                            ],
                            [
                                122.625363,
                                41.324796
                            ],
                            [
                                122.626852,
                                41.32697
                            ],
                            [
                                122.629554,
                                41.330181
                            ],
                            [
                                122.633558,
                                41.33377
                            ],
                            [
                                122.641586,
                                41.339728
                            ],
                            [
                                122.650911,
                                41.347574
                            ],
                            [
                                122.655429,
                                41.351569
                            ],
                            [
                                122.658169,
                                41.353496
                            ],
                            [
                                122.658981,
                                41.354828
                            ],
                            [
                                122.658761,
                                41.3566
                            ],
                            [
                                122.658169,
                                41.358076
                            ],
                            [
                                122.65639,
                                41.358734
                            ],
                            [
                                122.652097,
                                41.357842
                            ],
                            [
                                122.649063,
                                41.356951
                            ],
                            [
                                122.644918,
                                41.35665
                            ],
                            [
                                122.642622,
                                41.357608
                            ],
                            [
                                122.641511,
                                41.359302
                            ],
                            [
                                122.640886,
                                41.361335
                            ],
                            [
                                122.640811,
                                41.363625
                            ],
                            [
                                122.641623,
                                41.366872
                            ],
                            [
                                122.643033,
                                41.370716
                            ],
                            [
                                122.644293,
                                41.378993
                            ],
                            [
                                122.64503,
                                41.382167
                            ],
                            [
                                122.644293,
                                41.385937
                            ],
                            [
                                122.64581,
                                41.388928
                            ],
                            [
                                122.648769,
                                41.392258
                            ],
                            [
                                122.649362,
                                41.394329
                            ],
                            [
                                122.649137,
                                41.395877
                            ],
                            [
                                122.648031,
                                41.397057
                            ],
                            [
                                122.64581,
                                41.398015
                            ],
                            [
                                122.641446,
                                41.400225
                            ],
                            [
                                122.637077,
                                41.402803
                            ],
                            [
                                122.634048,
                                41.405236
                            ],
                            [
                                122.63242,
                                41.407969
                            ],
                            [
                                122.631239,
                                41.414983
                            ],
                            [
                                122.631201,
                                41.416792
                            ],
                            [
                                122.632312,
                                41.417677
                            ],
                            [
                                122.634305,
                                41.418496
                            ],
                            [
                                122.640302,
                                41.418429
                            ],
                            [
                                122.642445,
                                41.419097
                            ],
                            [
                                122.644741,
                                41.420945
                            ],
                            [
                                122.647107,
                                41.424495
                            ],
                            [
                                122.647257,
                                41.427228
                            ],
                            [
                                122.646589,
                                41.429666
                            ],
                            [
                                122.645035,
                                41.431658
                            ],
                            [
                                122.643037,
                                41.432537
                            ],
                            [
                                122.63971,
                                41.432315
                            ],
                            [
                                122.629741,
                                41.429721
                            ],
                            [
                                122.627986,
                                41.430105
                            ],
                            [
                                122.626464,
                                41.431157
                            ],
                            [
                                122.625801,
                                41.432404
                            ],
                            [
                                122.625885,
                                41.433366
                            ],
                            [
                                122.627556,
                                41.433099
                            ],
                            [
                                122.632606,
                                41.433928
                            ],
                            [
                                122.634753,
                                41.435336
                            ],
                            [
                                122.635789,
                                41.437479
                            ],
                            [
                                122.635939,
                                41.440066
                            ],
                            [
                                122.63557,
                                41.44287
                            ],
                            [
                                122.634548,
                                41.448222
                            ],
                            [
                                122.631183,
                                41.45487
                            ],
                            [
                                122.628742,
                                41.460127
                            ],
                            [
                                122.62582,
                                41.466018
                            ],
                            [
                                122.6247,
                                41.4703
                            ],
                            [
                                122.625185,
                                41.471424
                            ],
                            [
                                122.628695,
                                41.472497
                            ],
                            [
                                122.632611,
                                41.474104
                            ],
                            [
                                122.63557,
                                41.476401
                            ],
                            [
                                122.637054,
                                41.479209
                            ],
                            [
                                122.637054,
                                41.480388
                            ],
                            [
                                122.636387,
                                41.481717
                            ],
                            [
                                122.634907,
                                41.482974
                            ],
                            [
                                122.632023,
                                41.48452
                            ],
                            [
                                122.627692,
                                41.486227
                            ],
                            [
                                122.625386,
                                41.487372
                            ],
                            [
                                122.623897,
                                41.488907
                            ],
                            [
                                122.623804,
                                41.491025
                            ],
                            [
                                122.624695,
                                41.492415
                            ],
                            [
                                122.632322,
                                41.496851
                            ],
                            [
                                122.634314,
                                41.49848
                            ],
                            [
                                122.636909,
                                41.50166
                            ],
                            [
                                122.637203,
                                41.502844
                            ],
                            [
                                122.636536,
                                41.503505
                            ],
                            [
                                122.633652,
                                41.504017
                            ],
                            [
                                122.631953,
                                41.505051
                            ],
                            [
                                122.631435,
                                41.506674
                            ],
                            [
                                122.631878,
                                41.508892
                            ],
                            [
                                122.633059,
                                41.511109
                            ],
                            [
                                122.635061,
                                41.513255
                            ],
                            [
                                122.635061,
                                41.515833
                            ],
                            [
                                122.634613,
                                41.516945
                            ],
                            [
                                122.630105,
                                41.518412
                            ],
                            [
                                122.624994,
                                41.520969
                            ],
                            [
                                122.622842,
                                41.521135
                            ],
                            [
                                122.621382,
                                41.51969
                            ],
                            [
                                122.611632,
                                41.5155
                            ],
                            [
                                122.604533,
                                41.513021
                            ],
                            [
                                122.599133,
                                41.514616
                            ],
                            [
                                122.598615,
                                41.52358
                            ],
                            [
                                122.598909,
                                41.530226
                            ],
                            [
                                122.595129,
                                41.534449
                            ],
                            [
                                122.582942,
                                41.53521
                            ],
                            [
                                122.572469,
                                41.540066
                            ],
                            [
                                122.569828,
                                41.542427
                            ],
                            [
                                122.566103,
                                41.547799
                            ],
                            [
                                122.560941,
                                41.549815
                            ],
                            [
                                122.553492,
                                41.550643
                            ],
                            [
                                122.546944,
                                41.549076
                            ],
                            [
                                122.545955,
                                41.548138
                            ],
                            [
                                122.541414,
                                41.547754
                            ],
                            [
                                122.53094,
                                41.545044
                            ],
                            [
                                122.520794,
                                41.54256
                            ],
                            [
                                122.506578,
                                41.537438
                            ],
                            [
                                122.49588,
                                41.543455
                            ],
                            [
                                122.494032,
                                41.546182
                            ],
                            [
                                122.494443,
                                41.547416
                            ],
                            [
                                122.492847,
                                41.54866
                            ],
                            [
                                122.492949,
                                41.551509
                            ],
                            [
                                122.493925,
                                41.552687
                            ],
                            [
                                122.496916,
                                41.553653
                            ],
                            [
                                122.497318,
                                41.554137
                            ],
                            [
                                122.497224,
                                41.556081
                            ],
                            [
                                122.498214,
                                41.557436
                            ],
                            [
                                122.500216,
                                41.558286
                            ],
                            [
                                122.500375,
                                41.562257
                            ],
                            [
                                122.49469,
                                41.564117
                            ],
                            [
                                122.493729,
                                41.567094
                            ],
                            [
                                122.4968,
                                41.566394
                            ],
                            [
                                122.497738,
                                41.570453
                            ],
                            [
                                122.49406,
                                41.569154
                            ],
                            [
                                122.487358,
                                41.566305
                            ],
                            [
                                122.484343,
                                41.563978
                            ],
                            [
                                122.470556,
                                41.556692
                            ],
                            [
                                122.452802,
                                41.549343
                            ],
                            [
                                122.438175,
                                41.548904
                            ],
                            [
                                122.409201,
                                41.548671
                            ],
                            [
                                122.390588,
                                41.547671
                            ],
                            [
                                122.381436,
                                41.546821
                            ],
                            [
                                122.374747,
                                41.545555
                            ],
                            [
                                122.368092,
                                41.545399
                            ],
                            [
                                122.364741,
                                41.542621
                            ],
                            [
                                122.357129,
                                41.541338
                            ],
                            [
                                122.350212,
                                41.53731
                            ],
                            [
                                122.33937,
                                41.531376
                            ],
                            [
                                122.330064,
                                41.525475
                            ],
                            [
                                122.316109,
                                41.521308
                            ],
                            [
                                122.309453,
                                41.51889
                            ],
                            [
                                122.298266,
                                41.51455
                            ],
                            [
                                122.289417,
                                41.514155
                            ],
                            [
                                122.283863,
                                41.515883
                            ],
                            [
                                122.263663,
                                41.507263
                            ],
                            [
                                122.246502,
                                41.499853
                            ],
                            [
                                122.232706,
                                41.492737
                            ],
                            [
                                122.231095,
                                41.491664
                            ],
                            [
                                122.219012,
                                41.487283
                            ],
                            [
                                122.215572,
                                41.485342
                            ],
                            [
                                122.213281,
                                41.483274
                            ],
                            [
                                122.208133,
                                41.477769
                            ],
                            [
                                122.205272,
                                41.474204
                            ],
                            [
                                122.201449,
                                41.469777
                            ],
                            [
                                122.198397,
                                41.465773
                            ],
                            [
                                122.195914,
                                41.462202
                            ],
                            [
                                122.193772,
                                41.459604
                            ],
                            [
                                122.199307,
                                41.457947
                            ],
                            [
                                122.193646,
                                41.450615
                            ],
                            [
                                122.192264,
                                41.448968
                            ],
                            [
                                122.197772,
                                41.446197
                            ],
                            [
                                122.198663,
                                41.445463
                            ],
                            [
                                122.196371,
                                41.443688
                            ],
                            [
                                122.200371,
                                41.441791
                            ],
                            [
                                122.200306,
                                41.441346
                            ],
                            [
                                122.19688,
                                41.436087
                            ],
                            [
                                122.196101,
                                41.435269
                            ],
                            [
                                122.196292,
                                41.434279
                            ],
                            [
                                122.197814,
                                41.432415
                            ],
                            [
                                122.198005,
                                41.431307
                            ],
                            [
                                122.1994,
                                41.429593
                            ],
                            [
                                122.198966,
                                41.42922
                            ],
                            [
                                122.204548,
                                41.422358
                            ],
                            [
                                122.211801,
                                41.413013
                            ],
                            [
                                122.215848,
                                41.407646
                            ],
                            [
                                122.223161,
                                41.39968
                            ],
                            [
                                122.228393,
                                41.393371
                            ],
                            [
                                122.232416,
                                41.38709
                            ],
                            [
                                122.238838,
                                41.380062
                            ],
                            [
                                122.245265,
                                41.373874
                            ],
                            [
                                122.252527,
                                41.369468
                            ],
                            [
                                122.259211,
                                41.365591
                            ],
                            [
                                122.273884,
                                41.358137
                            ],
                            [
                                122.27829,
                                41.356538
                            ],
                            [
                                122.279938,
                                41.355179
                            ],
                            [
                                122.280325,
                                41.35402
                            ],
                            [
                                122.279079,
                                41.351457
                            ],
                            [
                                122.277917,
                                41.350103
                            ],
                            [
                                122.277529,
                                41.3489
                            ],
                            [
                                122.2797,
                                41.347195
                            ],
                            [
                                122.279583,
                                41.343439
                            ],
                            [
                                122.280474,
                                41.342508
                            ],
                            [
                                122.281753,
                                41.342586
                            ],
                            [
                                122.2825,
                                41.341026
                            ],
                            [
                                122.281903,
                                41.340402
                            ],
                            [
                                122.279994,
                                41.339767
                            ],
                            [
                                122.279457,
                                41.334963
                            ],
                            [
                                122.278066,
                                41.332795
                            ],
                            [
                                122.275947,
                                41.330883
                            ],
                            [
                                122.274071,
                                41.330025
                            ],
                            [
                                122.272246,
                                41.329612
                            ],
                            [
                                122.271663,
                                41.328353
                            ],
                            [
                                122.27311,
                                41.32658
                            ],
                            [
                                122.274006,
                                41.324362
                            ],
                            [
                                122.274748,
                                41.319757
                            ],
                            [
                                122.268391,
                                41.311334
                            ],
                            [
                                122.268825,
                                41.310208
                            ],
                            [
                                122.266664,
                                41.307403
                            ],
                            [
                                122.265927,
                                41.299876
                            ],
                            [
                                122.264382,
                                41.291137
                            ],
                            [
                                122.2576,
                                41.283909
                            ],
                            [
                                122.25445,
                                41.277891
                            ],
                            [
                                122.251766,
                                41.266611
                            ],
                            [
                                122.24982,
                                41.260848
                            ],
                            [
                                122.250184,
                                41.249392
                            ],
                            [
                                122.250063,
                                41.24255
                            ],
                            [
                                122.244607,
                                41.236299
                            ],
                            [
                                122.238736,
                                41.23367
                            ],
                            [
                                122.231025,
                                41.230399
                            ],
                            [
                                122.223978,
                                41.228718
                            ],
                            [
                                122.216044,
                                41.227518
                            ],
                            [
                                122.209934,
                                41.226279
                            ],
                            [
                                122.206845,
                                41.224738
                            ],
                            [
                                122.205127,
                                41.223315
                            ],
                            [
                                122.215003,
                                41.216587
                            ],
                            [
                                122.219287,
                                41.211556
                            ],
                            [
                                122.226942,
                                41.201963
                            ],
                            [
                                122.231389,
                                41.200125
                            ],
                            [
                                122.233966,
                                41.200003
                            ],
                            [
                                122.235954,
                                41.200857
                            ],
                            [
                                122.248457,
                                41.195954
                            ],
                            [
                                122.254319,
                                41.194055
                            ],
                            [
                                122.26616,
                                41.194797
                            ],
                            [
                                122.274729,
                                41.184531
                            ],
                            [
                                122.283518,
                                41.188698
                            ],
                            [
                                122.288455,
                                41.186257
                            ],
                            [
                                122.292567,
                                41.187056
                            ],
                            [
                                122.296464,
                                41.187413
                            ],
                            [
                                122.304795,
                                41.190882
                            ],
                            [
                                122.321919,
                                41.190139
                            ],
                            [
                                122.330964,
                                41.19263
                            ],
                            [
                                122.338586,
                                41.18996
                            ],
                            [
                                122.343211,
                                41.19158
                            ],
                            [
                                122.349185,
                                41.194848
                            ],
                            [
                                122.352546,
                                41.198026
                            ],
                            [
                                122.343374,
                                41.203705
                            ],
                            [
                                122.361922,
                                41.206548
                            ],
                            [
                                122.367084,
                                41.210021
                            ],
                            [
                                122.369782,
                                41.217586
                            ],
                            [
                                122.386472,
                                41.224314
                            ],
                            [
                                122.38887,
                                41.231655
                            ],
                            [
                                122.397038,
                                41.239475
                            ],
                            [
                                122.403988,
                                41.247517
                            ],
                            [
                                122.408832,
                                41.251657
                            ],
                            [
                                122.414942,
                                41.24572
                            ],
                            [
                                122.421046,
                                41.242293
                            ],
                            [
                                122.423688,
                                41.243253
                            ],
                            [
                                122.424626,
                                41.253304
                            ],
                            [
                                122.431613,
                                41.251942
                            ],
                            [
                                122.443752,
                                41.250815
                            ],
                            [
                                122.457716,
                                41.24808
                            ],
                            [
                                122.463737,
                                41.256797
                            ],
                            [
                                122.480717,
                                41.254961
                            ],
                            [
                                122.488777,
                                41.250977
                            ],
                            [
                                122.483475,
                                41.246523
                            ],
                            [
                                122.474523,
                                41.242226
                            ],
                            [
                                122.463901,
                                41.233312
                            ],
                            [
                                122.457744,
                                41.227228
                            ],
                            [
                                122.454375,
                                41.223482
                            ],
                            [
                                122.452139,
                                41.222092
                            ],
                            [
                                122.447234,
                                41.215543
                            ],
                            [
                                122.435473,
                                41.213019
                            ],
                            [
                                122.425746,
                                41.212824
                            ],
                            [
                                122.418745,
                                41.213566
                            ],
                            [
                                122.416458,
                                41.213315
                            ],
                            [
                                122.415324,
                                41.212612
                            ],
                            [
                                122.412496,
                                41.206168
                            ],
                            [
                                122.411758,
                                41.204035
                            ],
                            [
                                122.406457,
                                41.199338
                            ],
                            [
                                122.400454,
                                41.196909
                            ],
                            [
                                122.39771,
                                41.197808
                            ],
                            [
                                122.390863,
                                41.197975
                            ],
                            [
                                122.384623,
                                41.195607
                            ],
                            [
                                122.379009,
                                41.191837
                            ],
                            [
                                122.368946,
                                41.183576
                            ],
                            [
                                122.366333,
                                41.177168
                            ],
                            [
                                122.368801,
                                41.167357
                            ],
                            [
                                122.372302,
                                41.16239
                            ],
                            [
                                122.386663,
                                41.160171
                            ],
                            [
                                122.385776,
                                41.15052
                            ],
                            [
                                122.385188,
                                41.145026
                            ],
                            [
                                122.385538,
                                41.139509
                            ],
                            [
                                122.384418,
                                41.135507
                            ],
                            [
                                122.384637,
                                41.133488
                            ],
                            [
                                122.385552,
                                41.131515
                            ],
                            [
                                122.387414,
                                41.130302
                            ],
                            [
                                122.389669,
                                41.127104
                            ],
                            [
                                122.391951,
                                41.125248
                            ],
                            [
                                122.396501,
                                41.120467
                            ],
                            [
                                122.395605,
                                41.11105
                            ],
                            [
                                122.396534,
                                41.101666
                            ],
                            [
                                122.404655,
                                41.094719
                            ],
                            [
                                122.412048,
                                41.090965
                            ],
                            [
                                122.415894,
                                41.084622
                            ],
                            [
                                122.414615,
                                41.077712
                            ],
                            [
                                122.413938,
                                41.070595
                            ],
                            [
                                122.415007,
                                41.057085
                            ],
                            [
                                122.411348,
                                41.048532
                            ],
                            [
                                122.409551,
                                41.038635
                            ],
                            [
                                122.411693,
                                41.02905
                            ],
                            [
                                122.415245,
                                41.02247
                            ],
                            [
                                122.424038,
                                41.012776
                            ]
                        ]
                    ]
                ]
            }
        }
    ]
}