{
    "type": "FeatureCollection",
    "features": [
        {
            "type": "Feature",
            "properties": {
                "adcode": 210304,
                "name": "立山区",
                "center": [
                    123.024806,
                    41.150622
                ],
                "centroid": [
                    123.102113,
                    41.121623
                ],
                "childrenNum": 0,
                "level": "district",
                "acroutes": [
                    100000,
                    210000,
                    210300
                ],
                "parent": {
                    "adcode": 210300
                }
            },
            "geometry": {
                "type": "MultiPolygon",
                "coordinates": [
                    [
                        [
                            [
                                122.985159,
                                41.196751
                            ],
                            [
                                122.986573,
                                41.191331
                            ],
                            [
                                122.988336,
                                41.18901
                            ],
                            [
                                122.986671,
                                41.184089
                            ],
                            [
                                122.986608,
                                41.182689
                            ],
                            [
                                122.987036,
                                41.181992
                            ],
                            [
                                122.987129,
                                41.181421
                            ],
                            [
                                122.986053,
                                41.180266
                            ],
                            [
                                122.98582,
                                41.178929
                            ],
                            [
                                122.98617,
                                41.177979
                            ],
                            [
                                122.988877,
                                41.176602
                            ],
                            [
                                122.991663,
                                41.175735
                            ],
                            [
                                122.993183,
                                41.175239
                            ],
                            [
                                122.994029,
                                41.174865
                            ],
                            [
                                123.000897,
                                41.173287
                            ],
                            [
                                123.001515,
                                41.172904
                            ],
                            [
                                123.006365,
                                41.170454
                            ],
                            [
                                123.008879,
                                41.169206
                            ],
                            [
                                123.009279,
                                41.168852
                            ],
                            [
                                123.00974,
                                41.168023
                            ],
                            [
                                123.01459,
                                41.165415
                            ],
                            [
                                123.01466,
                                41.165241
                            ],
                            [
                                123.014389,
                                41.164919
                            ],
                            [
                                123.015566,
                                41.164379
                            ],
                            [
                                123.015373,
                                41.163002
                            ],
                            [
                                123.014945,
                                41.162935
                            ],
                            [
                                123.014747,
                                41.16258
                            ],
                            [
                                123.014597,
                                41.162053
                            ],
                            [
                                123.014214,
                                41.161618
                            ],
                            [
                                123.015671,
                                41.160776
                            ],
                            [
                                123.017291,
                                41.160083
                            ],
                            [
                                123.019236,
                                41.159885
                            ],
                            [
                                123.022559,
                                41.160003
                            ],
                            [
                                123.022541,
                                41.158466
                            ],
                            [
                                123.022674,
                                41.157352
                            ],
                            [
                                123.022524,
                                41.155808
                            ],
                            [
                                123.022088,
                                41.155164
                            ],
                            [
                                123.021512,
                                41.154629
                            ],
                            [
                                123.019479,
                                41.152932
                            ],
                            [
                                123.015641,
                                41.149259
                            ],
                            [
                                123.013663,
                                41.147529
                            ],
                            [
                                123.006998,
                                41.138818
                            ],
                            [
                                123.006362,
                                41.138133
                            ],
                            [
                                123.005549,
                                41.137115
                            ],
                            [
                                123.00452,
                                41.136199
                            ],
                            [
                                123.000421,
                                41.13295
                            ],
                            [
                                123.003358,
                                41.130917
                            ],
                            [
                                123.005015,
                                41.130342
                            ],
                            [
                                123.006498,
                                41.129865
                            ],
                            [
                                123.007554,
                                41.129563
                            ],
                            [
                                123.013338,
                                41.127671
                            ],
                            [
                                123.014672,
                                41.127202
                            ],
                            [
                                123.015526,
                                41.126705
                            ],
                            [
                                123.017183,
                                41.12609
                            ],
                            [
                                123.017724,
                                41.126187
                            ],
                            [
                                123.018666,
                                41.126901
                            ],
                            [
                                123.018964,
                                41.126951
                            ],
                            [
                                123.019224,
                                41.12684
                            ],
                            [
                                123.019607,
                                41.126366
                            ],
                            [
                                123.02014,
                                41.126163
                            ],
                            [
                                123.020794,
                                41.124746
                            ],
                            [
                                123.020766,
                                41.124676
                            ],
                            [
                                123.022491,
                                41.125041
                            ],
                            [
                                123.022942,
                                41.123976
                            ],
                            [
                                123.022919,
                                41.123733
                            ],
                            [
                                123.023132,
                                41.123137
                            ],
                            [
                                123.023993,
                                41.123394
                            ],
                            [
                                123.024251,
                                41.122505
                            ],
                            [
                                123.022341,
                                41.121956
                            ],
                            [
                                123.022434,
                                41.120866
                            ],
                            [
                                123.022947,
                                41.119217
                            ],
                            [
                                123.022764,
                                41.118974
                            ],
                            [
                                123.02164,
                                41.118883
                            ],
                            [
                                123.021342,
                                41.118618
                            ],
                            [
                                123.02169,
                                41.117631
                            ],
                            [
                                123.022824,
                                41.116855
                            ],
                            [
                                123.024039,
                                41.115837
                            ],
                            [
                                123.025335,
                                41.11537
                            ],
                            [
                                123.026224,
                                41.11527
                            ],
                            [
                                123.026793,
                                41.115019
                            ],
                            [
                                123.027656,
                                41.114474
                            ],
                            [
                                123.028465,
                                41.114472
                            ],
                            [
                                123.028876,
                                41.114311
                            ],
                            [
                                123.029747,
                                41.113151
                            ],
                            [
                                123.02994,
                                41.112965
                            ],
                            [
                                123.030456,
                                41.112727
                            ],
                            [
                                123.030498,
                                41.112057
                            ],
                            [
                                123.031439,
                                41.11064
                            ],
                            [
                                123.031762,
                                41.110364
                            ],
                            [
                                123.032486,
                                41.110035
                            ],
                            [
                                123.034309,
                                41.10892
                            ],
                            [
                                123.034794,
                                41.108437
                            ],
                            [
                                123.03518,
                                41.107752
                            ],
                            [
                                123.036242,
                                41.107343
                            ],
                            [
                                123.035598,
                                41.106687
                            ],
                            [
                                123.035528,
                                41.106251
                            ],
                            [
                                123.035693,
                                41.105089
                            ],
                            [
                                123.035688,
                                41.104169
                            ],
                            [
                                123.036304,
                                41.103491
                            ],
                            [
                                123.036111,
                                41.102896
                            ],
                            [
                                123.03538,
                                41.101589
                            ],
                            [
                                123.035866,
                                41.100706
                            ],
                            [
                                123.036529,
                                41.100377
                            ],
                            [
                                123.036652,
                                41.100225
                            ],
                            [
                                123.036617,
                                41.099622
                            ],
                            [
                                123.036372,
                                41.099239
                            ],
                            [
                                123.036938,
                                41.09904
                            ],
                            [
                                123.036467,
                                41.098261
                            ],
                            [
                                123.036214,
                                41.097605
                            ],
                            [
                                123.035641,
                                41.097004
                            ],
                            [
                                123.037498,
                                41.09531
                            ],
                            [
                                123.041382,
                                41.094006
                            ],
                            [
                                123.044073,
                                41.093584
                            ],
                            [
                                123.049934,
                                41.094774
                            ],
                            [
                                123.051697,
                                41.094789
                            ],
                            [
                                123.055855,
                                41.093336
                            ],
                            [
                                123.061228,
                                41.091555
                            ],
                            [
                                123.062656,
                                41.091438
                            ],
                            [
                                123.064085,
                                41.091227
                            ],
                            [
                                123.066156,
                                41.092835
                            ],
                            [
                                123.067738,
                                41.093924
                            ],
                            [
                                123.068797,
                                41.091358
                            ],
                            [
                                123.069225,
                                41.089611
                            ],
                            [
                                123.072573,
                                41.087023
                            ],
                            [
                                123.070342,
                                41.084694
                            ],
                            [
                                123.068542,
                                41.082106
                            ],
                            [
                                123.067766,
                                41.080682
                            ],
                            [
                                123.068111,
                                41.079131
                            ],
                            [
                                123.069656,
                                41.076607
                            ],
                            [
                                123.074205,
                                41.076413
                            ],
                            [
                                123.073431,
                                41.072918
                            ],
                            [
                                123.07446,
                                41.071236
                            ],
                            [
                                123.080835,
                                41.0699
                            ],
                            [
                                123.094568,
                                41.071194
                            ],
                            [
                                123.10315,
                                41.078181
                            ],
                            [
                                123.109332,
                                41.049965
                            ],
                            [
                                123.121347,
                                41.068864
                            ],
                            [
                                123.14023,
                                41.068864
                            ],
                            [
                                123.151216,
                                41.058768
                            ],
                            [
                                123.160635,
                                41.058944
                            ],
                            [
                                123.173189,
                                41.042976
                            ],
                            [
                                123.215614,
                                41.042229
                            ],
                            [
                                123.216087,
                                41.042573
                            ],
                            [
                                123.217021,
                                41.042249
                            ],
                            [
                                123.22023,
                                41.042289
                            ],
                            [
                                123.221017,
                                41.042829
                            ],
                            [
                                123.221883,
                                41.043166
                            ],
                            [
                                123.222709,
                                41.044028
                            ],
                            [
                                123.223518,
                                41.044567
                            ],
                            [
                                123.224249,
                                41.045193
                            ],
                            [
                                123.22473,
                                41.045361
                            ],
                            [
                                123.226903,
                                41.045023
                            ],
                            [
                                123.227877,
                                41.044965
                            ],
                            [
                                123.229584,
                                41.045018
                            ],
                            [
                                123.229987,
                                41.045106
                            ],
                            [
                                123.231597,
                                41.046043
                            ],
                            [
                                123.23195,
                                41.04614
                            ],
                            [
                                123.232969,
                                41.046191
                            ],
                            [
                                123.233232,
                                41.046364
                            ],
                            [
                                123.233665,
                                41.046857
                            ],
                            [
                                123.234622,
                                41.048103
                            ],
                            [
                                123.235243,
                                41.048444
                            ],
                            [
                                123.23549,
                                41.048972
                            ],
                            [
                                123.235525,
                                41.049501
                            ],
                            [
                                123.235415,
                                41.049757
                            ],
                            [
                                123.234048,
                                41.050611
                            ],
                            [
                                123.232849,
                                41.050753
                            ],
                            [
                                123.232161,
                                41.050904
                            ],
                            [
                                123.231702,
                                41.051445
                            ],
                            [
                                123.230721,
                                41.05226
                            ],
                            [
                                123.230017,
                                41.053204
                            ],
                            [
                                123.229038,
                                41.053711
                            ],
                            [
                                123.227807,
                                41.054861
                            ],
                            [
                                123.227737,
                                41.055277
                            ],
                            [
                                123.227914,
                                41.055916
                            ],
                            [
                                123.227827,
                                41.056628
                            ],
                            [
                                123.227111,
                                41.058046
                            ],
                            [
                                123.226672,
                                41.058487
                            ],
                            [
                                123.226605,
                                41.058998
                            ],
                            [
                                123.226968,
                                41.059788
                            ],
                            [
                                123.227506,
                                41.060483
                            ],
                            [
                                123.227999,
                                41.061457
                            ],
                            [
                                123.228503,
                                41.062107
                            ],
                            [
                                123.228745,
                                41.062626
                            ],
                            [
                                123.22875,
                                41.063084
                            ],
                            [
                                123.228608,
                                41.063733
                            ],
                            [
                                123.230168,
                                41.0645
                            ],
                            [
                                123.230458,
                                41.064917
                            ],
                            [
                                123.230874,
                                41.065288
                            ],
                            [
                                123.231625,
                                41.065729
                            ],
                            [
                                123.231808,
                                41.066082
                            ],
                            [
                                123.231908,
                                41.066724
                            ],
                            [
                                123.232168,
                                41.067157
                            ],
                            [
                                123.23214,
                                41.067446
                            ],
                            [
                                123.231392,
                                41.06804
                            ],
                            [
                                123.231111,
                                41.068532
                            ],
                            [
                                123.230751,
                                41.068855
                            ],
                            [
                                123.229457,
                                41.06886
                            ],
                            [
                                123.228813,
                                41.06903
                            ],
                            [
                                123.227539,
                                41.069878
                            ],
                            [
                                123.225305,
                                41.070785
                            ],
                            [
                                123.223736,
                                41.071969
                            ],
                            [
                                123.222609,
                                41.071916
                            ],
                            [
                                123.222216,
                                41.071984
                            ],
                            [
                                123.221545,
                                41.072661
                            ],
                            [
                                123.220801,
                                41.073006
                            ],
                            [
                                123.220598,
                                41.073339
                            ],
                            [
                                123.220281,
                                41.074415
                            ],
                            [
                                123.219705,
                                41.074718
                            ],
                            [
                                123.217436,
                                41.075265
                            ],
                            [
                                123.217086,
                                41.075499
                            ],
                            [
                                123.216094,
                                41.076499
                            ],
                            [
                                123.215196,
                                41.077016
                            ],
                            [
                                123.214832,
                                41.077372
                            ],
                            [
                                123.214575,
                                41.07789
                            ],
                            [
                                123.213468,
                                41.077823
                            ],
                            [
                                123.212707,
                                41.077926
                            ],
                            [
                                123.212219,
                                41.078474
                            ],
                            [
                                123.211888,
                                41.078615
                            ],
                            [
                                123.210594,
                                41.078505
                            ],
                            [
                                123.209788,
                                41.078607
                            ],
                            [
                                123.208373,
                                41.07862
                            ],
                            [
                                123.208012,
                                41.078771
                            ],
                            [
                                123.207604,
                                41.079144
                            ],
                            [
                                123.207502,
                                41.079415
                            ],
                            [
                                123.207527,
                                41.080065
                            ],
                            [
                                123.208616,
                                41.081532
                            ],
                            [
                                123.208939,
                                41.082346
                            ],
                            [
                                123.209076,
                                41.083108
                            ],
                            [
                                123.209049,
                                41.083918
                            ],
                            [
                                123.209432,
                                41.084608
                            ],
                            [
                                123.209547,
                                41.085541
                            ],
                            [
                                123.20963,
                                41.085691
                            ],
                            [
                                123.210201,
                                41.086065
                            ],
                            [
                                123.211342,
                                41.086484
                            ],
                            [
                                123.211683,
                                41.08672
                            ],
                            [
                                123.211898,
                                41.087357
                            ],
                            [
                                123.212108,
                                41.089368
                            ],
                            [
                                123.212754,
                                41.089996
                            ],
                            [
                                123.213473,
                                41.090419
                            ],
                            [
                                123.213611,
                                41.090675
                            ],
                            [
                                123.213633,
                                41.091129
                            ],
                            [
                                123.213506,
                                41.091264
                            ],
                            [
                                123.211495,
                                41.092107
                            ],
                            [
                                123.211145,
                                41.092509
                            ],
                            [
                                123.210746,
                                41.093439
                            ],
                            [
                                123.210819,
                                41.094565
                            ],
                            [
                                123.21135,
                                41.095393
                            ],
                            [
                                123.211217,
                                41.096096
                            ],
                            [
                                123.21169,
                                41.096695
                            ],
                            [
                                123.211923,
                                41.09738
                            ],
                            [
                                123.211888,
                                41.098108
                            ],
                            [
                                123.211623,
                                41.098689
                            ],
                            [
                                123.211069,
                                41.099091
                            ],
                            [
                                123.208906,
                                41.099765
                            ],
                            [
                                123.20788,
                                41.099307
                            ],
                            [
                                123.207043,
                                41.09971
                            ],
                            [
                                123.20648,
                                41.09967
                            ],
                            [
                                123.206162,
                                41.099356
                            ],
                            [
                                123.205772,
                                41.098749
                            ],
                            [
                                123.205404,
                                41.098611
                            ],
                            [
                                123.205171,
                                41.098767
                            ],
                            [
                                123.206065,
                                41.100077
                            ],
                            [
                                123.205676,
                                41.100165
                            ],
                            [
                                123.205141,
                                41.099977
                            ],
                            [
                                123.20435,
                                41.099424
                            ],
                            [
                                123.20332,
                                41.097804
                            ],
                            [
                                123.203165,
                                41.097709
                            ],
                            [
                                123.202044,
                                41.098321
                            ],
                            [
                                123.200859,
                                41.099173
                            ],
                            [
                                123.200439,
                                41.099748
                            ],
                            [
                                123.200324,
                                41.10049
                            ],
                            [
                                123.199835,
                                41.100939
                            ],
                            [
                                123.19931,
                                41.101993
                            ],
                            [
                                123.199052,
                                41.102975
                            ],
                            [
                                123.198624,
                                41.103328
                            ],
                            [
                                123.198461,
                                41.103341
                            ],
                            [
                                123.197519,
                                41.102232
                            ],
                            [
                                123.197031,
                                41.101858
                            ],
                            [
                                123.194793,
                                41.102167
                            ],
                            [
                                123.194555,
                                41.102169
                            ],
                            [
                                123.193972,
                                41.101873
                            ],
                            [
                                123.193596,
                                41.101876
                            ],
                            [
                                123.193015,
                                41.102149
                            ],
                            [
                                123.192675,
                                41.102492
                            ],
                            [
                                123.192442,
                                41.102575
                            ],
                            [
                                123.191483,
                                41.102206
                            ],
                            [
                                123.189688,
                                41.102254
                            ],
                            [
                                123.18958,
                                41.102314
                            ],
                            [
                                123.189292,
                                41.102912
                            ],
                            [
                                123.18923,
                                41.104783
                            ],
                            [
                                123.188874,
                                41.105179
                            ],
                            [
                                123.187612,
                                41.105576
                            ],
                            [
                                123.185254,
                                41.105684
                            ],
                            [
                                123.183957,
                                41.106055
                            ],
                            [
                                123.183138,
                                41.106018
                            ],
                            [
                                123.182032,
                                41.105692
                            ],
                            [
                                123.181646,
                                41.105262
                            ],
                            [
                                123.18125,
                                41.104407
                            ],
                            [
                                123.180574,
                                41.103656
                            ],
                            [
                                123.179217,
                                41.10258
                            ],
                            [
                                123.178867,
                                41.102162
                            ],
                            [
                                123.178494,
                                41.101254
                            ],
                            [
                                123.178068,
                                41.100854
                            ],
                            [
                                123.177219,
                                41.100415
                            ],
                            [
                                123.176834,
                                41.100312
                            ],
                            [
                                123.174783,
                                41.100245
                            ],
                            [
                                123.173028,
                                41.100382
                            ],
                            [
                                123.172853,
                                41.100242
                            ],
                            [
                                123.172928,
                                41.099798
                            ],
                            [
                                123.172653,
                                41.099146
                            ],
                            [
                                123.172275,
                                41.098838
                            ],
                            [
                                123.171892,
                                41.098664
                            ],
                            [
                                123.171078,
                                41.098699
                            ],
                            [
                                123.169653,
                                41.099058
                            ],
                            [
                                123.166526,
                                41.098145
                            ],
                            [
                                123.16602,
                                41.098155
                            ],
                            [
                                123.165272,
                                41.098576
                            ],
                            [
                                123.164178,
                                41.098697
                            ],
                            [
                                123.163477,
                                41.098918
                            ],
                            [
                                123.162598,
                                41.099013
                            ],
                            [
                                123.161749,
                                41.099528
                            ],
                            [
                                123.161008,
                                41.10048
                            ],
                            [
                                123.160457,
                                41.100945
                            ],
                            [
                                123.158882,
                                41.101727
                            ],
                            [
                                123.1587,
                                41.101916
                            ],
                            [
                                123.158191,
                                41.102734
                            ],
                            [
                                123.158061,
                                41.103108
                            ],
                            [
                                123.157929,
                                41.10438
                            ],
                            [
                                123.1572,
                                41.104794
                            ],
                            [
                                123.155858,
                                41.10604
                            ],
                            [
                                123.155402,
                                41.106243
                            ],
                            [
                                123.155139,
                                41.106243
                            ],
                            [
                                123.154584,
                                41.105854
                            ],
                            [
                                123.153474,
                                41.105303
                            ],
                            [
                                123.151126,
                                41.104324
                            ],
                            [
                                123.149934,
                                41.10369
                            ],
                            [
                                123.148805,
                                41.103237
                            ],
                            [
                                123.147881,
                                41.102995
                            ],
                            [
                                123.145302,
                                41.10186
                            ],
                            [
                                123.145062,
                                41.101918
                            ],
                            [
                                123.144569,
                                41.102528
                            ],
                            [
                                123.143735,
                                41.103203
                            ],
                            [
                                123.142994,
                                41.103993
                            ],
                            [
                                123.141637,
                                41.106032
                            ],
                            [
                                123.140696,
                                41.107184
                            ],
                            [
                                123.140816,
                                41.107305
                            ],
                            [
                                123.146732,
                                41.108258
                            ],
                            [
                                123.146795,
                                41.108298
                            ],
                            [
                                123.146817,
                                41.110295
                            ],
                            [
                                123.146785,
                                41.11057
                            ],
                            [
                                123.146018,
                                41.112466
                            ],
                            [
                                123.146289,
                                41.113635
                            ],
                            [
                                123.146121,
                                41.114263
                            ],
                            [
                                123.145658,
                                41.114629
                            ],
                            [
                                123.14516,
                                41.114856
                            ],
                            [
                                123.145082,
                                41.115064
                            ],
                            [
                                123.145197,
                                41.115854
                            ],
                            [
                                123.14568,
                                41.117077
                            ],
                            [
                                123.14513,
                                41.11805
                            ],
                            [
                                123.145127,
                                41.119054
                            ],
                            [
                                123.144817,
                                41.119571
                            ],
                            [
                                123.144266,
                                41.120081
                            ],
                            [
                                123.143983,
                                41.121328
                            ],
                            [
                                123.14352,
                                41.122096
                            ],
                            [
                                123.143778,
                                41.122932
                            ],
                            [
                                123.143683,
                                41.123368
                            ],
                            [
                                123.143209,
                                41.12438
                            ],
                            [
                                123.143054,
                                41.125015
                            ],
                            [
                                123.142523,
                                41.125773
                            ],
                            [
                                123.142633,
                                41.12611
                            ],
                            [
                                123.143074,
                                41.126837
                            ],
                            [
                                123.144932,
                                41.128816
                            ],
                            [
                                123.145433,
                                41.128941
                            ],
                            [
                                123.147718,
                                41.129142
                            ],
                            [
                                123.147641,
                                41.130322
                            ],
                            [
                                123.147901,
                                41.131213
                            ],
                            [
                                123.147891,
                                41.131519
                            ],
                            [
                                123.147681,
                                41.132115
                            ],
                            [
                                123.147163,
                                41.132887
                            ],
                            [
                                123.14679,
                                41.133837
                            ],
                            [
                                123.14549,
                                41.134647
                            ],
                            [
                                123.144328,
                                41.134718
                            ],
                            [
                                123.143007,
                                41.13513
                            ],
                            [
                                123.142669,
                                41.135556
                            ],
                            [
                                123.142351,
                                41.136355
                            ],
                            [
                                123.141234,
                                41.136234
                            ],
                            [
                                123.141046,
                                41.136397
                            ],
                            [
                                123.141822,
                                41.136983
                            ],
                            [
                                123.140145,
                                41.137191
                            ],
                            [
                                123.140097,
                                41.137784
                            ],
                            [
                                123.139859,
                                41.138449
                            ],
                            [
                                123.139859,
                                41.138856
                            ],
                            [
                                123.139995,
                                41.139346
                            ],
                            [
                                123.139869,
                                41.139858
                            ],
                            [
                                123.141044,
                                41.140423
                            ],
                            [
                                123.14188,
                                41.141221
                            ],
                            [
                                123.1435,
                                41.141208
                            ],
                            [
                                123.142979,
                                41.144505
                            ],
                            [
                                123.142911,
                                41.145379
                            ],
                            [
                                123.143244,
                                41.145658
                            ],
                            [
                                123.144539,
                                41.145761
                            ],
                            [
                                123.144802,
                                41.145889
                            ],
                            [
                                123.14521,
                                41.146645
                            ],
                            [
                                123.145703,
                                41.146876
                            ],
                            [
                                123.146752,
                                41.146946
                            ],
                            [
                                123.147638,
                                41.1476
                            ],
                            [
                                123.147774,
                                41.148647
                            ],
                            [
                                123.147909,
                                41.148936
                            ],
                            [
                                123.148948,
                                41.149985
                            ],
                            [
                                123.149263,
                                41.150352
                            ],
                            [
                                123.149439,
                                41.151061
                            ],
                            [
                                123.148948,
                                41.151447
                            ],
                            [
                                123.148878,
                                41.15165
                            ],
                            [
                                123.149544,
                                41.152739
                            ],
                            [
                                123.149371,
                                41.154042
                            ],
                            [
                                123.149163,
                                41.154212
                            ],
                            [
                                123.147966,
                                41.154301
                            ],
                            [
                                123.14713,
                                41.154858
                            ],
                            [
                                123.145605,
                                41.154399
                            ],
                            [
                                123.145205,
                                41.154368
                            ],
                            [
                                123.144859,
                                41.154466
                            ],
                            [
                                123.144063,
                                41.155144
                            ],
                            [
                                123.143172,
                                41.155605
                            ],
                            [
                                123.142358,
                                41.156273
                            ],
                            [
                                123.140758,
                                41.156978
                            ],
                            [
                                123.140217,
                                41.157327
                            ],
                            [
                                123.139924,
                                41.157689
                            ],
                            [
                                123.139256,
                                41.158146
                            ],
                            [
                                123.137143,
                                41.158028
                            ],
                            [
                                123.137228,
                                41.15833
                            ],
                            [
                                123.137008,
                                41.15982
                            ],
                            [
                                123.136217,
                                41.16081
                            ],
                            [
                                123.135738,
                                41.161556
                            ],
                            [
                                123.135691,
                                41.161831
                            ],
                            [
                                123.135956,
                                41.163505
                            ],
                            [
                                123.135435,
                                41.163784
                            ],
                            [
                                123.135067,
                                41.163834
                            ],
                            [
                                123.13347,
                                41.163661
                            ],
                            [
                                123.133039,
                                41.163904
                            ],
                            [
                                123.132458,
                                41.163746
                            ],
                            [
                                123.132173,
                                41.163899
                            ],
                            [
                                123.132166,
                                41.164175
                            ],
                            [
                                123.132438,
                                41.165108
                            ],
                            [
                                123.132786,
                                41.165874
                            ],
                            [
                                123.131692,
                                41.165836
                            ],
                            [
                                123.13148,
                                41.16595
                            ],
                            [
                                123.131152,
                                41.167018
                            ],
                            [
                                123.130468,
                                41.167588
                            ],
                            [
                                123.130451,
                                41.167764
                            ],
                            [
                                123.130658,
                                41.168361
                            ],
                            [
                                123.130408,
                                41.168585
                            ],
                            [
                                123.130368,
                                41.168832
                            ],
                            [
                                123.130846,
                                41.169306
                            ],
                            [
                                123.130506,
                                41.169488
                            ],
                            [
                                123.130538,
                                41.170772
                            ],
                            [
                                123.130315,
                                41.171743
                            ],
                            [
                                123.13017,
                                41.172973
                            ],
                            [
                                123.129917,
                                41.173538
                            ],
                            [
                                123.129406,
                                41.174088
                            ],
                            [
                                123.128367,
                                41.17452
                            ],
                            [
                                123.126254,
                                41.174915
                            ],
                            [
                                123.123247,
                                41.176016
                            ],
                            [
                                123.122421,
                                41.176162
                            ],
                            [
                                123.121635,
                                41.176103
                            ],
                            [
                                123.121069,
                                41.175878
                            ],
                            [
                                123.120736,
                                41.175885
                            ],
                            [
                                123.120023,
                                41.176448
                            ],
                            [
                                123.119337,
                                41.177227
                            ],
                            [
                                123.119219,
                                41.177855
                            ],
                            [
                                123.119297,
                                41.178778
                            ],
                            [
                                123.119146,
                                41.179094
                            ],
                            [
                                123.119299,
                                41.179861
                            ],
                            [
                                123.119299,
                                41.180311
                            ],
                            [
                                123.118999,
                                41.18117
                            ],
                            [
                                123.118793,
                                41.182213
                            ],
                            [
                                123.119109,
                                41.183556
                            ],
                            [
                                123.119056,
                                41.18427
                            ],
                            [
                                123.117336,
                                41.184629
                            ],
                            [
                                123.116122,
                                41.185157
                            ],
                            [
                                123.114712,
                                41.185408
                            ],
                            [
                                123.113413,
                                41.184803
                            ],
                            [
                                123.111698,
                                41.184363
                            ],
                            [
                                123.111114,
                                41.184398
                            ],
                            [
                                123.109893,
                                41.184649
                            ],
                            [
                                123.10967,
                                41.184559
                            ],
                            [
                                123.108055,
                                41.183671
                            ],
                            [
                                123.107802,
                                41.183309
                            ],
                            [
                                123.107679,
                                41.182779
                            ],
                            [
                                123.107472,
                                41.182532
                            ],
                            [
                                123.106398,
                                41.181937
                            ],
                            [
                                123.103593,
                                41.181161
                            ],
                            [
                                123.10305,
                                41.180879
                            ],
                            [
                                123.102322,
                                41.18066
                            ],
                            [
                                123.102111,
                                41.180459
                            ],
                            [
                                123.101853,
                                41.179971
                            ],
                            [
                                123.10131,
                                41.179403
                            ],
                            [
                                123.099603,
                                41.178486
                            ],
                            [
                                123.099287,
                                41.178097
                            ],
                            [
                                123.098779,
                                41.178235
                            ],
                            [
                                123.097211,
                                41.178403
                            ],
                            [
                                123.096152,
                                41.178845
                            ],
                            [
                                123.095599,
                                41.178958
                            ],
                            [
                                123.094615,
                                41.17932
                            ],
                            [
                                123.093569,
                                41.179791
                            ],
                            [
                                123.090599,
                                41.179793
                            ],
                            [
                                123.088178,
                                41.180099
                            ],
                            [
                                123.087775,
                                41.18029
                            ],
                            [
                                123.08755,
                                41.180854
                            ],
                            [
                                123.087342,
                                41.18109
                            ],
                            [
                                123.086804,
                                41.181236
                            ],
                            [
                                123.085907,
                                41.181135
                            ],
                            [
                                123.084267,
                                41.181585
                            ],
                            [
                                123.083386,
                                41.181675
                            ],
                            [
                                123.082935,
                                41.181382
                            ],
                            [
                                123.081636,
                                41.181934
                            ],
                            [
                                123.081053,
                                41.181774
                            ],
                            [
                                123.079603,
                                41.181979
                            ],
                            [
                                123.07905,
                                41.182236
                            ],
                            [
                                123.078857,
                                41.182754
                            ],
                            [
                                123.07746,
                                41.183762
                            ],
                            [
                                123.076576,
                                41.184358
                            ],
                            [
                                123.075615,
                                41.184626
                            ],
                            [
                                123.073171,
                                41.183937
                            ],
                            [
                                123.070675,
                                41.18355
                            ],
                            [
                                123.070394,
                                41.183606
                            ],
                            [
                                123.070081,
                                41.184044
                            ],
                            [
                                123.06913,
                                41.18434
                            ],
                            [
                                123.068199,
                                41.184274
                            ],
                            [
                                123.067375,
                                41.184011
                            ],
                            [
                                123.066464,
                                41.183596
                            ],
                            [
                                123.065825,
                                41.183727
                            ],
                            [
                                123.065422,
                                41.183606
                            ],
                            [
                                123.064108,
                                41.18383
                            ],
                            [
                                123.063917,
                                41.183789
                            ],
                            [
                                123.063629,
                                41.183375
                            ],
                            [
                                123.063284,
                                41.183179
                            ],
                            [
                                123.062878,
                                41.183134
                            ],
                            [
                                123.062363,
                                41.183276
                            ],
                            [
                                123.061539,
                                41.183633
                            ],
                            [
                                123.061146,
                                41.183653
                            ],
                            [
                                123.063009,
                                41.185557
                            ],
                            [
                                123.061829,
                                41.186175
                            ],
                            [
                                123.060718,
                                41.184823
                            ],
                            [
                                123.060325,
                                41.184704
                            ],
                            [
                                123.060342,
                                41.184999
                            ],
                            [
                                123.061273,
                                41.18766
                            ],
                            [
                                123.05885,
                                41.188007
                            ],
                            [
                                123.060229,
                                41.190717
                            ],
                            [
                                123.057142,
                                41.191482
                            ],
                            [
                                123.059105,
                                41.194567
                            ],
                            [
                                123.060004,
                                41.194061
                            ],
                            [
                                123.061819,
                                41.196007
                            ],
                            [
                                123.058392,
                                41.197271
                            ],
                            [
                                123.060139,
                                41.198391
                            ],
                            [
                                123.06229,
                                41.199084
                            ],
                            [
                                123.062197,
                                41.199839
                            ],
                            [
                                123.06229,
                                41.200485
                            ],
                            [
                                123.062237,
                                41.200756
                            ],
                            [
                                123.062005,
                                41.200756
                            ],
                            [
                                123.061682,
                                41.200175
                            ],
                            [
                                123.060713,
                                41.199985
                            ],
                            [
                                123.06048,
                                41.199256
                            ],
                            [
                                123.059926,
                                41.199202
                            ],
                            [
                                123.058116,
                                41.199266
                            ],
                            [
                                123.056864,
                                41.199407
                            ],
                            [
                                123.056419,
                                41.199236
                            ],
                            [
                                123.056063,
                                41.199295
                            ],
                            [
                                123.056046,
                                41.199788
                            ],
                            [
                                123.056306,
                                41.200829
                            ],
                            [
                                123.056354,
                                41.201465
                            ],
                            [
                                123.056396,
                                41.203024
                            ],
                            [
                                123.056211,
                                41.203113
                            ],
                            [
                                123.052275,
                                41.204609
                            ],
                            [
                                123.050786,
                                41.20441
                            ],
                            [
                                123.050565,
                                41.205623
                            ],
                            [
                                123.045162,
                                41.205451
                            ],
                            [
                                123.044964,
                                41.207962
                            ],
                            [
                                123.044406,
                                41.207836
                            ],
                            [
                                123.044178,
                                41.207435
                            ],
                            [
                                123.04396,
                                41.207348
                            ],
                            [
                                123.038237,
                                41.208446
                            ],
                            [
                                123.037982,
                                41.208348
                            ],
                            [
                                123.037922,
                                41.206945
                            ],
                            [
                                123.037501,
                                41.206681
                            ],
                            [
                                123.036847,
                                41.206684
                            ],
                            [
                                123.035651,
                                41.207196
                            ],
                            [
                                123.035303,
                                41.207109
                            ],
                            [
                                123.03518,
                                41.206774
                            ],
                            [
                                123.034955,
                                41.206576
                            ],
                            [
                                123.034299,
                                41.206312
                            ],
                            [
                                123.034286,
                                41.205311
                            ],
                            [
                                123.030215,
                                41.204926
                            ],
                            [
                                123.030027,
                                41.204616
                            ],
                            [
                                123.030315,
                                41.203146
                            ],
                            [
                                123.030195,
                                41.202569
                            ],
                            [
                                123.029086,
                                41.202861
                            ],
                            [
                                123.029086,
                                41.203024
                            ],
                            [
                                123.027914,
                                41.203342
                            ],
                            [
                                123.027777,
                                41.203191
                            ],
                            [
                                123.02664,
                                41.203477
                            ],
                            [
                                123.026369,
                                41.203681
                            ],
                            [
                                123.026687,
                                41.204722
                            ],
                            [
                                123.026537,
                                41.204765
                            ],
                            [
                                123.026905,
                                41.205801
                            ],
                            [
                                123.022446,
                                41.206837
                            ],
                            [
                                123.02192,
                                41.205831
                            ],
                            [
                                123.020513,
                                41.203754
                            ],
                            [
                                123.01963,
                                41.203444
                            ],
                            [
                                123.016665,
                                41.202882
                            ],
                            [
                                123.016297,
                                41.202474
                            ],
                            [
                                123.016347,
                                41.202213
                            ],
                            [
                                123.016645,
                                41.201828
                            ],
                            [
                                123.01653,
                                41.201606
                            ],
                            [
                                123.016027,
                                41.201322
                            ],
                            [
                                123.014925,
                                41.201106
                            ],
                            [
                                123.014542,
                                41.200746
                            ],
                            [
                                123.01508,
                                41.197297
                            ],
                            [
                                123.01509,
                                41.196779
                            ],
                            [
                                123.014935,
                                41.196485
                            ],
                            [
                                123.014039,
                                41.196419
                            ],
                            [
                                123.012517,
                                41.196125
                            ],
                            [
                                123.01179,
                                41.196145
                            ],
                            [
                                123.011685,
                                41.195888
                            ],
                            [
                                123.01178,
                                41.195637
                            ],
                            [
                                123.011653,
                                41.195443
                            ],
                            [
                                123.010561,
                                41.195067
                            ],
                            [
                                123.00972,
                                41.194396
                            ],
                            [
                                123.00966,
                                41.194167
                            ],
                            [
                                123.010131,
                                41.193472
                            ],
                            [
                                123.010914,
                                41.190885
                            ],
                            [
                                123.010619,
                                41.190863
                            ],
                            [
                                123.009845,
                                41.191152
                            ],
                            [
                                123.009557,
                                41.191177
                            ],
                            [
                                123.00637,
                                41.189161
                            ],
                            [
                                123.006175,
                                41.18907
                            ],
                            [
                                123.00621,
                                41.188744
                            ],
                            [
                                123.005982,
                                41.188513
                            ],
                            [
                                123.003005,
                                41.187912
                            ],
                            [
                                123.00284,
                                41.187987
                            ],
                            [
                                123.002785,
                                41.18846
                            ],
                            [
                                123.002562,
                                41.188553
                            ],
                            [
                                123.00125,
                                41.188581
                            ],
                            [
                                123.000539,
                                41.188085
                            ],
                            [
                                122.99963,
                                41.187998
                            ],
                            [
                                122.999164,
                                41.187763
                            ],
                            [
                                122.997885,
                                41.186806
                            ],
                            [
                                122.997287,
                                41.186667
                            ],
                            [
                                122.996771,
                                41.186919
                            ],
                            [
                                122.995306,
                                41.188342
                            ],
                            [
                                122.994983,
                                41.188236
                            ],
                            [
                                122.994127,
                                41.187279
                            ],
                            [
                                122.993544,
                                41.187607
                            ],
                            [
                                122.992432,
                                41.1868
                            ],
                            [
                                122.992054,
                                41.186652
                            ],
                            [
                                122.99135,
                                41.186572
                            ],
                            [
                                122.990221,
                                41.187577
                            ],
                            [
                                122.990038,
                                41.188153
                            ],
                            [
                                122.98967,
                                41.188727
                            ],
                            [
                                122.99085,
                                41.191301
                            ],
                            [
                                122.991052,
                                41.192014
                            ],
                            [
                                122.990131,
                                41.193877
                            ],
                            [
                                122.989953,
                                41.194451
                            ],
                            [
                                122.990154,
                                41.19531
                            ],
                            [
                                122.989786,
                                41.196029
                            ],
                            [
                                122.989958,
                                41.196875
                            ],
                            [
                                122.985159,
                                41.196751
                            ]
                        ]
                    ]
                ]
            }
        }
    ]
}